,name,link
0,Shabana Azmi,"('Shabana Azmi', 'https://www.imdb.com/name/nm0000818/?ref_=tt_cl_t_1')"
1,Swara Bhasker,"('Swara Bhasker', 'https://www.imdb.com/name/nm3283923/?ref_=tt_cl_t_2')"
2,Divya Dutta,"('Divya Dutta', 'https://www.imdb.com/name/nm0244890/?ref_=tt_cl_t_3')"
3,Jitin Gulati,"('Jitin Gulati', 'https://www.imdb.com/name/nm4028442/?ref_=tt_cl_t_4')"
4,Priya Malik,"('Priya Malik', 'https://www.imdb.com/name/nm6787567/?ref_=tt_cl_t_5')"
5,Kalyanee Mulay,"('Kalyanee Mulay', 'https://www.imdb.com/name/nm5692750/?ref_=tt_cl_t_6')"
6,Tina Alexis Allen,"('Tina Alexis Allen', 'https://www.imdb.com/name/nm1017514/?ref_=tt_cl_t_1')"
7,Nina Binder,"('Nina Binder', 'https://www.imdb.com/name/nm5125507/?ref_=tt_cl_t_2')"
8,Rafael Ortega,"('Rafael Ortega', 'https://www.imdb.com/name/nm9827147/?ref_=tt_cl_t_1')"
9,Ana Marte,"('Ana Marte', 'https://www.imdb.com/name/nm7537564/?ref_=tt_cl_t_2')"
10,Tara Deleon,"('Tara Deleon', 'https://www.imdb.com/name/nm4761355/?ref_=tt_cl_t_3')"
11,Emma LaPlante,"('Emma LaPlante', 'https://www.imdb.com/name/nm4352087/?ref_=tt_cl_t_4')"
12,Arman Bryant,"('Arman Bryant', 'https://www.imdb.com/name/nm11464266/?ref_=tt_cl_t_5')"
13,Brandon Alan Smith,"('Brandon Alan Smith', 'https://www.imdb.com/name/nm3643367/?ref_=tt_cl_t_1')"
14,Telvin Griffin,"('Telvin Griffin', 'https://www.imdb.com/name/nm6666010/?ref_=tt_cl_t_2')"
15,Shelly Snellman,"('Shelly Snellman', 'https://www.imdb.com/name/nm3373422/?ref_=tt_cl_t_3')"
16,Alexandra Siegel,"('Alexandra Siegel', 'https://www.imdb.com/name/nm4951860/?ref_=tt_cl_t_4')"
17,Nathan Marlow,"('Nathan Marlow', 'https://www.imdb.com/name/nm4596018/?ref_=tt_cl_t_5')"
18,Chad Addison,"('Chad Addison', 'https://www.imdb.com/name/nm0168143/?ref_=tt_cl_t_6')"
19,Leif Gantvoort,"('Leif Gantvoort', 'https://www.imdb.com/name/nm0304599/?ref_=tt_cl_t_7')"
20,Travis 'T.J.' Johnson,"(""Travis 'T.J.' Johnson"", 'https://www.imdb.com/name/nm11121559/?ref_=tt_cl_t_8')"
21,I'ke Mitchell,"(""I'ke Mitchell"", 'https://www.imdb.com/name/nm11270566/?ref_=tt_cl_t_9')"
22,Kourtney Jay,"('Kourtney Jay', 'https://www.imdb.com/name/nm7460783/?ref_=tt_cl_t_10')"
23,Fiona Fu,"('Fiona Fu', 'https://www.imdb.com/name/nm4948107/?ref_=tt_cl_t_1')"
24,Laurel Bailey,"('Laurel Bailey', 'https://www.imdb.com/name/nm10878667/?ref_=tt_cl_t_2')"
25,Jeremy Truong,"('Jeremy Truong', 'https://www.imdb.com/name/nm10638309/?ref_=tt_cl_t_3')"
26,Alex Pepin,"('Alex Pepin', 'https://www.imdb.com/name/nm8352111/?ref_=tt_cl_t_4')"
27,Mairin Milton,"('Mairin Milton', 'https://www.imdb.com/name/nm10885559/?ref_=tt_cl_t_5')"
28,Will Moran-MacDonald,"('Will Moran-MacDonald', 'https://www.imdb.com/name/nm10887773/?ref_=tt_cl_t_6')"
29,Lucas Lynggaard,"('Lucas Lynggaard', 'https://www.imdb.com/name/nm5455622/?ref_=tt_cl_t_1')"
30,Flora Augusta,"('Flora Augusta', 'https://www.imdb.com/name/nm12072685/?ref_=tt_cl_t_2')"
31,Rachelle Highbrou,"('Rachelle Highbrou', 'https://www.imdb.com/name/nm10744104/?ref_=tt_cl_t_1')"
32,Rapheal Gavin,"('Rapheal Gavin', 'https://www.imdb.com/name/nm10257186/?ref_=tt_cl_t_2')"
33,Merlin Ripley,"('Merlin Ripley', 'https://www.imdb.com/name/nm10630410/?ref_=tt_cl_t_3')"
34,Marsalis Burton,"('Marsalis Burton', 'https://www.imdb.com/name/nm10902123/?ref_=tt_cl_t_4')"
35,Erick Thompson,"('Erick Thompson', 'https://www.imdb.com/name/nm4050994/?ref_=tt_cl_t_5')"
36,Tristan Morgan,"('Tristan Morgan', 'https://www.imdb.com/name/nm10903689/?ref_=tt_cl_t_1')"
37,Qiaoer Zhang,"('Qiaoer Zhang', 'https://www.imdb.com/name/nm10902896/?ref_=tt_cl_t_1')"
38,Yongkang Peng,"('Yongkang Peng', 'https://www.imdb.com/name/nm10902898/?ref_=tt_cl_t_2')"
39,Xintong Zeng,"('Xintong Zeng', 'https://www.imdb.com/name/nm10902897/?ref_=tt_cl_t_3')"
40,Francesca Hazel Copeland,"('Francesca Hazel Copeland', 'https://www.imdb.com/name/nm4227315/?ref_=tt_cl_t_1')"
41,Tom Cruz,"('Tom Cruz', 'https://www.imdb.com/name/nm10922329/?ref_=tt_cl_t_2')"
42,Mike G.,"('Mike G.', 'https://www.imdb.com/name/nm1943914/?ref_=tt_cl_t_3')"
43,Wilfred Lopez,"('Wilfred Lopez', 'https://www.imdb.com/name/nm6562064/?ref_=tt_cl_t_4')"
44,Constance L. McCrory,"('Constance L. McCrory', 'https://www.imdb.com/name/nm1573640/?ref_=tt_cl_t_5')"
45,Mariano 'Big Dawg' Mendoza,"(""Mariano 'Big Dawg' Mendoza"", 'https://www.imdb.com/name/nm1905783/?ref_=tt_cl_t_6')"
46,Joseph Lee Michael,"('Joseph Lee Michael', 'https://www.imdb.com/name/nm0584151/?ref_=tt_cl_t_7')"
47,Nancy Rodriguez,"('Nancy Rodriguez', 'https://www.imdb.com/name/nm1783578/?ref_=tt_cl_t_8')"
48,Bowen Nielsen,"('Bowen Nielsen', 'https://www.imdb.com/name/nm10925987/?ref_=tt_cl_t_1')"
49,Scott Nielsen,"('Scott Nielsen', 'https://www.imdb.com/name/nm9192981/?ref_=tt_cl_t_2')"
50,Jean-Marc Barr,"('Jean-Marc Barr', 'https://www.imdb.com/name/nm0000852/?ref_=tt_cl_t_1')"
51,Leif Edlund,"('Leif Edlund', 'https://www.imdb.com/name/nm3011554/?ref_=tt_cl_t_2')"
52,Nicolás Pauls,"('Nicolás Pauls', 'https://www.imdb.com/name/nm0667287/?ref_=tt_cl_t_3')"
53,Pauline Chalamet,"('Pauline Chalamet', 'https://www.imdb.com/name/nm6955492/?ref_=tt_cl_t_1')"
54,Dylan Raffin,"('Dylan Raffin', 'https://www.imdb.com/name/nm7154707/?ref_=tt_cl_t_2')"
55,Gunnar de Jong,"('Gunnar de Jong', 'https://www.imdb.com/name/nm4729501/?ref_=tt_cl_t_3')"
56,Eliot Hoff,"('Eliot Hoff', 'https://www.imdb.com/name/nm9247991/?ref_=tt_cl_t_4')"
57,Gaudéric Maléjac,"('Gaudéric Maléjac', 'https://www.imdb.com/name/nm10935321/?ref_=tt_cl_t_5')"
58,Matthieu Butaut,"('Matthieu Butaut', 'https://www.imdb.com/name/nm11575803/?ref_=tt_cl_t_6')"
59,Thierry Caminati,"('Thierry Caminati', 'https://www.imdb.com/name/nm11575801/?ref_=tt_cl_t_7')"
60,Guillaume Erbs,"('Guillaume Erbs', 'https://www.imdb.com/name/nm8820862/?ref_=tt_cl_t_8')"
61,Ania Gauer,"('Ania Gauer', 'https://www.imdb.com/name/nm5507722/?ref_=tt_cl_t_9')"
62,Philippe Gray,"('Philippe Gray', 'https://www.imdb.com/name/nm5058201/?ref_=tt_cl_t_10')"
63,Minji Chang,"('Minji Chang', 'https://www.imdb.com/name/nm6899421/?ref_=tt_cl_t_1')"
64,MASUMI,"('MASUMI', 'https://www.imdb.com/name/nm9579364/?ref_=tt_cl_t_2')"
65,Emily Shah,"('Emily Shah', 'https://www.imdb.com/name/nm2265507/?ref_=tt_cl_t_3')"
66,Kenny Leu,"('Kenny Leu', 'https://www.imdb.com/name/nm3777101/?ref_=tt_cl_t_4')"
67,Jeffrey Sun,"('Jeffrey Sun', 'https://www.imdb.com/name/nm4890520/?ref_=tt_cl_t_5')"
68,Byron James,"('Byron James', 'https://www.imdb.com/name/nm4857699/?ref_=tt_cl_t_6')"
69,Amanda Berke,"('Amanda Berke', 'https://www.imdb.com/name/nm5591013/?ref_=tt_cl_t_7')"
70,Victoria Ma,"('Victoria Ma', 'https://www.imdb.com/name/nm4953297/?ref_=tt_cl_t_8')"
71,Skipper Elekwachi,"('Skipper Elekwachi', 'https://www.imdb.com/name/nm5497074/?ref_=tt_cl_t_9')"
72,Jennii Vo Le,"('Jennii Vo Le', 'https://www.imdb.com/name/nm6519283/?ref_=tt_cl_t_10')"
73,Arianna Addonizio,"('Arianna Addonizio', 'https://www.imdb.com/name/nm10087589/?ref_=tt_cl_t_1')"
74,Rosanna Harrison-Pope,"('Rosanna Harrison-Pope', 'https://www.imdb.com/name/nm7992321/?ref_=tt_cl_t_2')"
75,Kimberley Lasi,"('Kimberley Lasi', 'https://www.imdb.com/name/nm7904264/?ref_=tt_cl_t_3')"
76,Syirin Said,"('Syirin Said', 'https://www.imdb.com/name/nm10575118/?ref_=tt_cl_t_4')"
77,Ben Bocko,"('Ben Bocko', 'https://www.imdb.com/name/nm6968345/?ref_=tt_cl_t_1')"
78,James Ciskanik,"('James Ciskanik', 'https://www.imdb.com/name/nm7192999/?ref_=tt_cl_t_2')"
79,Lourenço de Almeida,"('Lourenço de Almeida', 'https://www.imdb.com/name/nm2513579/?ref_=tt_cl_t_3')"
80,Emily DeVille,"('Emily DeVille', 'https://www.imdb.com/name/nm4238070/?ref_=tt_cl_t_4')"
81,Lucy Boynton,"('Lucy Boynton', 'https://www.imdb.com/name/nm2377903/?ref_=tt_cl_t_1')"
82,Taron Egerton,"('Taron Egerton', 'https://www.imdb.com/name/nm5473782/?ref_=tt_cl_t_2')"
83,Michele Blair,"('Michele Blair', 'https://www.imdb.com/name/nm13006577/?ref_=tt_cl_t_1')"
84,John Henry Richardson,"('John Henry Richardson', 'https://www.imdb.com/name/nm0724604/?ref_=tt_cl_t_2')"
85,Shannon Spangler,"('Shannon Spangler', 'https://www.imdb.com/name/nm6455267/?ref_=tt_cl_t_3')"
86,Denton Williamson,"('Denton Williamson', 'https://www.imdb.com/name/nm11127638/?ref_=tt_cl_t_4')"
87,Jamie Langlands,"('Jamie Langlands', 'https://www.imdb.com/name/nm4247986/?ref_=tt_cl_t_1')"
88,Abi Mcloughlin,"('Abi Mcloughlin', 'https://www.imdb.com/name/nm9363260/?ref_=tt_cl_t_2')"
89,Sophie Flack,"('Sophie Flack', 'https://www.imdb.com/name/nm7274769/?ref_=tt_cl_t_3')"
90,Sally Jones,"('Sally Jones', 'https://www.imdb.com/name/nm11854504/?ref_=tt_cl_t_4')"
91,Lena Richardson,"('Lena Richardson', 'https://www.imdb.com/name/nm10775130/?ref_=tt_cl_t_5')"
92,Ruby-Mae Cooper,"('Ruby-Mae Cooper', 'https://www.imdb.com/name/nm12637141/?ref_=tt_cl_t_6')"
93,Cassie Kramer,"('Cassie Kramer', 'https://www.imdb.com/name/nm3767067/?ref_=tt_cl_t_1')"
94,Akanksha Cruczynski,"('Akanksha Cruczynski', 'https://www.imdb.com/name/nm6003225/?ref_=tt_cl_t_2')"
95,Simon Hedger,"('Simon Hedger', 'https://www.imdb.com/name/nm1169034/?ref_=tt_cl_t_3')"
96,Sophia Rafiqi,"('Sophia Rafiqi', 'https://www.imdb.com/name/nm10395231/?ref_=tt_cl_t_4')"
97,Bisou,"('Bisou', 'https://www.imdb.com/name/nm12470435/?ref_=tt_cl_t_5')"
98,Richard Carlin,"('Richard Carlin', 'https://www.imdb.com/name/nm11002929/?ref_=tt_cl_t_1')"
99,Ellis Hollins,"('Ellis Hollins', 'https://www.imdb.com/name/nm1553626/?ref_=tt_cl_t_2')"
100,David Howell,"('David Howell', 'https://www.imdb.com/name/nm7296621/?ref_=tt_cl_t_3')"
101,Katie Marie-Carter,"('Katie Marie-Carter', 'https://www.imdb.com/name/nm8816236/?ref_=tt_cl_t_4')"
102,Bianca Rudman,"('Bianca Rudman', 'https://www.imdb.com/name/nm5649210/?ref_=tt_cl_t_5')"
103,Vincent Stable,"('Vincent Stable', 'https://www.imdb.com/name/nm5963542/?ref_=tt_cl_t_6')"
104,Abraham Tiyamiyu,"('Abraham Tiyamiyu', 'https://www.imdb.com/name/nm9084474/?ref_=tt_cl_t_7')"
105,Sunniva Lind Høverstad,"('Sunniva Lind Høverstad', 'https://www.imdb.com/name/nm9389354/?ref_=tt_cl_t_1')"
106,Sigurd Myhre,"('Sigurd Myhre', 'https://www.imdb.com/name/nm6053283/?ref_=tt_cl_t_2')"
107,Arianna Fritz,"('Arianna Fritz', 'https://www.imdb.com/name/nm10869268/?ref_=tt_cl_t_1')"
108,Cristina Negucioiu,"('Cristina Negucioiu', 'https://www.imdb.com/name/nm10955540/?ref_=tt_cl_t_2')"
109,Kaidy Kuna,"('Kaidy Kuna', 'https://www.imdb.com/name/nm1330759/?ref_=tt_cl_t_1')"
110,Cecilia Bryant,"('Cecilia Bryant', 'https://www.imdb.com/name/nm5805242/?ref_=tt_cl_t_2')"
111,Jacqueline Lipman,"('Jacqueline Lipman', 'https://www.imdb.com/name/nm11254164/?ref_=tt_cl_t_1')"
112,Alexander Yousri,"('Alexander Yousri', 'https://www.imdb.com/name/nm6439589/?ref_=tt_cl_t_2')"
113,Ciaran John,"('Ciaran John', 'https://www.imdb.com/name/nm10460234/?ref_=tt_cl_t_3')"
114,Scott McGarrick,"('Scott McGarrick', 'https://www.imdb.com/name/nm7633417/?ref_=tt_cl_t_4')"
115,Michael Blundell-Lithco,"('Michael Blundell-Lithco', 'https://www.imdb.com/name/nm8649953/?ref_=tt_cl_t_5')"
116,Yvonne Wan,"('Yvonne Wan', 'https://www.imdb.com/name/nm5156469/?ref_=tt_cl_t_6')"
117,Molly Hemsley,"('Molly Hemsley', 'https://www.imdb.com/name/nm11256933/?ref_=tt_cl_t_7')"
118,George Airey,"('George Airey', 'https://www.imdb.com/name/nm11436565/?ref_=tt_cl_t_8')"
119,Maxime Despiau,"('Maxime Despiau', 'https://www.imdb.com/name/nm10958637/?ref_=tt_cl_t_1')"
120,Charlie Lehodey,"('Charlie Lehodey', 'https://www.imdb.com/name/nm10958639/?ref_=tt_cl_t_2')"
121,Emilie Yili Kang,"('Emilie Yili Kang', 'https://www.imdb.com/name/nm10607439/?ref_=tt_cl_t_3')"
122,Charlie Monteiro Braz,"('Charlie Monteiro Braz', 'https://www.imdb.com/name/nm10961666/?ref_=tt_cl_t_4')"
123,Mathis Lenoir,"('Mathis Lenoir', 'https://www.imdb.com/name/nm10961667/?ref_=tt_cl_t_5')"
124,Dorian Pla-Moreaux,"('Dorian Pla-Moreaux', 'https://www.imdb.com/name/nm10958638/?ref_=tt_cl_t_6')"
125,Sanjay Nath,"('Sanjay Nath', 'https://www.imdb.com/name/nm3884105/?ref_=tt_cl_t_1')"
126,Zachary Coffin,"('Zachary Coffin', 'https://www.imdb.com/name/nm1882579/?ref_=tt_cl_t_2')"
127,Ishit Yamini,"('Ishit Yamini', 'https://www.imdb.com/name/nm10964011/?ref_=tt_cl_t_3')"
128,Annie Thatcher,"('Annie Thatcher', 'https://www.imdb.com/name/nm10965672/?ref_=tt_cl_t_1')"
129,Mitchell Carter,"('Mitchell Carter', 'https://www.imdb.com/name/nm10967741/?ref_=tt_cl_t_2')"
130,Thomas Ruderman,"('Thomas Ruderman', 'https://www.imdb.com/name/nm10967717/?ref_=tt_cl_t_3')"
131,Jenny Jobst,"('Jenny Jobst', 'https://www.imdb.com/name/nm10967743/?ref_=tt_cl_t_4')"
132,Will Finlason,"('Will Finlason', 'https://www.imdb.com/name/nm7226354/?ref_=tt_cl_t_1')"
133,Lara Lemon,"('Lara Lemon', 'https://www.imdb.com/name/nm3738359/?ref_=tt_cl_t_2')"
134,Shaelan O'Connor,"(""Shaelan O'Connor"", 'https://www.imdb.com/name/nm5325620/?ref_=tt_cl_t_1')"
135,Meg DeLacy,"('Meg DeLacy', 'https://www.imdb.com/name/nm4725564/?ref_=tt_cl_t_2')"
136,Thomas Archer,"('Thomas Archer', 'https://www.imdb.com/name/nm2648783/?ref_=tt_cl_t_3')"
137,Andrew Gabriel,"('Andrew Gabriel', 'https://www.imdb.com/name/nm8339235/?ref_=tt_cl_t_4')"
138,Aaron Clelland,"('Aaron Clelland', 'https://www.imdb.com/name/nm8711402/?ref_=tt_cl_t_1')"
139,Joe Cunningham,"('Joe Cunningham', 'https://www.imdb.com/name/nm10812825/?ref_=tt_cl_t_1')"
140,Chuck Teska,"('Chuck Teska', 'https://www.imdb.com/name/nm7585109/?ref_=tt_cl_t_2')"
141,Sheirel Mordaunt,"('Sheirel Mordaunt', 'https://www.imdb.com/name/nm8567208/?ref_=tt_cl_t_3')"
142,Tyrone Jackson,"('Tyrone Jackson', 'https://www.imdb.com/name/nm8803846/?ref_=tt_cl_t_4')"
143,Wyatt Lozano,"('Wyatt Lozano', 'https://www.imdb.com/name/nm7916430/?ref_=tt_cl_t_5')"
144,Jerome Coleman,"('Jerome Coleman', 'https://www.imdb.com/name/nm10948182/?ref_=tt_cl_t_6')"
145,Ronnie Edwards,"('Ronnie Edwards', 'https://www.imdb.com/name/nm10995191/?ref_=tt_cl_t_7')"
146,Aaron Richardson,"('Aaron Richardson', 'https://www.imdb.com/name/nm10995192/?ref_=tt_cl_t_8')"
147,Patricia c Rodriguez,"('Patricia c Rodriguez', 'https://www.imdb.com/name/nm9031393/?ref_=tt_cl_t_9')"
148,Keisha Seals,"('Keisha Seals', 'https://www.imdb.com/name/nm10995194/?ref_=tt_cl_t_10')"
149,Elijah Washington,"('Elijah Washington', 'https://www.imdb.com/name/nm10857088/?ref_=tt_cl_t_1')"
150,Terayle Hill,"('Terayle Hill', 'https://www.imdb.com/name/nm7570216/?ref_=tt_cl_t_2')"
151,Brittney Level,"('Brittney Level', 'https://www.imdb.com/name/nm6067558/?ref_=tt_cl_t_3')"
152,Courtney Nichole,"('Courtney Nichole', 'https://www.imdb.com/name/nm3265564/?ref_=tt_cl_t_4')"
153,Jamald Gardner,"('Jamald Gardner', 'https://www.imdb.com/name/nm4847152/?ref_=tt_cl_t_5')"
154,Aaron Dominguez,"('Aaron Dominguez', 'https://www.imdb.com/name/nm6734881/?ref_=tt_cl_t_6')"
155,Vanoy Burnough,"('Vanoy Burnough', 'https://www.imdb.com/name/nm2153247/?ref_=tt_cl_t_7')"
156,Devin Lampkin Jr.,"('Devin Lampkin Jr.', 'https://www.imdb.com/name/nm12666028/?ref_=tt_cl_t_8')"
157,Josiah Samuelu,"('Josiah Samuelu', 'https://www.imdb.com/name/nm12663019/?ref_=tt_cl_t_9')"
158,Frederick Tabiyus Nah IV,"('Frederick Tabiyus Nah IV', 'https://www.imdb.com/name/nm4678782/?ref_=tt_cl_t_10')"
159,Isabelle Marchand,"('Isabelle Marchand', 'https://www.imdb.com/name/nm10985739/?ref_=tt_cl_t_1')"
160,King Orba,"('King Orba', 'https://www.imdb.com/name/nm0908769/?ref_=tt_cl_t_2')"
161,James Paxton,"('James Paxton', 'https://www.imdb.com/name/nm1412815/?ref_=tt_cl_t_3')"
162,Dayton Sinkia,"('Dayton Sinkia', 'https://www.imdb.com/name/nm4076871/?ref_=tt_cl_t_4')"
163,Omar Maskati,"('Omar Maskati', 'https://www.imdb.com/name/nm5394949/?ref_=tt_cl_t_1')"
164,Ajay Naidu,"('Ajay Naidu', 'https://www.imdb.com/name/nm0619651/?ref_=tt_cl_t_2')"
165,Rizwan Manji,"('Rizwan Manji', 'https://www.imdb.com/name/nm0542492/?ref_=tt_cl_t_3')"
166,Yousef Elrashidy,"('Yousef Elrashidy', 'https://www.imdb.com/name/nm13068284/?ref_=tt_cl_t_1')"
167,Osama Abdallah,"('Osama Abdallah', 'https://www.imdb.com/name/nm8279742/?ref_=tt_cl_t_2')"
168,Doaa Ereikat,"('Doaa Ereikat', 'https://www.imdb.com/name/nm3821728/?ref_=tt_cl_t_3')"
169,Noran Wageh,"('Noran Wageh', 'https://www.imdb.com/name/nm15733868/?ref_=tt_cl_t_4')"
170,Eman Ghoniem,"('Eman Ghoniem', 'https://www.imdb.com/name/nm10076235/?ref_=tt_cl_t_5')"
171,Emilia Jansson,"('Emilia Jansson', 'https://www.imdb.com/name/nm9114630/?ref_=tt_cl_t_1')"
172,Jimi Ylätalo,"('Jimi Ylätalo', 'https://www.imdb.com/name/nm10989706/?ref_=tt_cl_t_2')"
173,Carla Díaz,"('Carla Díaz', 'https://www.imdb.com/name/nm3718425/?ref_=tt_cl_t_1')"
174,Verónica Forqué,"('Verónica Forqué', 'https://www.imdb.com/name/nm0286579/?ref_=tt_cl_t_2')"
175,Allan Wayne Anderson,"('Allan Wayne Anderson', 'https://www.imdb.com/name/nm0026302/?ref_=tt_cl_t_1')"
176,Teon Kelley,"('Teon Kelley', 'https://www.imdb.com/name/nm9297624/?ref_=tt_cl_t_2')"
177,Andrea Clark Meier,"('Andrea Clark Meier', 'https://www.imdb.com/name/nm11000121/?ref_=tt_cl_t_3')"
178,Kyle Rezzarday,"('Kyle Rezzarday', 'https://www.imdb.com/name/nm4530828/?ref_=tt_cl_t_4')"
179,Aileen Burdock,"('Aileen Burdock', 'https://www.imdb.com/name/nm3680986/?ref_=tt_cl_t_1')"
180,Jack McGraw,"('Jack McGraw', 'https://www.imdb.com/name/nm7050523/?ref_=tt_cl_t_2')"
181,Henry Samiri,"('Henry Samiri', 'https://www.imdb.com/name/nm10555862/?ref_=tt_cl_t_3')"
182,Sebastian Rohn,"('Sebastian Rohn', 'https://www.imdb.com/name/nm12415469/?ref_=tt_cl_t_1')"
183,James Ogburn,"('James Ogburn', 'https://www.imdb.com/name/nm11864092/?ref_=tt_cl_t_2')"
184,Wesley Hughes,"('Wesley Hughes', 'https://www.imdb.com/name/nm12415470/?ref_=tt_cl_t_3')"
185,Cindy Henkin,"('Cindy Henkin', 'https://www.imdb.com/name/nm7711798/?ref_=tt_cl_t_4')"
186,Debrah K. Neal,"('Debrah K. Neal', 'https://www.imdb.com/name/nm11833529/?ref_=tt_cl_t_5')"
187,Linda Terborg,"('Linda Terborg', 'https://www.imdb.com/name/nm5966415/?ref_=tt_cl_t_6')"
188,Sarah Hodshire,"('Sarah Hodshire', 'https://www.imdb.com/name/nm12415471/?ref_=tt_cl_t_7')"
189,Kimberly Blaire,"('Kimberly Blaire', 'https://www.imdb.com/name/nm12415472/?ref_=tt_cl_t_8')"
190,Lia Bovinet,"('Lia Bovinet', 'https://www.imdb.com/name/nm10825331/?ref_=tt_cl_t_9')"
191,Ashley Geron,"('Ashley Geron', 'https://www.imdb.com/name/nm12415475/?ref_=tt_cl_t_10')"
192,Gam Fung Chan,"('Gam Fung Chan', 'https://www.imdb.com/name/nm11652277/?ref_=tt_cl_t_1')"
193,Will Cross,"('Will Cross', 'https://www.imdb.com/name/nm10450788/?ref_=tt_cl_t_2')"
194,Eric Yuk Cheung Fung,"('Eric Yuk Cheung Fung', 'https://www.imdb.com/name/nm11652273/?ref_=tt_cl_t_3')"
195,Flora Jae Hara,"('Flora Jae Hara', 'https://www.imdb.com/name/nm11268047/?ref_=tt_cl_t_4')"
196,Jam Kwan,"('Jam Kwan', 'https://www.imdb.com/name/nm11006590/?ref_=tt_cl_t_5')"
197,Bo Jai Lee,"('Bo Jai Lee', 'https://www.imdb.com/name/nm11652279/?ref_=tt_cl_t_6')"
198,Gary Yiu Tong Lee,"('Gary Yiu Tong Lee', 'https://www.imdb.com/name/nm11652271/?ref_=tt_cl_t_7')"
199,Dick Lei,"('Dick Lei', 'https://www.imdb.com/name/nm11006591/?ref_=tt_cl_t_8')"
200,Iwan Wai Fung Mok,"('Iwan Wai Fung Mok', 'https://www.imdb.com/name/nm11652276/?ref_=tt_cl_t_9')"
201,Sebastian Mok,"('Sebastian Mok', 'https://www.imdb.com/name/nm8384342/?ref_=tt_cl_t_10')"
202,Alicia Hechavarría,"('Alicia Hechavarría', 'https://www.imdb.com/name/nm3711212/?ref_=tt_cl_t_1')"
203,Jorge Luis Álvarez,"('Jorge Luis Álvarez', 'https://www.imdb.com/name/nm0959462/?ref_=tt_cl_t_2')"
204,Fernando Hechavarria,"('Fernando Hechavarria', 'https://www.imdb.com/name/nm7216916/?ref_=tt_cl_t_3')"
205,Carlos Miguel Caballero,"('Carlos Miguel Caballero', 'https://www.imdb.com/name/nm0127426/?ref_=tt_cl_t_4')"
206,Yaniel Castillo,"('Yaniel Castillo', 'https://www.imdb.com/name/nm4484101/?ref_=tt_cl_t_5')"
207,Matthew Ryan,"('Matthew Ryan', 'https://www.imdb.com/name/nm11273391/?ref_=tt_cl_t_6')"
208,Ashley Behrend,"('Ashley Behrend', 'https://www.imdb.com/name/nm10488447/?ref_=tt_cl_t_1')"
209,Brandel Butler,"('Brandel Butler', 'https://www.imdb.com/name/nm8243173/?ref_=tt_cl_t_2')"
210,T.O. Dee,"('T.O. Dee', 'https://www.imdb.com/name/nm6889397/?ref_=tt_cl_t_1')"
211,Kathleen Chalfant,"('Kathleen Chalfant', 'https://www.imdb.com/name/nm0149910/?ref_=tt_cl_t_1')"
212,Clara Chen,"('Clara Chen', 'https://www.imdb.com/name/nm11046366/?ref_=tt_cl_t_2')"
213,Toby Mitchell,"('Toby Mitchell', 'https://www.imdb.com/name/nm5194055/?ref_=tt_cl_t_1')"
214,Kahmal Sealey,"('Kahmal Sealey', 'https://www.imdb.com/name/nm7579670/?ref_=tt_cl_t_2')"
215,Emma Nihill,"('Emma Nihill', 'https://www.imdb.com/name/nm11024756/?ref_=tt_cl_t_3')"
216,David Fenne,"('David Fenne', 'https://www.imdb.com/name/nm11024757/?ref_=tt_cl_t_4')"
217,May Kelly,"('May Kelly', 'https://www.imdb.com/name/nm8816235/?ref_=tt_cl_t_5')"
218,Jacob Sherwood,"('Jacob Sherwood', 'https://www.imdb.com/name/nm4547667/?ref_=tt_cl_t_6')"
219,Tom Morgan,"('Tom Morgan', 'https://www.imdb.com/name/nm10098107/?ref_=tt_cl_t_7')"
220,Delilah Dennet,"('Delilah Dennet', 'https://www.imdb.com/name/nm11024758/?ref_=tt_cl_t_8')"
221,Papi Petrou,"('Papi Petrou', 'https://www.imdb.com/name/nm11024759/?ref_=tt_cl_t_9')"
222,Peter Hodgins,"('Peter Hodgins', 'https://www.imdb.com/name/nm11024990/?ref_=tt_cl_t_1')"
223,Chris James,"('Chris James', 'https://www.imdb.com/name/nm5539575/?ref_=tt_cl_t_2')"
224,Merrill Matthews,"('Merrill Matthews', 'https://www.imdb.com/name/nm0560116/?ref_=tt_cl_t_3')"
225,Nightingale Nguyen,"('Nightingale Nguyen', 'https://www.imdb.com/name/nm8697419/?ref_=tt_cl_t_4')"
226,Nicholas Surges,"('Nicholas Surges', 'https://www.imdb.com/name/nm7496272/?ref_=tt_cl_t_5')"
227,Katharyn Grant,"('Katharyn Grant', 'https://www.imdb.com/name/nm1751327/?ref_=tt_cl_t_1')"
228,Kathy Gloisten,"('Kathy Gloisten', 'https://www.imdb.com/name/nm8983943/?ref_=tt_cl_t_2')"
229,Caleb Liban,"('Caleb Liban', 'https://www.imdb.com/name/nm8358814/?ref_=tt_cl_t_3')"
230,Howard Snooks,"('Howard Snooks', 'https://www.imdb.com/name/nm11026240/?ref_=tt_cl_t_4')"
231,Julia Arteaga,"('Julia Arteaga', 'https://www.imdb.com/name/nm6868014/?ref_=tt_cl_t_1')"
232,Alexis Cervantes,"('Alexis Cervantes', 'https://www.imdb.com/name/nm6386743/?ref_=tt_cl_t_2')"
233,Sabrina Hartmann,"('Sabrina Hartmann', 'https://www.imdb.com/name/nm11144695/?ref_=tt_cl_t_3')"
234,Wayne Hodges,"('Wayne Hodges', 'https://www.imdb.com/name/nm2625330/?ref_=tt_cl_t_4')"
235,Caleb Jensen,"('Caleb Jensen', 'https://www.imdb.com/name/nm3886012/?ref_=tt_cl_t_5')"
236,Hutton Castrapel,"('Hutton Castrapel', 'https://www.imdb.com/name/nm11041097/?ref_=tt_cl_t_1')"
237,Penelope Kapudija,"('Penelope Kapudija', 'https://www.imdb.com/name/nm10099225/?ref_=tt_cl_t_2')"
238,Patrick Merveille,"('Patrick Merveille', 'https://www.imdb.com/name/nm9834637/?ref_=tt_cl_t_3')"
239,Mike Ossedryver,"('Mike Ossedryver', 'https://www.imdb.com/name/nm7901250/?ref_=tt_cl_t_4')"
240,Lauren Schoepfer,"('Lauren Schoepfer', 'https://www.imdb.com/name/nm6943074/?ref_=tt_cl_t_5')"
241,Calista Althouse,"('Calista Althouse', 'https://www.imdb.com/name/nm11033649/?ref_=tt_cl_t_1')"
242,Maya Holcomb,"('Maya Holcomb', 'https://www.imdb.com/name/nm11033648/?ref_=tt_cl_t_2')"
243,Natasha Maidoff,"('Natasha Maidoff', 'https://www.imdb.com/name/nm2486339/?ref_=tt_cl_t_3')"
244,Ali Wasdovich,"('Ali Wasdovich', 'https://www.imdb.com/name/nm7804778/?ref_=tt_cl_t_4')"
245,Wilhelm Johansson,"('Wilhelm Johansson', 'https://www.imdb.com/name/nm6825447/?ref_=tt_cl_t_1')"
246,Rasmus Luthander,"('Rasmus Luthander', 'https://www.imdb.com/name/nm2968370/?ref_=tt_cl_t_2')"
247,Viktor Medom,"('Viktor Medom', 'https://www.imdb.com/name/nm10672755/?ref_=tt_cl_t_3')"
248,Megan McEleny,"('Megan McEleny', 'https://www.imdb.com/name/nm11040166/?ref_=tt_cl_t_1')"
249,Duncan Airlie James,"('Duncan Airlie James', 'https://www.imdb.com/name/nm3461674/?ref_=tt_cl_t_2')"
250,Ben Paterson,"('Ben Paterson', 'https://www.imdb.com/name/nm11040168/?ref_=tt_cl_t_3')"
251,Kirsty Scott,"('Kirsty Scott', 'https://www.imdb.com/name/nm11040167/?ref_=tt_cl_t_4')"
252,Julie Ann Earls,"('Julie Ann Earls', 'https://www.imdb.com/name/nm3582612/?ref_=tt_cl_t_1')"
253,Alex Mandell,"('Alex Mandell', 'https://www.imdb.com/name/nm4614098/?ref_=tt_cl_t_2')"
254,Neha Sharma,"('Neha Sharma', 'https://www.imdb.com/name/nm2777281/?ref_=tt_cl_t_1')"
255,Anshul Chauhan,"('Anshul Chauhan', 'https://www.imdb.com/name/nm9175747/?ref_=tt_cl_t_2')"
256,Halima Set,"('Halima Set', 'https://www.imdb.com/name/nm11041964/?ref_=tt_cl_t_1')"
257,Aisha Set,"('Aisha Set', 'https://www.imdb.com/name/nm11041965/?ref_=tt_cl_t_2')"
258,Bilan Robleh,"('Bilan Robleh', 'https://www.imdb.com/name/nm11041942/?ref_=tt_cl_t_3')"
259,John Staudenmeier,"('John Staudenmeier', 'https://www.imdb.com/name/nm11045029/?ref_=tt_cl_t_1')"
260,J.Allyn Bivins,"('J.Allyn Bivins', 'https://www.imdb.com/name/nm10533950/?ref_=tt_cl_t_2')"
261,Jeff Macauley,"('Jeff Macauley', 'https://www.imdb.com/name/nm10965009/?ref_=tt_cl_t_3')"
262,Ron Manahan,"('Ron Manahan', 'https://www.imdb.com/name/nm11045031/?ref_=tt_cl_t_4')"
263,Charlotte Salisbury,"('Charlotte Salisbury', 'https://www.imdb.com/name/nm8316409/?ref_=tt_cl_t_1')"
264,Noah Gibney,"('Noah Gibney', 'https://www.imdb.com/name/nm9705508/?ref_=tt_cl_t_2')"
265,Patrick Speagle,"('Patrick Speagle', 'https://www.imdb.com/name/nm9872005/?ref_=tt_cl_t_3')"
266,Natalie Farrow,"('Natalie Farrow', 'https://www.imdb.com/name/nm4746242/?ref_=tt_cl_t_1')"
267,Alison Wandzura,"('Alison Wandzura', 'https://www.imdb.com/name/nm3004926/?ref_=tt_cl_t_2')"
268,Jacqueline Robbins,"('Jacqueline Robbins', 'https://www.imdb.com/name/nm0730362/?ref_=tt_cl_t_3')"
269,Joyce Robbins,"('Joyce Robbins', 'https://www.imdb.com/name/nm0730391/?ref_=tt_cl_t_4')"
270,Matt Montgomery,"('Matt Montgomery', 'https://www.imdb.com/name/nm7543240/?ref_=tt_cl_t_5')"
271,Taylor Ann,"('Taylor Ann', 'https://www.imdb.com/name/nm11052869/?ref_=tt_cl_t_1')"
272,Sandra Kole,"('Sandra Kole', 'https://www.imdb.com/name/nm11052868/?ref_=tt_cl_t_2')"
273,Amy Jane Lawley,"('Amy Jane Lawley', 'https://www.imdb.com/name/nm9056214/?ref_=tt_cl_t_3')"
274,Rod McTaggart,"('Rod McTaggart', 'https://www.imdb.com/name/nm5112460/?ref_=tt_cl_t_4')"
275,Bill Sleno,"('Bill Sleno', 'https://www.imdb.com/name/nm9175630/?ref_=tt_cl_t_5')"
276,Vinnie Coppola,"('Vinnie Coppola', 'https://www.imdb.com/name/nm4255192/?ref_=tt_cl_t_1')"
277,Allison McCormack,"('Allison McCormack', 'https://www.imdb.com/name/nm8603193/?ref_=tt_cl_t_2')"
278,Marian Melancon,"('Marian Melancon', 'https://www.imdb.com/name/nm4328835/?ref_=tt_cl_t_3')"
279,Travis Seaborn,"('Travis Seaborn', 'https://www.imdb.com/name/nm3041531/?ref_=tt_cl_t_4')"
280,Tommy Tallarino,"('Tommy Tallarino', 'https://www.imdb.com/name/nm1633171/?ref_=tt_cl_t_5')"
281,Michael Vitiello,"('Michael Vitiello', 'https://www.imdb.com/name/nm2493935/?ref_=tt_cl_t_6')"
282,Leo Solomon,"('Leo Solomon', 'https://www.imdb.com/name/nm2390533/?ref_=tt_cl_t_1')"
283,Siraj Huda,"('Siraj Huda', 'https://www.imdb.com/name/nm4015117/?ref_=tt_cl_t_2')"
284,Liza Ramdeen,"('Liza Ramdeen', 'https://www.imdb.com/name/nm11058883/?ref_=tt_cl_t_3')"
285,Nazario Agramonte,"('Nazario Agramonte', 'https://www.imdb.com/name/nm9935824/?ref_=tt_cl_t_4')"
286,Morgan Booker,"('Morgan Booker', 'https://www.imdb.com/name/nm6782842/?ref_=tt_cl_t_5')"
287,Gregory Grage,"('Gregory Grage', 'https://www.imdb.com/name/nm11060750/?ref_=tt_cl_t_6')"
288,Sofiya Lopez,"('Sofiya Lopez', 'https://www.imdb.com/name/nm11060747/?ref_=tt_cl_t_7')"
289,Ruth Mirra,"('Ruth Mirra', 'https://www.imdb.com/name/nm11060751/?ref_=tt_cl_t_8')"
290,Natalie Sena Murray,"('Natalie Sena Murray', 'https://www.imdb.com/name/nm8373801/?ref_=tt_cl_t_9')"
291,Rebecca Nyahay,"('Rebecca Nyahay', 'https://www.imdb.com/name/nm3352896/?ref_=tt_cl_t_10')"
292,Anila Balla,"('Anila Balla', 'https://www.imdb.com/name/nm8361969/?ref_=tt_cl_t_1')"
293,Visar Luli,"('Visar Luli', 'https://www.imdb.com/name/nm11060240/?ref_=tt_cl_t_2')"
294,Edon Petani,"('Edon Petani', 'https://www.imdb.com/name/nm11060239/?ref_=tt_cl_t_3')"
295,Kastriot Shehi,"('Kastriot Shehi', 'https://www.imdb.com/name/nm1400021/?ref_=tt_cl_t_4')"
296,Marcos de la Rosa,"('Marcos de la Rosa', 'https://www.imdb.com/name/nm6088866/?ref_=tt_cl_t_1')"
297,Elisabeth Angulo,"('Elisabeth Angulo', 'https://www.imdb.com/name/nm1564002/?ref_=tt_cl_t_2')"
298,José Fopiani,"('José Fopiani', 'https://www.imdb.com/name/nm2483479/?ref_=tt_cl_t_3')"
299,Pau Blanch,"('Pau Blanch', 'https://www.imdb.com/name/nm6933022/?ref_=tt_cl_t_4')"
300,Iris Cirvian Morena,"('Iris Cirvian Morena', 'https://www.imdb.com/name/nm11065676/?ref_=tt_cl_t_5')"
301,Kenji Shimohira,"('Kenji Shimohira', 'https://www.imdb.com/name/nm11065677/?ref_=tt_cl_t_6')"
302,Alexander Torres,"('Alexander Torres', 'https://www.imdb.com/name/nm11065675/?ref_=tt_cl_t_7')"
303,Carolyn Grundman,"('Carolyn Grundman', 'https://www.imdb.com/name/nm8058177/?ref_=tt_cl_t_1')"
304,Valerie Gould,"('Valerie Gould', 'https://www.imdb.com/name/nm9135238/?ref_=tt_cl_t_2')"
305,Curtis Fortier,"('Curtis Fortier', 'https://www.imdb.com/name/nm1397871/?ref_=tt_cl_t_3')"
306,Milda Dacys,"('Milda Dacys', 'https://www.imdb.com/name/nm1988213/?ref_=tt_cl_t_4')"
307,Vitaly Gk,"('Vitaly Gk', 'https://www.imdb.com/name/nm10096541/?ref_=tt_cl_t_5')"
308,Paul Keating,"('Paul Keating', 'https://www.imdb.com/name/nm10578337/?ref_=tt_cl_t_6')"
309,Karenssa LeGear,"('Karenssa LeGear', 'https://www.imdb.com/name/nm1851093/?ref_=tt_cl_t_7')"
310,Adam Noble,"('Adam Noble', 'https://www.imdb.com/name/nm1179632/?ref_=tt_cl_t_8')"
311,Erzsébet Ecsedi,"('Erzsébet Ecsedi', 'https://www.imdb.com/name/nm2080660/?ref_=tt_cl_t_1')"
312,Adél Jordán,"('Adél Jordán', 'https://www.imdb.com/name/nm1300167/?ref_=tt_cl_t_2')"
313,Andor Lukáts,"('Andor Lukáts', 'https://www.imdb.com/name/nm0525773/?ref_=tt_cl_t_3')"
314,Maya Vágó,"('Maya Vágó', 'https://www.imdb.com/name/nm12579992/?ref_=tt_cl_t_4')"
315,Pony Nicole Herauf,"('Pony Nicole Herauf', 'https://www.imdb.com/name/nm9416872/?ref_=tt_cl_t_1')"
316,Mattie Driscoll,"('Mattie Driscoll', 'https://www.imdb.com/name/nm10580518/?ref_=tt_cl_t_2')"
317,Dante Emmanuel,"('Dante Emmanuel', 'https://www.imdb.com/name/nm11069265/?ref_=tt_cl_t_3')"
318,Anna Greene,"('Anna Greene', 'https://www.imdb.com/name/nm11583130/?ref_=tt_cl_t_1')"
319,Graham Jenkins,"('Graham Jenkins', 'https://www.imdb.com/name/nm5489282/?ref_=tt_cl_t_2')"
320,Joy Del Valle,"('Joy Del Valle', 'https://www.imdb.com/name/nm4791748/?ref_=tt_cl_t_1')"
321,Riley J. Ewing,"('Riley J. Ewing', 'https://www.imdb.com/name/nm8818281/?ref_=tt_cl_t_2')"
322,Alec Irion,"('Alec Irion', 'https://www.imdb.com/name/nm11062011/?ref_=tt_cl_t_3')"
323,Sydnee Savannah Williams,"('Sydnee Savannah Williams', 'https://www.imdb.com/name/nm11070758/?ref_=tt_cl_t_4')"
324,Angelina Karo,"('Angelina Karo', 'https://www.imdb.com/name/nm10715886/?ref_=tt_cl_t_1')"
325,Shannon Mitchell,"('Shannon Mitchell', 'https://www.imdb.com/name/nm10164558/?ref_=tt_cl_t_2')"
326,Steven P. Nemphos,"('Steven P. Nemphos', 'https://www.imdb.com/name/nm7070138/?ref_=tt_cl_t_3')"
327,Cameron Hamilton,"('Cameron Hamilton', 'https://www.imdb.com/name/nm10744945/?ref_=tt_cl_t_4')"
328,Lynn Allinger,"('Lynn Allinger', 'https://www.imdb.com/name/nm10372415/?ref_=tt_cl_t_5')"
329,Michael Condron,"('Michael Condron', 'https://www.imdb.com/name/nm1638006/?ref_=tt_cl_t_1')"
330,Mary-Frances Doherty,"('Mary-Frances Doherty', 'https://www.imdb.com/name/nm4415784/?ref_=tt_cl_t_2')"
331,James Fitzsimons,"('James Fitzsimons', 'https://www.imdb.com/name/nm11075990/?ref_=tt_cl_t_3')"
332,Kai Johnson,"('Kai Johnson', 'https://www.imdb.com/name/nm7803143/?ref_=tt_cl_t_1')"
333,Nerida Bronwen,"('Nerida Bronwen', 'https://www.imdb.com/name/nm6059574/?ref_=tt_cl_t_2')"
334,Patrick Hambrick,"('Patrick Hambrick', 'https://www.imdb.com/name/nm2813806/?ref_=tt_cl_t_3')"
335,Em Siobhan McCourt,"('Em Siobhan McCourt', 'https://www.imdb.com/name/nm6094819/?ref_=tt_cl_t_1')"
336,Corben Kushneryk,"('Corben Kushneryk', 'https://www.imdb.com/name/nm8470949/?ref_=tt_cl_t_2')"
337,Bernadette Janssen,"('Bernadette Janssen', 'https://www.imdb.com/name/nm7088863/?ref_=tt_cl_t_3')"
338,Rae Farrer,"('Rae Farrer', 'https://www.imdb.com/name/nm2716623/?ref_=tt_cl_t_4')"
339,Frederik Carlsen,"('Frederik Carlsen', 'https://www.imdb.com/name/nm6160354/?ref_=tt_cl_t_1')"
340,Miriam Majcherek,"('Miriam Majcherek', 'https://www.imdb.com/name/nm10796178/?ref_=tt_cl_t_2')"
341,Mie Gren,"('Mie Gren', 'https://www.imdb.com/name/nm9124190/?ref_=tt_cl_t_3')"
342,Peter Gantzler,"('Peter Gantzler', 'https://www.imdb.com/name/nm0304644/?ref_=tt_cl_t_4')"
343,Claus Flygare,"('Claus Flygare', 'https://www.imdb.com/name/nm0283389/?ref_=tt_cl_t_5')"
344,Katrine Bogh,"('Katrine Bogh', 'https://www.imdb.com/name/nm10566393/?ref_=tt_cl_t_6')"
345,Lasse Voss,"('Lasse Voss', 'https://www.imdb.com/name/nm6586563/?ref_=tt_cl_t_7')"
346,Siff Andersson,"('Siff Andersson', 'https://www.imdb.com/name/nm6417570/?ref_=tt_cl_t_8')"
347,Daniel B. Dikov,"('Daniel B. Dikov', 'https://www.imdb.com/name/nm10420004/?ref_=tt_cl_t_9')"
348,Hanne Løvendahl,"('Hanne Løvendahl', 'https://www.imdb.com/name/nm1412133/?ref_=tt_cl_t_10')"
349,Simon Carl Köber,"('Simon Carl Köber', 'https://www.imdb.com/name/nm11085050/?ref_=tt_cl_t_1')"
350,Jennifer Toman,"('Jennifer Toman', 'https://www.imdb.com/name/nm11085051/?ref_=tt_cl_t_2')"
351,Mia Maria Müller,"('Mia Maria Müller', 'https://www.imdb.com/name/nm11085052/?ref_=tt_cl_t_3')"
352,Regina Felber,"('Regina Felber', 'https://www.imdb.com/name/nm11125277/?ref_=tt_cl_t_4')"
353,Joachim Zerbst,"('Joachim Zerbst', 'https://www.imdb.com/name/nm11085054/?ref_=tt_cl_t_5')"
354,Moritz Modrakowski,"('Moritz Modrakowski', 'https://www.imdb.com/name/nm11125282/?ref_=tt_cl_t_6')"
355,Lene Schwarz,"('Lene Schwarz', 'https://www.imdb.com/name/nm11085055/?ref_=tt_cl_t_7')"
356,Markus Faust,"('Markus Faust', 'https://www.imdb.com/name/nm11085056/?ref_=tt_cl_t_8')"
357,Jens Gringmuth,"('Jens Gringmuth', 'https://www.imdb.com/name/nm11115248/?ref_=tt_cl_t_9')"
358,Maxi Thümer,"('Maxi Thümer', 'https://www.imdb.com/name/nm11085071/?ref_=tt_cl_t_10')"
359,Karen Summerton,"('Karen Summerton', 'https://www.imdb.com/name/nm2572662/?ref_=tt_cl_t_1')"
360,Tamika Pettway,"('Tamika Pettway', 'https://www.imdb.com/name/nm2440955/?ref_=tt_cl_t_2')"
361,Alec Wirth,"('Alec Wirth', 'https://www.imdb.com/name/nm6175359/?ref_=tt_cl_t_3')"
362,Kyran Rodriguez Dogmoch,"('Kyran Rodriguez Dogmoch', 'https://www.imdb.com/name/nm11090003/?ref_=tt_cl_t_1')"
363,Åsmund Brede Eike,"('Åsmund Brede Eike', 'https://www.imdb.com/name/nm0251705/?ref_=tt_cl_t_2')"
364,Tuisku Pekkarinen,"('Tuisku Pekkarinen', 'https://www.imdb.com/name/nm11090004/?ref_=tt_cl_t_3')"
365,Maximiliano Luciuk,"('Maximiliano Luciuk', 'https://www.imdb.com/name/nm10941196/?ref_=tt_cl_t_4')"
366,Karl Adrian Ringdal,"('Karl Adrian Ringdal', 'https://www.imdb.com/name/nm8196249/?ref_=tt_cl_t_5')"
367,Theo Germaine,"('Theo Germaine', 'https://www.imdb.com/name/nm7466966/?ref_=tt_cl_t_1')"
368,Eric Dorsa,"('Eric Dorsa', 'https://www.imdb.com/name/nm11091552/?ref_=tt_cl_t_2')"
369,Alex Christopher,"('Alex Christopher', 'https://www.imdb.com/name/nm11091551/?ref_=tt_cl_t_3')"
370,Dane Valerio,"('Dane Valerio', 'https://www.imdb.com/name/nm9796553/?ref_=tt_cl_t_4')"
371,Nathaniel Pusey,"('Nathaniel Pusey', 'https://www.imdb.com/name/nm10892060/?ref_=tt_cl_t_5')"
372,Taylor Cobb,"('Taylor Cobb', 'https://www.imdb.com/name/nm11094349/?ref_=tt_cl_t_1')"
373,Zachary Conklin,"('Zachary Conklin', 'https://www.imdb.com/name/nm9813557/?ref_=tt_cl_t_2')"
374,Jim Hoover,"('Jim Hoover', 'https://www.imdb.com/name/nm4027139/?ref_=tt_cl_t_3')"
375,Nathan Kellner,"('Nathan Kellner', 'https://www.imdb.com/name/nm9813556/?ref_=tt_cl_t_4')"
376,Dawn Peterson,"('Dawn Peterson', 'https://www.imdb.com/name/nm10456406/?ref_=tt_cl_t_5')"
377,Gabrielle Shelton,"('Gabrielle Shelton', 'https://www.imdb.com/name/nm9183114/?ref_=tt_cl_t_6')"
378,Elliot Ware,"('Elliot Ware', 'https://www.imdb.com/name/nm10468131/?ref_=tt_cl_t_7')"
379,Chad Bianco,"('Chad Bianco', 'https://www.imdb.com/name/nm2608264/?ref_=tt_cl_t_1')"
380,Sam Anselmo,"('Sam Anselmo', 'https://www.imdb.com/name/nm9768800/?ref_=tt_cl_t_2')"
381,Darrel Campbell,"('Darrel Campbell', 'https://www.imdb.com/name/nm0132362/?ref_=tt_cl_t_3')"
382,James Craigmyle,"('James Craigmyle', 'https://www.imdb.com/name/nm9993703/?ref_=tt_cl_t_4')"
383,Randall Shreve,"('Randall Shreve', 'https://www.imdb.com/name/nm3373793/?ref_=tt_cl_t_5')"
384,Jonova Lavon,"('Jonova Lavon', 'https://www.imdb.com/name/nm10256416/?ref_=tt_cl_t_6')"
385,Sarah Robertson,"('Sarah Robertson', 'https://www.imdb.com/name/nm11274886/?ref_=tt_cl_t_7')"
386,Tristin Ray,"('Tristin Ray', 'https://www.imdb.com/name/nm11177463/?ref_=tt_cl_t_8')"
387,Chloe The Dog,"('Chloe The Dog', 'https://www.imdb.com/name/nm11293083/?ref_=tt_cl_t_9')"
388,Jake Gardner,"('Jake Gardner', 'https://www.imdb.com/name/nm11205650/?ref_=tt_cl_t_10')"
389,Chauntice Green,"('Chauntice Green', 'https://www.imdb.com/name/nm7883323/?ref_=tt_cl_t_1')"
390,Numa Perrier,"('Numa Perrier', 'https://www.imdb.com/name/nm0667015/?ref_=tt_cl_t_2')"
391,Peter Vack,"('Peter Vack', 'https://www.imdb.com/name/nm0114430/?ref_=tt_cl_t_3')"
392,Paris Stephens,"('Paris Stephens', 'https://www.imdb.com/name/nm11052609/?ref_=tt_cl_t_4')"
393,Joy Richardson,"('Joy Richardson', 'https://www.imdb.com/name/nm0724634/?ref_=tt_cl_t_5')"
394,Josey Auguste,"('Josey Auguste', 'https://www.imdb.com/name/nm12371747/?ref_=tt_cl_t_6')"
395,Liz D'Alessio,"(""Liz D'Alessio"", 'https://www.imdb.com/name/nm5020516/?ref_=tt_cl_t_7')"
396,Mario Orazio Ruvio,"('Mario Orazio Ruvio', 'https://www.imdb.com/name/nm10498344/?ref_=tt_cl_t_8')"
397,Emanuel Alexander,"('Emanuel Alexander', 'https://www.imdb.com/name/nm8092594/?ref_=tt_cl_t_1')"
398,Tammy J. Anderson,"('Tammy J. Anderson', 'https://www.imdb.com/name/nm10124881/?ref_=tt_cl_t_2')"
399,Aerilyn Armstrong,"('Aerilyn Armstrong', 'https://www.imdb.com/name/nm12207199/?ref_=tt_cl_t_3')"
400,Amber Colo,"('Amber Colo', 'https://www.imdb.com/name/nm11095751/?ref_=tt_cl_t_4')"
401,Jackson Colo,"('Jackson Colo', 'https://www.imdb.com/name/nm11095749/?ref_=tt_cl_t_5')"
402,Jeremy Davis,"('Jeremy Davis', 'https://www.imdb.com/name/nm11095750/?ref_=tt_cl_t_6')"
403,Annette Easter,"('Annette Easter', 'https://www.imdb.com/name/nm11095748/?ref_=tt_cl_t_7')"
404,Karen Johnson,"('Karen Johnson', 'https://www.imdb.com/name/nm12207200/?ref_=tt_cl_t_8')"
405,Cat Lellie,"('Cat Lellie', 'https://www.imdb.com/name/nm5924626/?ref_=tt_cl_t_9')"
406,Jane Hardin Marsh,"('Jane Hardin Marsh', 'https://www.imdb.com/name/nm3230187/?ref_=tt_cl_t_10')"
407,Paul Edme,"('Paul Edme', 'https://www.imdb.com/name/nm5965851/?ref_=tt_cl_t_1')"
408,Amber Jaunai,"('Amber Jaunai', 'https://www.imdb.com/name/nm9598515/?ref_=tt_cl_t_2')"
409,Corinne McFarlane,"('Corinne McFarlane', 'https://www.imdb.com/name/nm3432659/?ref_=tt_cl_t_3')"
410,Malik Uhuru,"('Malik Uhuru', 'https://www.imdb.com/name/nm7317040/?ref_=tt_cl_t_4')"
411,Mirlande Amazan,"('Mirlande Amazan', 'https://www.imdb.com/name/nm9850250/?ref_=tt_cl_t_1')"
412,Stacy Ann Rose,"('Stacy Ann Rose', 'https://www.imdb.com/name/nm2123677/?ref_=tt_cl_t_2')"
413,Barry Newell,"('Barry Newell', 'https://www.imdb.com/name/nm2857545/?ref_=tt_cl_t_3')"
414,Coventry Halcyon,"('Coventry Halcyon', 'https://www.imdb.com/name/nm11344348/?ref_=tt_cl_t_4')"
415,Hayes Beyersdorfer,"('Hayes Beyersdorfer', 'https://www.imdb.com/name/nm7015990/?ref_=tt_cl_t_5')"
416,Ashna Sharan,"('Ashna Sharan', 'https://www.imdb.com/name/nm7906675/?ref_=tt_cl_t_6')"
417,Poorva Wachh,"('Poorva Wachh', 'https://www.imdb.com/name/nm9752666/?ref_=tt_cl_t_7')"
418,Dein-Rene Amazan,"('Dein-Rene Amazan', 'https://www.imdb.com/name/nm7503596/?ref_=tt_cl_t_8')"
419,Shawn Lockie,"('Shawn Lockie', 'https://www.imdb.com/name/nm2277179/?ref_=tt_cl_t_9')"
420,Darlene Aniebonam,"('Darlene Aniebonam', 'https://www.imdb.com/name/nm10322531/?ref_=tt_cl_t_10')"
421,Mary Mina,"('Mary Mina', 'https://www.imdb.com/name/nm7566580/?ref_=tt_cl_t_1')"
422,Aurora Marion,"('Aurora Marion', 'https://www.imdb.com/name/nm4550137/?ref_=tt_cl_t_2')"
423,Natalija Janichkina,"('Natalija Janichkina', 'https://www.imdb.com/name/nm6755003/?ref_=tt_cl_t_3')"
424,Giannis Kokkinos,"('Giannis Kokkinos', 'https://www.imdb.com/name/nm3306539/?ref_=tt_cl_t_4')"
425,Mohammed Awwad,"('Mohammed Awwad', 'https://www.imdb.com/name/nm4162199/?ref_=tt_cl_t_5')"
426,Marios Ioannou,"('Marios Ioannou', 'https://www.imdb.com/name/nm1476599/?ref_=tt_cl_t_6')"
427,Thekla Flouri,"('Thekla Flouri', 'https://www.imdb.com/name/nm13244891/?ref_=tt_cl_t_7')"
428,Giorgos Kyriacou,"('Giorgos Kyriacou', 'https://www.imdb.com/name/nm7605753/?ref_=tt_cl_t_8')"
429,Lori Alan,"('Lori Alan', 'https://www.imdb.com/name/nm0015935/?ref_=tt_cl_t_1')"
430,Marty York,"('Marty York', 'https://www.imdb.com/name/nm0948742/?ref_=tt_cl_t_2')"
431,Bill Dawes,"('Bill Dawes', 'https://www.imdb.com/name/nm0205929/?ref_=tt_cl_t_3')"
432,Kaylin Zeren,"('Kaylin Zeren', 'https://www.imdb.com/name/nm6767632/?ref_=tt_cl_t_4')"
433,Ron Bregenzer,"('Ron Bregenzer', 'https://www.imdb.com/name/nm12785944/?ref_=tt_cl_t_5')"
434,Jon Mancinetti,"('Jon Mancinetti', 'https://www.imdb.com/name/nm3681193/?ref_=tt_cl_t_6')"
435,Dianne Scott,"('Dianne Scott', 'https://www.imdb.com/name/nm7594320/?ref_=tt_cl_t_7')"
436,Nsabimana Innocent,"('Nsabimana Innocent', 'https://www.imdb.com/name/nm11150419/?ref_=tt_cl_t_8')"
437,Elliott Mayer,"('Elliott Mayer', 'https://www.imdb.com/name/nm1476724/?ref_=tt_cl_t_9')"
438,Smaran Harihar,"('Smaran Harihar', 'https://www.imdb.com/name/nm9667137/?ref_=tt_cl_t_10')"
439,Francis Adams,"('Francis Adams', 'https://www.imdb.com/name/nm3660026/?ref_=tt_cl_t_1')"
440,Jo Barker,"('Jo Barker', 'https://www.imdb.com/name/nm11548091/?ref_=tt_cl_t_2')"
441,Ellie Daley,"('Ellie Daley', 'https://www.imdb.com/name/nm8972717/?ref_=tt_cl_t_3')"
442,Mark Devenport,"('Mark Devenport', 'https://www.imdb.com/name/nm1111560/?ref_=tt_cl_t_4')"
443,Shelley Draper,"('Shelley Draper', 'https://www.imdb.com/name/nm4811773/?ref_=tt_cl_t_5')"
444,Kyra Fowler,"('Kyra Fowler', 'https://www.imdb.com/name/nm11896818/?ref_=tt_cl_t_6')"
445,Rebecca Holmes,"('Rebecca Holmes', 'https://www.imdb.com/name/nm4207599/?ref_=tt_cl_t_7')"
446,Holly Lucas,"('Holly Lucas', 'https://www.imdb.com/name/nm1528036/?ref_=tt_cl_t_8')"
447,Joel Morris,"('Joel Morris', 'https://www.imdb.com/name/nm0606655/?ref_=tt_cl_t_9')"
448,Garry Robson,"('Garry Robson', 'https://www.imdb.com/name/nm1993924/?ref_=tt_cl_t_10')"
449,Matthew Barnes,"('Matthew Barnes', 'https://www.imdb.com/name/nm5891788/?ref_=tt_cl_t_1')"
450,Alan McRae,"('Alan McRae', 'https://www.imdb.com/name/nm0574417/?ref_=tt_cl_t_2')"
451,Allye Spencer,"('Allye Spencer', 'https://www.imdb.com/name/nm5487396/?ref_=tt_cl_t_3')"
452,Jeremy Theobald,"('Jeremy Theobald', 'https://www.imdb.com/name/nm0857458/?ref_=tt_cl_t_1')"
453,Emma Findlay,"('Emma Findlay', 'https://www.imdb.com/name/nm9145994/?ref_=tt_cl_t_2')"
454,Freya Kingsley,"('Freya Kingsley', 'https://www.imdb.com/name/nm10459826/?ref_=tt_cl_t_3')"
455,Niamh Murdoch,"('Niamh Murdoch', 'https://www.imdb.com/name/nm5691702/?ref_=tt_cl_t_4')"
456,Jordan Perry,"('Jordan Perry', 'https://www.imdb.com/name/nm11119140/?ref_=tt_cl_t_5')"
457,Jenny Quirk,"('Jenny Quirk', 'https://www.imdb.com/name/nm11111175/?ref_=tt_cl_t_6')"
458,Alex Campbell Stein,"('Alex Campbell Stein', 'https://www.imdb.com/name/nm7423620/?ref_=tt_cl_t_1')"
459,Blaize Hall,"('Blaize Hall', 'https://www.imdb.com/name/nm4832810/?ref_=tt_cl_t_2')"
460,Vincent Alvas,"('Vincent Alvas', 'https://www.imdb.com/name/nm4724872/?ref_=tt_cl_t_3')"
461,Todd Carroll,"('Todd Carroll', 'https://www.imdb.com/name/nm2787844/?ref_=tt_cl_t_4')"
462,Nicholas D. Johnson,"('Nicholas D. Johnson', 'https://www.imdb.com/name/nm6188714/?ref_=tt_cl_t_5')"
463,Craig Randall Fleming,"('Craig Randall Fleming', 'https://www.imdb.com/name/nm3291590/?ref_=tt_cl_t_6')"
464,Christopher Lloyd Dennis,"('Christopher Lloyd Dennis', 'https://www.imdb.com/name/nm1824260/?ref_=tt_cl_t_1')"
465,Paul Louis Harrell,"('Paul Louis Harrell', 'https://www.imdb.com/name/nm3285714/?ref_=tt_cl_t_2')"
466,Franco Nero,"('Franco Nero', 'https://www.imdb.com/name/nm0626259/?ref_=tt_cl_t_3')"
467,Amaya Juan,"('Amaya Juan', 'https://www.imdb.com/name/nm11192809/?ref_=tt_cl_t_1')"
468,Zuemmy Carrillo,"('Zuemmy Carrillo', 'https://www.imdb.com/name/nm11250446/?ref_=tt_cl_t_2')"
469,Virginia Patricio,"('Virginia Patricio', 'https://www.imdb.com/name/nm11250447/?ref_=tt_cl_t_3')"
470,Rupert Lopez,"('Rupert Lopez', 'https://www.imdb.com/name/nm11250448/?ref_=tt_cl_t_4')"
471,Armondo 'Mondo' Gonzales,"(""Armondo 'Mondo' Gonzales"", 'https://www.imdb.com/name/nm11250449/?ref_=tt_cl_t_5')"
472,Michael Geronimo,"('Michael Geronimo', 'https://www.imdb.com/name/nm11250450/?ref_=tt_cl_t_6')"
473,Carlos Chico,"('Carlos Chico', 'https://www.imdb.com/name/nm11250451/?ref_=tt_cl_t_7')"
