,name,link
0,Padmakumar Kochukuttan,"('Padmakumar Kochukuttan', 'https://www.imdb.com/name/nm12948211/?ref_=tt_cl_t_1')"
1,Abhijith Ajith,"('Abhijith Ajith', 'https://www.imdb.com/name/nm12948213/?ref_=tt_cl_t_2')"
2,Jisha Ajith,"('Jisha Ajith', 'https://www.imdb.com/name/nm12948214/?ref_=tt_cl_t_3')"
3,Jeena Shaji,"('Jeena Shaji', 'https://www.imdb.com/name/nm12948212/?ref_=tt_cl_t_4')"
4,Vincent Doud,"('Vincent Doud', 'https://www.imdb.com/name/nm9650154/?ref_=tt_cl_t_1')"
5,Raymond Ko,"('Raymond Ko', 'https://www.imdb.com/name/nm12824088/?ref_=tt_cl_t_2')"
6,Sarah Albonesi,"('Sarah Albonesi', 'https://www.imdb.com/name/nm6837747/?ref_=tt_cl_t_3')"
7,Jackson Eick,"('Jackson Eick', 'https://www.imdb.com/name/nm12811514/?ref_=tt_cl_t_4')"
8,Inderjeet Singh,"('Inderjeet Singh', 'https://www.imdb.com/name/nm12386292/?ref_=tt_cl_t_1')"
9,Mike Yuen Yiu Wu,"('Mike Yuen Yiu Wu', 'https://www.imdb.com/name/nm10041901/?ref_=tt_cl_t_2')"
10,Atique Hamza,"('Atique Hamza', 'https://www.imdb.com/name/nm12948409/?ref_=tt_cl_t_3')"
11,Beril Bektas,"('Beril Bektas', 'https://www.imdb.com/name/nm12948521/?ref_=tt_cl_t_1')"
12,Arda Emir Yolcu,"('Arda Emir Yolcu', 'https://www.imdb.com/name/nm11336148/?ref_=tt_cl_t_2')"
13,Lucy Doyle,"('Lucy Doyle', 'https://www.imdb.com/name/nm10290759/?ref_=tt_cl_t_1')"
14,Sarah Toogood,"('Sarah Toogood', 'https://www.imdb.com/name/nm3033019/?ref_=tt_cl_t_2')"
15,Cindy Ecclesiastre,"('Cindy Ecclesiastre', 'https://www.imdb.com/name/nm10255100/?ref_=tt_cl_t_1')"
16,John M. Johnson,"('John M. Johnson', 'https://www.imdb.com/name/nm6396234/?ref_=tt_cl_t_2')"
17,Michael Pierino Miller,"('Michael Pierino Miller', 'https://www.imdb.com/name/nm3327628/?ref_=tt_cl_t_3')"
18,Kaleb Mitchell,"('Kaleb Mitchell', 'https://www.imdb.com/name/nm10349417/?ref_=tt_cl_t_4')"
19,Isoken Obaseki,"('Isoken Obaseki', 'https://www.imdb.com/name/nm8697174/?ref_=tt_cl_t_5')"
20,Jonathan E.W. Patton,"('Jonathan E.W. Patton', 'https://www.imdb.com/name/nm11311525/?ref_=tt_cl_t_6')"
21,Michal Renee,"('Michal Renee', 'https://www.imdb.com/name/nm11416088/?ref_=tt_cl_t_7')"
22,Riyaz Ahmed,"('Riyaz Ahmed', 'https://www.imdb.com/name/nm12949954/?ref_=tt_cl_t_1')"
23,Akash,"('Akash', 'https://www.imdb.com/name/nm12953456/?ref_=tt_cl_t_2')"
24,Adhesh Bala,"('Adhesh Bala', 'https://www.imdb.com/name/nm12911722/?ref_=tt_cl_t_3')"
25,Dakshita,"('Dakshita', 'https://www.imdb.com/name/nm6060956/?ref_=tt_cl_t_4')"
26,Sunil Karthik,"('Sunil Karthik', 'https://www.imdb.com/name/nm12949955/?ref_=tt_cl_t_5')"
27,Premji,"('Premji', 'https://www.imdb.com/name/nm12962853/?ref_=tt_cl_t_6')"
28,Vicky,"('Vicky', 'https://www.imdb.com/name/nm12955745/?ref_=tt_cl_t_7')"
29,Fausto Alongi,"('Fausto Alongi', 'https://www.imdb.com/name/nm12950087/?ref_=tt_cl_t_1')"
30,Gabriele Gagliostro,"('Gabriele Gagliostro', 'https://www.imdb.com/name/nm12950089/?ref_=tt_cl_t_2')"
31,Savina Gaudio,"('Savina Gaudio', 'https://www.imdb.com/name/nm12950091/?ref_=tt_cl_t_3')"
32,Nicola Impiombato,"('Nicola Impiombato', 'https://www.imdb.com/name/nm12950090/?ref_=tt_cl_t_4')"
33,Alberto Perelli,"('Alberto Perelli', 'https://www.imdb.com/name/nm12950088/?ref_=tt_cl_t_5')"
34,Juan Pablo de Santiago,"('Juan Pablo de Santiago', 'https://www.imdb.com/name/nm3123785/?ref_=tt_cl_t_1')"
35,Israel Sosa Ponce,"('Israel Sosa Ponce', 'https://www.imdb.com/name/nm10138015/?ref_=tt_cl_t_2')"
36,Fernanda Rivera,"('Fernanda Rivera', 'https://www.imdb.com/name/nm9719423/?ref_=tt_cl_t_3')"
37,Ana Sofia Gatica,"('Ana Sofia Gatica', 'https://www.imdb.com/name/nm11685824/?ref_=tt_cl_t_4')"
38,Lilly O'Brien,"(""Lilly O'Brien"", 'https://www.imdb.com/name/nm11516058/?ref_=tt_cl_t_1')"
39,Nick Flaig,"('Nick Flaig', 'https://www.imdb.com/name/nm10803708/?ref_=tt_cl_t_2')"
40,Michael Glines,"('Michael Glines', 'https://www.imdb.com/name/nm12942581/?ref_=tt_cl_t_3')"
41,Molvatu Sae-Ue,"('Molvatu Sae-Ue', 'https://www.imdb.com/name/nm7334258/?ref_=tt_cl_t_5')"
42,Mrinalini,"('Mrinalini', 'https://www.imdb.com/name/nm12949913/?ref_=tt_cl_t_1')"
43,Navein Singh,"('Navein Singh', 'https://www.imdb.com/name/nm12949912/?ref_=tt_cl_t_2')"
44,Natalie Ramos,"('Natalie Ramos', 'https://www.imdb.com/name/nm10730708/?ref_=tt_cl_t_1')"
45,Hannah Brown,"('Hannah Brown', 'https://www.imdb.com/name/nm9173038/?ref_=tt_cl_t_2')"
46,Jackie Webb,"('Jackie Webb', 'https://www.imdb.com/name/nm9855328/?ref_=tt_cl_t_3')"
47,Joyin Adetola,"('Joyin Adetola', 'https://www.imdb.com/name/nm12949029/?ref_=tt_cl_t_1')"
48,Jenna Luck,"('Jenna Luck', 'https://www.imdb.com/name/nm11362893/?ref_=tt_cl_t_1')"
49,Kahlo De Jesus Buffington,"('Kahlo De Jesus Buffington', 'https://www.imdb.com/name/nm7248200/?ref_=tt_cl_t_2')"
50,Andre Randle,"('Andre Randle', 'https://www.imdb.com/name/nm8269754/?ref_=tt_cl_t_3')"
51,Luka Oida,"('Luka Oida', 'https://www.imdb.com/name/nm9318729/?ref_=tt_cl_t_4')"
52,Sydney Benjamin,"('Sydney Benjamin', 'https://www.imdb.com/name/nm11268099/?ref_=tt_cl_t_5')"
53,McKensie Lane,"('McKensie Lane', 'https://www.imdb.com/name/nm8929263/?ref_=tt_cl_t_1')"
54,Mark Valeriano,"('Mark Valeriano', 'https://www.imdb.com/name/nm6642750/?ref_=tt_cl_t_2')"
55,Alyssa Kim,"('Alyssa Kim', 'https://www.imdb.com/name/nm12949095/?ref_=tt_cl_t_3')"
56,Ojashwi Lama,"('Ojashwi Lama', 'https://www.imdb.com/name/nm12949148/?ref_=tt_cl_t_1')"
57,Binita Thapa Magar,"('Binita Thapa Magar', 'https://www.imdb.com/name/nm6655090/?ref_=tt_cl_t_2')"
58,Alexis Safoyan,"('Alexis Safoyan', 'https://www.imdb.com/name/nm8152107/?ref_=tt_cl_t_1')"
59,Bri Ana Wagner,"('Bri Ana Wagner', 'https://www.imdb.com/name/nm8487528/?ref_=tt_cl_t_2')"
60,Quinn Knox,"('Quinn Knox', 'https://www.imdb.com/name/nm2338644/?ref_=tt_cl_t_3')"
61,Ian S. Peterson,"('Ian S. Peterson', 'https://www.imdb.com/name/nm9430806/?ref_=tt_cl_t_4')"
62,Eero Siren,"('Eero Siren', 'https://www.imdb.com/name/nm3169898/?ref_=tt_cl_t_1')"
63,Timo Torikka,"('Timo Torikka', 'https://www.imdb.com/name/nm0868039/?ref_=tt_cl_t_2')"
64,Vincent Willestrand,"('Vincent Willestrand', 'https://www.imdb.com/name/nm5014534/?ref_=tt_cl_t_3')"
65,Tejaswini Kolhapure,"('Tejaswini Kolhapure', 'https://www.imdb.com/name/nm1339267/?ref_=tt_cl_t_1')"
66,Prashant Narayanan,"('Prashant Narayanan', 'https://www.imdb.com/name/nm1241910/?ref_=tt_cl_t_2')"
67,Aparna Upadhyay,"('Aparna Upadhyay', 'https://www.imdb.com/name/nm9429122/?ref_=tt_cl_t_3')"
68,Darya Moroz,"('Darya Moroz', 'https://www.imdb.com/name/nm0606124/?ref_=tt_cl_t_1')"
69,Rimma Sarkisyan,"('Rimma Sarkisyan', 'https://www.imdb.com/name/nm2238517/?ref_=tt_cl_t_2')"
70,Milana Galimullina,"('Milana Galimullina', 'https://www.imdb.com/name/nm12949931/?ref_=tt_cl_t_3')"
71,Beata Makovskaya,"('Beata Makovskaya', 'https://www.imdb.com/name/nm2889674/?ref_=tt_cl_t_4')"
72,Dina Iritova,"('Dina Iritova', 'https://www.imdb.com/name/nm12949932/?ref_=tt_cl_t_5')"
73,Aubekir Muziev,"('Aubekir Muziev', 'https://www.imdb.com/name/nm12949933/?ref_=tt_cl_t_6')"
74,Sanne Maas,"('Sanne Maas', 'https://www.imdb.com/name/nm11640611/?ref_=tt_cl_t_1')"
75,Ysbrant Bakker,"('Ysbrant Bakker', 'https://www.imdb.com/name/nm3889207/?ref_=tt_cl_t_2')"
76,Allard Warnas,"('Allard Warnas', 'https://www.imdb.com/name/nm5408825/?ref_=tt_cl_t_3')"
77,Joost van der Boom,"('Joost van der Boom', 'https://www.imdb.com/name/nm9439204/?ref_=tt_cl_t_4')"
78,Judith de Lange,"('Judith de Lange', 'https://www.imdb.com/name/nm8977638/?ref_=tt_cl_t_5')"
79,Saadet Cetinkaya,"('Saadet Cetinkaya', 'https://www.imdb.com/name/nm12955685/?ref_=tt_cl_t_6')"
80,Peter Maas,"('Peter Maas', 'https://www.imdb.com/name/nm12955686/?ref_=tt_cl_t_7')"
81,Esmay van der Pol,"('Esmay van der Pol', 'https://www.imdb.com/name/nm12955669/?ref_=tt_cl_t_8')"
82,Divahya Versloot,"('Divahya Versloot', 'https://www.imdb.com/name/nm12955684/?ref_=tt_cl_t_9')"
83,Danny Bourne,"('Danny Bourne', 'https://www.imdb.com/name/nm12950854/?ref_=tt_cl_t_2')"
84,Lauren Pratt,"('Lauren Pratt', 'https://www.imdb.com/name/nm12950853/?ref_=tt_cl_t_3')"
85,Lewis Wright,"('Lewis Wright', 'https://www.imdb.com/name/nm12950855/?ref_=tt_cl_t_4')"
86,Evgeniy Tscherkashin,"('Evgeniy Tscherkashin', 'https://www.imdb.com/name/nm11402385/?ref_=tt_cl_t_1')"
87,Kseniya Zolotukhina,"('Kseniya Zolotukhina', 'https://www.imdb.com/name/nm10653194/?ref_=tt_cl_t_2')"
88,Valentijn Dhaenens,"('Valentijn Dhaenens', 'https://www.imdb.com/name/nm0223464/?ref_=tt_cl_t_1')"
89,Raymond Thiry,"('Raymond Thiry', 'https://www.imdb.com/name/nm0858247/?ref_=tt_cl_t_2')"
90,Hiromi Machida,"('Hiromi Machida', 'https://www.imdb.com/name/nm12950406/?ref_=tt_cl_t_1')"
91,Alex Rubit,"('Alex Rubit', 'https://www.imdb.com/name/nm6313928/?ref_=tt_cl_t_2')"
92,Seong Hun Kang,"('Seong Hun Kang', 'https://www.imdb.com/name/nm12951327/?ref_=tt_cl_t_1')"
93,Woo Ju Kang,"('Woo Ju Kang', 'https://www.imdb.com/name/nm12951326/?ref_=tt_cl_t_2')"
94,Florencia Lozano,"('Florencia Lozano', 'https://www.imdb.com/name/nm0523568/?ref_=tt_cl_t_1')"
95,Jaiden Moreno,"('Jaiden Moreno', 'https://www.imdb.com/name/nm12951454/?ref_=tt_cl_t_2')"
96,Alfredo Narciso,"('Alfredo Narciso', 'https://www.imdb.com/name/nm1283912/?ref_=tt_cl_t_3')"
97,Leander Lesotho,"('Leander Lesotho', 'https://www.imdb.com/name/nm12951139/?ref_=tt_cl_t_1')"
98,Adrian But,"('Adrian But', 'https://www.imdb.com/name/nm12951140/?ref_=tt_cl_t_2')"
99,Maximilian Wenning,"('Maximilian Wenning', 'https://www.imdb.com/name/nm10255218/?ref_=tt_cl_t_3')"
100,Kardelen Deinz Kars,"('Kardelen Deinz Kars', 'https://www.imdb.com/name/nm10007483/?ref_=tt_cl_t_4')"
101,Lena Ernst,"('Lena Ernst', 'https://www.imdb.com/name/nm11826918/?ref_=tt_cl_t_5')"
102,Jean Denis Römer,"('Jean Denis Römer', 'https://www.imdb.com/name/nm0753949/?ref_=tt_cl_t_6')"
103,Heather Brumley,"('Heather Brumley', 'https://www.imdb.com/name/nm0115944/?ref_=tt_cl_t_1')"
104,Sarah Entwistle,"('Sarah Entwistle', 'https://www.imdb.com/name/nm12950909/?ref_=tt_cl_t_1')"
105,Phil Nee,"('Phil Nee', 'https://www.imdb.com/name/nm0624074/?ref_=tt_cl_t_1')"
106,Felice Choi,"('Felice Choi', 'https://www.imdb.com/name/nm2938379/?ref_=tt_cl_t_2')"
107,Zoe Manarel,"('Zoe Manarel', 'https://www.imdb.com/name/nm7266096/?ref_=tt_cl_t_3')"
108,Yoon Kil Shin,"('Yoon Kil Shin', 'https://www.imdb.com/name/nm11375844/?ref_=tt_cl_t_4')"
109,Jaden Tran,"('Jaden Tran', 'https://www.imdb.com/name/nm8108356/?ref_=tt_cl_t_5')"
110,Nasrdin Dchar,"('Nasrdin Dchar', 'https://www.imdb.com/name/nm1504719/?ref_=tt_cl_t_1')"
111,Tony Melero,"('Tony Melero', 'https://www.imdb.com/name/nm9653748/?ref_=tt_cl_t_1')"
112,Manolo Cal,"('Manolo Cal', 'https://www.imdb.com/name/nm0129187/?ref_=tt_cl_t_2')"
113,Máximo Valverde,"('Máximo Valverde', 'https://www.imdb.com/name/nm0885474/?ref_=tt_cl_t_3')"
114,María José Alfonso,"('María José Alfonso', 'https://www.imdb.com/name/nm0019177/?ref_=tt_cl_t_4')"
115,Barbara Hermosilla,"('Barbara Hermosilla', 'https://www.imdb.com/name/nm7011903/?ref_=tt_cl_t_5')"
116,Jose Rey,"('Jose Rey', 'https://www.imdb.com/name/nm12950917/?ref_=tt_cl_t_6')"
117,Anna Maria Storacci,"('Anna Maria Storacci', 'https://www.imdb.com/name/nm12950918/?ref_=tt_cl_t_7')"
118,Vanessa Rodríguez,"('Vanessa Rodríguez', 'https://www.imdb.com/name/nm12957377/?ref_=tt_cl_t_8')"
119,Cristina Guioba,"('Cristina Guioba', 'https://www.imdb.com/name/nm11827098/?ref_=tt_cl_t_9')"
120,German Tenorio,"('German Tenorio', 'https://www.imdb.com/name/nm10074962/?ref_=tt_cl_t_10')"
121,Lucas Blas,"('Lucas Blas', 'https://www.imdb.com/name/nm9613425/?ref_=tt_cl_t_1')"
122,Marcela Gomez Fossati,"('Marcela Gomez Fossati', 'https://www.imdb.com/name/nm11625176/?ref_=tt_cl_t_2')"
123,Malena Otta,"('Malena Otta', 'https://www.imdb.com/name/nm10811373/?ref_=tt_cl_t_1')"
124,Michael Obiora,"('Michael Obiora', 'https://www.imdb.com/name/nm0643394/?ref_=tt_cl_t_1')"
125,Alex Avery,"('Alex Avery', 'https://www.imdb.com/name/nm0043002/?ref_=tt_cl_t_2')"
126,Géraldine Chevalley,"('Géraldine Chevalley', 'https://www.imdb.com/name/nm12979757/?ref_=tt_cl_t_3')"
127,Matthew Fallaize,"('Matthew Fallaize', 'https://www.imdb.com/name/nm12980261/?ref_=tt_cl_t_4')"
128,Julia Frith,"('Julia Frith', 'https://www.imdb.com/name/nm12942708/?ref_=tt_cl_t_5')"
129,Emma Jane Pick,"('Emma Jane Pick', 'https://www.imdb.com/name/nm9264454/?ref_=tt_cl_t_6')"
130,Massimiliano Caiazzo,"('Massimiliano Caiazzo', 'https://www.imdb.com/name/nm10819117/?ref_=tt_cl_t_1')"
131,Antonella Civale,"('Antonella Civale', 'https://www.imdb.com/name/nm4383008/?ref_=tt_cl_t_2')"
132,Lorenzo Gioielli,"('Lorenzo Gioielli', 'https://www.imdb.com/name/nm0320232/?ref_=tt_cl_t_3')"
133,Luka Zunic,"('Luka Zunic', 'https://www.imdb.com/name/nm9811589/?ref_=tt_cl_t_4')"
134,Reiky de Valk,"('Reiky de Valk', 'https://www.imdb.com/name/nm10089574/?ref_=tt_cl_t_1')"
135,Hakim Traidia,"('Hakim Traidia', 'https://www.imdb.com/name/nm0870656/?ref_=tt_cl_t_2')"
136,Mikhail Khrustalyov,"('Mikhail Khrustalyov', 'https://www.imdb.com/name/nm4794059/?ref_=tt_cl_t_1')"
137,Alexandra Majorova,"('Alexandra Majorova', 'https://www.imdb.com/name/nm12950688/?ref_=tt_cl_t_2')"
138,Christina Sherman,"('Christina Sherman', 'https://www.imdb.com/name/nm13550379/?ref_=tt_cl_t_3')"
139,Alisa Samoylova,"('Alisa Samoylova', 'https://www.imdb.com/name/nm12950687/?ref_=tt_cl_t_4')"
140,Margarita Korsh,"('Margarita Korsh', 'https://www.imdb.com/name/nm11529629/?ref_=tt_cl_t_5')"
141,Peter Kovrizhnykh,"('Peter Kovrizhnykh', 'https://www.imdb.com/name/nm10194521/?ref_=tt_cl_t_6')"
142,Davit Petrosyan,"('Davit Petrosyan', 'https://www.imdb.com/name/nm10898844/?ref_=tt_cl_t_7')"
143,Madison Wilson,"('Madison Wilson', 'https://www.imdb.com/name/nm9350538/?ref_=tt_cl_t_1')"
144,Jamie G. Vaught,"('Jamie G. Vaught', 'https://www.imdb.com/name/nm12951854/?ref_=tt_cl_t_2')"
145,Beth Puorro,"('Beth Puorro', 'https://www.imdb.com/name/nm0700643/?ref_=tt_cl_t_3')"
146,Christopher Winbush,"('Christopher Winbush', 'https://www.imdb.com/name/nm6746393/?ref_=tt_cl_t_4')"
147,Zachary T. Scott,"('Zachary T. Scott', 'https://www.imdb.com/name/nm5709004/?ref_=tt_cl_t_5')"
148,Lauren Bonetti,"('Lauren Bonetti', 'https://www.imdb.com/name/nm6767630/?ref_=tt_cl_t_6')"
149,John Valley,"('John Valley', 'https://www.imdb.com/name/nm2561327/?ref_=tt_cl_t_7')"
150,Victor Vandell,"('Victor Vandell', 'https://www.imdb.com/name/nm11747809/?ref_=tt_cl_t_8')"
151,Clem Beard,"('Clem Beard', 'https://www.imdb.com/name/nm3032642/?ref_=tt_cl_t_9')"
152,Chiara McCarty,"('Chiara McCarty', 'https://www.imdb.com/name/nm4594573/?ref_=tt_cl_t_10')"
153,Saeed Changizian,"('Saeed Changizian', 'https://www.imdb.com/name/nm4443114/?ref_=tt_cl_t_1')"
154,Neda Jebraeili,"('Neda Jebraeili', 'https://www.imdb.com/name/nm5781340/?ref_=tt_cl_t_2')"
155,Javid Ghaem Maghami,"('Javid Ghaem Maghami', 'https://www.imdb.com/name/nm7760835/?ref_=tt_cl_t_3')"
156,Chris Caulpetzer,"('Chris Caulpetzer', 'https://www.imdb.com/name/nm9690301/?ref_=tt_cl_t_1')"
157,Derrick East,"('Derrick East', 'https://www.imdb.com/name/nm12951486/?ref_=tt_cl_t_2')"
158,Rayn Lain,"('Rayn Lain', 'https://www.imdb.com/name/nm8121325/?ref_=tt_cl_t_3')"
159,Annie Rader,"('Annie Rader', 'https://www.imdb.com/name/nm12951485/?ref_=tt_cl_t_4')"
160,Jim Rigsby,"('Jim Rigsby', 'https://www.imdb.com/name/nm7848881/?ref_=tt_cl_t_5')"
161,Berta Adell,"('Berta Adell', 'https://www.imdb.com/name/nm2810538/?ref_=tt_cl_t_1')"
162,Julio Alonso,"('Julio Alonso', 'https://www.imdb.com/name/nm5222520/?ref_=tt_cl_t_2')"
163,Dafne Pérez Betancur,"('Dafne Pérez Betancur', 'https://www.imdb.com/name/nm12952767/?ref_=tt_cl_t_3')"
164,Faouzia El Fajji,"('Faouzia El Fajji', 'https://www.imdb.com/name/nm12952766/?ref_=tt_cl_t_4')"
165,Mahdi Mahloul El Harrak,"('Mahdi Mahloul El Harrak', 'https://www.imdb.com/name/nm12952764/?ref_=tt_cl_t_5')"
166,Juanjo García,"('Juanjo García', 'https://www.imdb.com/name/nm12952765/?ref_=tt_cl_t_6')"
167,Davide Albani,"('Davide Albani', 'https://www.imdb.com/name/nm11126138/?ref_=tt_cl_t_1')"
168,Dirk Alex,"('Dirk Alex', 'https://www.imdb.com/name/nm12952158/?ref_=tt_cl_t_2')"
169,Sebastian Hoffmann,"('Sebastian Hoffmann', 'https://www.imdb.com/name/nm11126139/?ref_=tt_cl_t_3')"
170,Carolina Locarno,"('Carolina Locarno', 'https://www.imdb.com/name/nm12952157/?ref_=tt_cl_t_4')"
171,Rüdiger Maack,"('Rüdiger Maack', 'https://www.imdb.com/name/nm12952156/?ref_=tt_cl_t_5')"
172,Katherine Manley,"('Katherine Manley', 'https://www.imdb.com/name/nm4896593/?ref_=tt_cl_t_6')"
173,Fetewei Tarekegn,"('Fetewei Tarekegn', 'https://www.imdb.com/name/nm12952159/?ref_=tt_cl_t_7')"
174,Malene Tswai,"('Malene Tswai', 'https://www.imdb.com/name/nm12952161/?ref_=tt_cl_t_8')"
175,Naniso Tswai,"('Naniso Tswai', 'https://www.imdb.com/name/nm11683859/?ref_=tt_cl_t_9')"
176,Petra Wittrin,"('Petra Wittrin', 'https://www.imdb.com/name/nm12952160/?ref_=tt_cl_t_10')"
177,Frank Cannon,"('Frank Cannon', 'https://www.imdb.com/name/nm6289521/?ref_=tt_cl_t_1')"
178,Olivia McNally,"('Olivia McNally', 'https://www.imdb.com/name/nm12952815/?ref_=tt_cl_t_2')"
179,Mark Wingett,"('Mark Wingett', 'https://www.imdb.com/name/nm0935047/?ref_=tt_cl_t_1')"
180,Kimesha Campbell,"('Kimesha Campbell', 'https://www.imdb.com/name/nm10969713/?ref_=tt_cl_t_2')"
181,Zoe Gahan,"('Zoe Gahan', 'https://www.imdb.com/name/nm7786468/?ref_=tt_cl_t_3')"
182,Phoenix Gahan,"('Phoenix Gahan', 'https://www.imdb.com/name/nm12953401/?ref_=tt_cl_t_4')"
183,Shepsi Haider,"('Shepsi Haider', 'https://www.imdb.com/name/nm10169618/?ref_=tt_cl_t_5')"
184,Maxime Lheureux,"('Maxime Lheureux', 'https://www.imdb.com/name/nm11846477/?ref_=tt_cl_t_1')"
185,Alexandre De Caro,"('Alexandre De Caro', 'https://www.imdb.com/name/nm10393262/?ref_=tt_cl_t_2')"
186,James Curtis,"('James Curtis', 'https://www.imdb.com/name/nm12953271/?ref_=tt_cl_t_1')"
187,Cosette Payne,"('Cosette Payne', 'https://www.imdb.com/name/nm9143958/?ref_=tt_cl_t_2')"
188,Denise Schnieders,"('Denise Schnieders', 'https://www.imdb.com/name/nm9053595/?ref_=tt_cl_t_3')"
189,Theo White,"('Theo White', 'https://www.imdb.com/name/nm11442865/?ref_=tt_cl_t_4')"
190,Terence Davies,"('Terence Davies', 'https://www.imdb.com/name/nm0203993/?ref_=tt_cl_t_1')"
191,Peter Capaldi,"('Peter Capaldi', 'https://www.imdb.com/name/nm0134922/?ref_=tt_cl_t_2')"
192,Richard Goulding,"('Richard Goulding', 'https://www.imdb.com/name/nm3235424/?ref_=tt_cl_t_3')"
193,Verónica Mayorga,"('Verónica Mayorga', 'https://www.imdb.com/name/nm7098451/?ref_=tt_cl_t_1')"
194,Ayelen Tenenbaum,"('Ayelen Tenenbaum', 'https://www.imdb.com/name/nm6968911/?ref_=tt_cl_t_2')"
195,Sofía Lanaro,"('Sofía Lanaro', 'https://www.imdb.com/name/nm7562779/?ref_=tt_cl_t_3')"
196,Matías Dinardo,"('Matías Dinardo', 'https://www.imdb.com/name/nm5077418/?ref_=tt_cl_t_4')"
197,Bernardo Dugin,"('Bernardo Dugin', 'https://www.imdb.com/name/nm7670813/?ref_=tt_cl_t_1')"
198,Carla Purcina,"('Carla Purcina', 'https://www.imdb.com/name/nm12954573/?ref_=tt_cl_t_2')"
199,Tiago Aguiar,"('Tiago Aguiar', 'https://www.imdb.com/name/nm12954575/?ref_=tt_cl_t_3')"
200,Alan Rocha,"('Alan Rocha', 'https://www.imdb.com/name/nm11685100/?ref_=tt_cl_t_4')"
201,Maria Assunção,"('Maria Assunção', 'https://www.imdb.com/name/nm1051223/?ref_=tt_cl_t_5')"
202,Anderson Bhallkehan,"('Anderson Bhallkehan', 'https://www.imdb.com/name/nm12954572/?ref_=tt_cl_t_6')"
203,Katharine Albuquerque,"('Katharine Albuquerque', 'https://www.imdb.com/name/nm7879448/?ref_=tt_cl_t_7')"
204,Eddie Jesus,"('Eddie Jesus', 'https://www.imdb.com/name/nm12954574/?ref_=tt_cl_t_8')"
205,Sofia Ameri,"('Sofia Ameri', 'https://www.imdb.com/name/nm12423220/?ref_=tt_cl_t_1')"
206,Gyanesh Billakanti,"('Gyanesh Billakanti', 'https://www.imdb.com/name/nm8518365/?ref_=tt_cl_t_2')"
207,Sam Cowan,"('Sam Cowan', 'https://www.imdb.com/name/nm4293483/?ref_=tt_cl_t_3')"
208,Michael Hubbard,"('Michael Hubbard', 'https://www.imdb.com/name/nm12954384/?ref_=tt_cl_t_4')"
209,Tomlyn Nicholson,"('Tomlyn Nicholson', 'https://www.imdb.com/name/nm12423218/?ref_=tt_cl_t_5')"
210,Teresa Suarez Grosso,"('Teresa Suarez Grosso', 'https://www.imdb.com/name/nm3815399/?ref_=tt_cl_t_6')"
211,Tristan Mack Wilds,"('Tristan Mack Wilds', 'https://www.imdb.com/name/nm2080933/?ref_=tt_cl_t_1')"
212,Shannon Thornton,"('Shannon Thornton', 'https://www.imdb.com/name/nm4538831/?ref_=tt_cl_t_2')"
213,DeShawn White,"('DeShawn White', 'https://www.imdb.com/name/nm4878752/?ref_=tt_cl_t_3')"
214,Shakia Dixon,"('Shakia Dixon', 'https://www.imdb.com/name/nm9807268/?ref_=tt_cl_t_4')"
215,Joshua David Neal,"('Joshua David Neal', 'https://www.imdb.com/name/nm7502761/?ref_=tt_cl_t_5')"
216,Erika Norrell,"('Erika Norrell', 'https://www.imdb.com/name/nm12083912/?ref_=tt_cl_t_6')"
217,Omar Salmon,"('Omar Salmon', 'https://www.imdb.com/name/nm6124193/?ref_=tt_cl_t_7')"
218,Vincent Sistrunk,"('Vincent Sistrunk', 'https://www.imdb.com/name/nm7921531/?ref_=tt_cl_t_8')"
219,Zachary Dolan,"('Zachary Dolan', 'https://www.imdb.com/name/nm12955368/?ref_=tt_cl_t_1')"
220,Grace Schnitzius,"('Grace Schnitzius', 'https://www.imdb.com/name/nm11754881/?ref_=tt_cl_t_1')"
221,Kristen Flynn Karlik,"('Kristen Flynn Karlik', 'https://www.imdb.com/name/nm12101379/?ref_=tt_cl_t_2')"
222,Annabelle Karlik,"('Annabelle Karlik', 'https://www.imdb.com/name/nm12611116/?ref_=tt_cl_t_3')"
223,Alexis Rodriguez Reyes,"('Alexis Rodriguez Reyes', 'https://www.imdb.com/name/nm12954977/?ref_=tt_cl_t_4')"
224,Kinadey McFadden,"('Kinadey McFadden', 'https://www.imdb.com/name/nm12954980/?ref_=tt_cl_t_5')"
225,Hanna Overfield,"('Hanna Overfield', 'https://www.imdb.com/name/nm12954978/?ref_=tt_cl_t_6')"
226,Lizzy Roberts,"('Lizzy Roberts', 'https://www.imdb.com/name/nm12954979/?ref_=tt_cl_t_7')"
227,Rebecca Robets,"('Rebecca Robets', 'https://www.imdb.com/name/nm12955083/?ref_=tt_cl_t_8')"
228,Rick Kelvin Branch,"('Rick Kelvin Branch', 'https://www.imdb.com/name/nm8354457/?ref_=tt_cl_t_1')"
229,Pete Cloutier,"('Pete Cloutier', 'https://www.imdb.com/name/nm11796729/?ref_=tt_cl_t_2')"
230,Kendall Felix,"('Kendall Felix', 'https://www.imdb.com/name/nm12074686/?ref_=tt_cl_t_3')"
231,Lamont Gonzalez-Sierra,"('Lamont Gonzalez-Sierra', 'https://www.imdb.com/name/nm12083347/?ref_=tt_cl_t_4')"
232,Steve James,"('Steve James', 'https://www.imdb.com/name/nm10793267/?ref_=tt_cl_t_5')"
233,Jerrell Pegram,"('Jerrell Pegram', 'https://www.imdb.com/name/nm11092780/?ref_=tt_cl_t_6')"
234,Roger Tyler,"('Roger Tyler', 'https://www.imdb.com/name/nm9084209/?ref_=tt_cl_t_7')"
235,Tyran Brown,"('Tyran Brown', 'https://www.imdb.com/name/nm10657965/?ref_=tt_cl_t_1')"
236,Brian Reed,"('Brian Reed', 'https://www.imdb.com/name/nm12954898/?ref_=tt_cl_t_2')"
237,Kevin Blakeley,"('Kevin Blakeley', 'https://www.imdb.com/name/nm12595839/?ref_=tt_cl_t_1')"
238,Gianina Ayana,"('Gianina Ayana', 'https://www.imdb.com/name/nm12954831/?ref_=tt_cl_t_1')"
239,Trinity Brown,"('Trinity Brown', 'https://www.imdb.com/name/nm12954832/?ref_=tt_cl_t_2')"
240,Armin Amiri,"('Armin Amiri', 'https://www.imdb.com/name/nm1973209/?ref_=tt_cl_t_1')"
241,Zena Ahmed,"('Zena Ahmed', 'https://www.imdb.com/name/nm12955420/?ref_=tt_cl_t_2')"
242,Shahin Sayadi,"('Shahin Sayadi', 'https://www.imdb.com/name/nm9272308/?ref_=tt_cl_t_3')"
243,Jennifer Dehghan,"('Jennifer Dehghan', 'https://www.imdb.com/name/nm1626811/?ref_=tt_cl_t_4')"
244,James Anthony Chiong,"('James Anthony Chiong', 'https://www.imdb.com/name/nm11455955/?ref_=tt_cl_t_5')"
245,Thomas Duverné,"('Thomas Duverné', 'https://www.imdb.com/name/nm11288145/?ref_=tt_cl_t_1')"
246,Kymberli Smith,"('Kymberli Smith', 'https://www.imdb.com/name/nm12823058/?ref_=tt_cl_t_2')"
247,Skhay Anne Fox,"('Skhay Anne Fox', 'https://www.imdb.com/name/nm12956347/?ref_=tt_cl_t_1')"
248,Seth Kiely,"('Seth Kiely', 'https://www.imdb.com/name/nm12945213/?ref_=tt_cl_t_2')"
249,Gary Davison,"('Gary Davison', 'https://www.imdb.com/name/nm7124550/?ref_=tt_cl_t_1')"
250,Teigan Gardham,"('Teigan Gardham', 'https://www.imdb.com/name/nm11926768/?ref_=tt_cl_t_2')"
251,Marie Paulinus,"('Marie Paulinus', 'https://www.imdb.com/name/nm12956675/?ref_=tt_cl_t_3')"
252,Connor Scott,"('Connor Scott', 'https://www.imdb.com/name/nm11926766/?ref_=tt_cl_t_4')"
253,Masood Akhtar,"('Masood Akhtar', 'https://www.imdb.com/name/nm0015289/?ref_=tt_cl_t_1')"
254,Heena Akolkar,"('Heena Akolkar', 'https://www.imdb.com/name/nm11501056/?ref_=tt_cl_t_2')"
255,Shorba Bhattacharya,"('Shorba Bhattacharya', 'https://www.imdb.com/name/nm12143102/?ref_=tt_cl_t_3')"
256,Sudha Bhuchar,"('Sudha Bhuchar', 'https://www.imdb.com/name/nm0080438/?ref_=tt_cl_t_4')"
257,Nikita Grover,"('Nikita Grover', 'https://www.imdb.com/name/nm8971440/?ref_=tt_cl_t_5')"
258,Vikhyat Gulati,"('Vikhyat Gulati', 'https://www.imdb.com/name/nm11525943/?ref_=tt_cl_t_6')"
259,Danish Husain,"('Danish Husain', 'https://www.imdb.com/name/nm2240830/?ref_=tt_cl_t_7')"
260,Sabak Joshi,"('Sabak Joshi', 'https://www.imdb.com/name/nm9750180/?ref_=tt_cl_t_8')"
261,Rohit Mehta,"('Rohit Mehta', 'https://www.imdb.com/name/nm11650676/?ref_=tt_cl_t_9')"
262,Sandeep Mehta,"('Sandeep Mehta', 'https://www.imdb.com/name/nm0576574/?ref_=tt_cl_t_10')"
263,Meri Dishnica,"('Meri Dishnica', 'https://www.imdb.com/name/nm11505284/?ref_=tt_cl_t_1')"
264,Nora El Koussour,"('Nora El Koussour', 'https://www.imdb.com/name/nm8135252/?ref_=tt_cl_t_1')"
265,Yaron Mesika,"('Yaron Mesika', 'https://www.imdb.com/name/nm5143084/?ref_=tt_cl_t_2')"
266,Eleonora Schrickx,"('Eleonora Schrickx', 'https://www.imdb.com/name/nm12959670/?ref_=tt_cl_t_3')"
267,Naomi van der Linden,"('Naomi van der Linden', 'https://www.imdb.com/name/nm6203424/?ref_=tt_cl_t_4')"
268,Hayden Dean Wurtz,"('Hayden Dean Wurtz', 'https://www.imdb.com/name/nm12959669/?ref_=tt_cl_t_5')"
269,Jamie Wollrab,"('Jamie Wollrab', 'https://www.imdb.com/name/nm4279789/?ref_=tt_cl_t_1')"
270,Christy Williams,"('Christy Williams', 'https://www.imdb.com/name/nm2797050/?ref_=tt_cl_t_2')"
271,Jones Durham Wollrab,"('Jones Durham Wollrab', 'https://www.imdb.com/name/nm12958524/?ref_=tt_cl_t_3')"
272,Mikael Göransson,"('Mikael Göransson', 'https://www.imdb.com/name/nm1795777/?ref_=tt_cl_t_1')"
273,Lilou Traista,"('Lilou Traista', 'https://www.imdb.com/name/nm11275236/?ref_=tt_cl_t_2')"
274,André Farstad,"('André Farstad', 'https://www.imdb.com/name/nm1786605/?ref_=tt_cl_t_3')"
275,Branko Perisic,"('Branko Perisic', 'https://www.imdb.com/name/nm6736924/?ref_=tt_cl_t_1')"
276,Márcia Costa,"('Márcia Costa', 'https://www.imdb.com/name/nm12956447/?ref_=tt_cl_t_1')"
277,Maria Eneida,"('Maria Eneida', 'https://www.imdb.com/name/nm12956449/?ref_=tt_cl_t_2')"
278,Genivaldo Sampaio,"('Genivaldo Sampaio', 'https://www.imdb.com/name/nm9246900/?ref_=tt_cl_t_3')"
279,Sara Souza,"('Sara Souza', 'https://www.imdb.com/name/nm12956448/?ref_=tt_cl_t_4')"
280,Anton Filipenko,"('Anton Filipenko', 'https://www.imdb.com/name/nm5868170/?ref_=tt_cl_t_1')"
281,Jaakko Kiljunen,"('Jaakko Kiljunen', 'https://www.imdb.com/name/nm2329790/?ref_=tt_cl_t_2')"
282,Saana Koivisto,"('Saana Koivisto', 'https://www.imdb.com/name/nm7306001/?ref_=tt_cl_t_3')"
283,Arseniy Kolos,"('Arseniy Kolos', 'https://www.imdb.com/name/nm15443007/?ref_=tt_cl_t_4')"
284,Ilya Savin,"('Ilya Savin', 'https://www.imdb.com/name/nm12956786/?ref_=tt_cl_t_5')"
285,Ekaterina Shumakova,"('Ekaterina Shumakova', 'https://www.imdb.com/name/nm10745807/?ref_=tt_cl_t_6')"
286,Aino Sirje,"('Aino Sirje', 'https://www.imdb.com/name/nm6044170/?ref_=tt_cl_t_7')"
287,Chloé Auvret,"('Chloé Auvret', 'https://www.imdb.com/name/nm12956803/?ref_=tt_cl_t_1')"
288,Pietro Rossi,"('Pietro Rossi', 'https://www.imdb.com/name/nm12956804/?ref_=tt_cl_t_2')"
289,Carla Paoli,"('Carla Paoli', 'https://www.imdb.com/name/nm12956805/?ref_=tt_cl_t_3')"
290,Dominique Altieri-Leca,"('Dominique Altieri-Leca', 'https://www.imdb.com/name/nm12957924/?ref_=tt_cl_t_4')"
291,Emma Baldachino,"('Emma Baldachino', 'https://www.imdb.com/name/nm12957919/?ref_=tt_cl_t_5')"
292,Eric Bureaux,"('Eric Bureaux', 'https://www.imdb.com/name/nm12957922/?ref_=tt_cl_t_6')"
293,Luc Elinau,"('Luc Elinau', 'https://www.imdb.com/name/nm12957921/?ref_=tt_cl_t_7')"
294,Don-Come Fabrizzy,"('Don-Come Fabrizzy', 'https://www.imdb.com/name/nm12957920/?ref_=tt_cl_t_8')"
295,Xavier Foata,"('Xavier Foata', 'https://www.imdb.com/name/nm12957923/?ref_=tt_cl_t_9')"
296,Lili,"('Lili', 'https://www.imdb.com/name/nm12957928/?ref_=tt_cl_t_10')"
297,Tony Kruuser,"('Tony Kruuser', 'https://www.imdb.com/name/nm12956845/?ref_=tt_cl_t_1')"
298,Ángela Tejedor,"('Ángela Tejedor', 'https://www.imdb.com/name/nm11620177/?ref_=tt_cl_t_2')"
299,Borja Franco,"('Borja Franco', 'https://www.imdb.com/name/nm12962684/?ref_=tt_cl_t_3')"
300,Bethany Ellars,"('Bethany Ellars', 'https://www.imdb.com/name/nm12957476/?ref_=tt_cl_t_1')"
301,Micah Ellars,"('Micah Ellars', 'https://www.imdb.com/name/nm10215077/?ref_=tt_cl_t_2')"
302,Zy'air Carter,"(""Zy'air Carter"", 'https://www.imdb.com/name/nm12957329/?ref_=tt_cl_t_1')"
303,Nick Wheelehon,"('Nick Wheelehon', 'https://www.imdb.com/name/nm7275514/?ref_=tt_cl_t_2')"
304,József Kerekes,"('József Kerekes', 'https://www.imdb.com/name/nm0449269/?ref_=tt_cl_t_1')"
305,Béla Szemán,"('Béla Szemán', 'https://www.imdb.com/name/nm2156329/?ref_=tt_cl_t_2')"
306,Leah Baskaran,"('Leah Baskaran', 'https://www.imdb.com/name/nm6301687/?ref_=tt_cl_t_1')"
307,Andrew Connor,"('Andrew Connor', 'https://www.imdb.com/name/nm10453827/?ref_=tt_cl_t_2')"
308,Meadow Connor,"('Meadow Connor', 'https://www.imdb.com/name/nm12957082/?ref_=tt_cl_t_3')"
309,Jess Lyke,"('Jess Lyke', 'https://www.imdb.com/name/nm12957119/?ref_=tt_cl_t_1')"
310,Anna Markowitz,"('Anna Markowitz', 'https://www.imdb.com/name/nm10528580/?ref_=tt_cl_t_2')"
311,Altin Axel,"('Altin Axel', 'https://www.imdb.com/name/nm2804267/?ref_=tt_cl_t_1')"
312,Daniel Neri,"('Daniel Neri', 'https://www.imdb.com/name/nm11314659/?ref_=tt_cl_t_2')"
313,Vance Duplechin,"('Vance Duplechin', 'https://www.imdb.com/name/nm5879235/?ref_=tt_cl_t_1')"
314,Jeremy Chavez,"('Jeremy Chavez', 'https://www.imdb.com/name/nm12090303/?ref_=tt_cl_t_1')"
315,Aisha Mohammed,"('Aisha Mohammed', 'https://www.imdb.com/name/nm10730352/?ref_=tt_cl_t_2')"
316,Steve T. Ryan,"('Steve T. Ryan', 'https://www.imdb.com/name/nm2768416/?ref_=tt_cl_t_3')"
317,Rahsaan Calvin Paris White,"('Rahsaan Calvin Paris White', 'https://www.imdb.com/name/nm12244796/?ref_=tt_cl_t_4')"
318,Ren Montoro,"('Ren Montoro', 'https://www.imdb.com/name/nm4893820/?ref_=tt_cl_t_1')"
319,Jessica Martin del Campo,"('Jessica Martin del Campo', 'https://www.imdb.com/name/nm2993122/?ref_=tt_cl_t_2')"
320,Jacob Romero,"('Jacob Romero', 'https://www.imdb.com/name/nm6892743/?ref_=tt_cl_t_1')"
321,Hilary Ward,"('Hilary Ward', 'https://www.imdb.com/name/nm2788785/?ref_=tt_cl_t_2')"
322,J.D. Hall,"('J.D. Hall', 'https://www.imdb.com/name/nm0355663/?ref_=tt_cl_t_3')"
323,Sydney Thomas,"('Sydney Thomas', 'https://www.imdb.com/name/nm8545868/?ref_=tt_cl_t_4')"
324,Charles L. Smith II,"('Charles L. Smith II', 'https://www.imdb.com/name/nm10796434/?ref_=tt_cl_t_5')"
325,Bryce C. Lewis,"('Bryce C. Lewis', 'https://www.imdb.com/name/nm9013859/?ref_=tt_cl_t_6')"
326,Peterjohn Minto,"('Peterjohn Minto', 'https://www.imdb.com/name/nm8835251/?ref_=tt_cl_t_7')"
327,Antony Gordon,"('Antony Gordon', 'https://www.imdb.com/name/nm12818178/?ref_=tt_cl_t_8')"
328,Kennedy Porter,"('Kennedy Porter', 'https://www.imdb.com/name/nm11738537/?ref_=tt_cl_t_9')"
329,Zeke Alton,"('Zeke Alton', 'https://www.imdb.com/name/nm8057866/?ref_=tt_cl_t_10')"
330,Yang Cao,"('Yang Cao', 'https://www.imdb.com/name/nm12957385/?ref_=tt_cl_t_1')"
331,Chengcheng Fang,"('Chengcheng Fang', 'https://www.imdb.com/name/nm5630911/?ref_=tt_cl_t_2')"
332,Gongyu Yang,"('Gongyu Yang', 'https://www.imdb.com/name/nm12957386/?ref_=tt_cl_t_3')"
333,Ayana Taylor,"('Ayana Taylor', 'https://www.imdb.com/name/nm8903303/?ref_=tt_cl_t_2')"
334,Joel King,"('Joel King', 'https://www.imdb.com/name/nm0454877/?ref_=tt_cl_t_1')"
335,Kera O'Bryon,"(""Kera O'Bryon"", 'https://www.imdb.com/name/nm1142276/?ref_=tt_cl_t_2')"
336,Christian Fescine,"('Christian Fescine', 'https://www.imdb.com/name/nm5891051/?ref_=tt_cl_t_1')"
337,Eric Cuevas,"('Eric Cuevas', 'https://www.imdb.com/name/nm4771102/?ref_=tt_cl_t_2')"
338,Debrah Orben,"('Debrah Orben', 'https://www.imdb.com/name/nm13029620/?ref_=tt_cl_t_3')"
339,Gary Orben,"('Gary Orben', 'https://www.imdb.com/name/nm12110567/?ref_=tt_cl_t_4')"
340,Kayla Orben,"('Kayla Orben', 'https://www.imdb.com/name/nm12110566/?ref_=tt_cl_t_5')"
341,Eve Yesthal,"('Eve Yesthal', 'https://www.imdb.com/name/nm13029619/?ref_=tt_cl_t_6')"
342,Catalina Garayoa,"('Catalina Garayoa', 'https://www.imdb.com/name/nm8239289/?ref_=tt_cl_t_1')"
343,Floriane Andersen,"('Floriane Andersen', 'https://www.imdb.com/name/nm4778921/?ref_=tt_cl_t_1')"
344,Nathaniel Katzman,"('Nathaniel Katzman', 'https://www.imdb.com/name/nm4571198/?ref_=tt_cl_t_2')"
345,Mana Singh Parmar,"('Mana Singh Parmar', 'https://www.imdb.com/name/nm12959691/?ref_=tt_cl_t_1')"
346,Shivendra Patel,"('Shivendra Patel', 'https://www.imdb.com/name/nm12959688/?ref_=tt_cl_t_2')"
347,Samar Pratap Shahi,"('Samar Pratap Shahi', 'https://www.imdb.com/name/nm12963138/?ref_=tt_cl_t_3')"
348,Vandana Shukla,"('Vandana Shukla', 'https://www.imdb.com/name/nm12959689/?ref_=tt_cl_t_4')"
349,Gyan Tiwari,"('Gyan Tiwari', 'https://www.imdb.com/name/nm12959690/?ref_=tt_cl_t_5')"
350,Gina Ann,"('Gina Ann', 'https://www.imdb.com/name/nm7329242/?ref_=tt_cl_t_1')"
351,Chad A. Fehr,"('Chad A. Fehr', 'https://www.imdb.com/name/nm3698817/?ref_=tt_cl_t_2')"
352,Ioanna Gagani,"('Ioanna Gagani', 'https://www.imdb.com/name/nm12959308/?ref_=tt_cl_t_1')"
353,Berk Ozturk,"('Berk Ozturk', 'https://www.imdb.com/name/nm8424324/?ref_=tt_cl_t_2')"
354,Vinay Prataprao Deshmukh,"('Vinay Prataprao Deshmukh', 'https://www.imdb.com/name/nm12959415/?ref_=tt_cl_t_1')"
355,Lavina Khanchandani,"('Lavina Khanchandani', 'https://www.imdb.com/name/nm11834007/?ref_=tt_cl_t_2')"
356,Jessica Ann,"('Jessica Ann', 'https://www.imdb.com/name/nm12959649/?ref_=tt_cl_t_1')"
357,Lauren Colgate,"('Lauren Colgate', 'https://www.imdb.com/name/nm7731512/?ref_=tt_cl_t_2')"
358,Hannah Grace Hays,"('Hannah Grace Hays', 'https://www.imdb.com/name/nm9588990/?ref_=tt_cl_t_3')"
359,Lindsey Parham,"('Lindsey Parham', 'https://www.imdb.com/name/nm12959648/?ref_=tt_cl_t_4')"
360,John Wilfred Roberson,"('John Wilfred Roberson', 'https://www.imdb.com/name/nm8645043/?ref_=tt_cl_t_5')"
361,Gio Garcia Alonso,"('Gio Garcia Alonso', 'https://www.imdb.com/name/nm12167458/?ref_=tt_cl_t_1')"
362,Irene Aguilar,"('Irene Aguilar', 'https://www.imdb.com/name/nm10812676/?ref_=tt_cl_t_2')"
363,Christian Caner,"('Christian Caner', 'https://www.imdb.com/name/nm2395913/?ref_=tt_cl_t_3')"
364,Gayle Rankin,"('Gayle Rankin', 'https://www.imdb.com/name/nm4587360/?ref_=tt_cl_t_1')"
365,Hannah Gross,"('Hannah Gross', 'https://www.imdb.com/name/nm2193120/?ref_=tt_cl_t_2')"
366,Norberto Calixto,"('Norberto Calixto', 'https://www.imdb.com/name/nm13659989/?ref_=tt_cl_t_1')"
367,Moisés da Silva,"('Moisés da Silva', 'https://www.imdb.com/name/nm12960249/?ref_=tt_cl_t_2')"
368,Beethoven de Andrade,"('Beethoven de Andrade', 'https://www.imdb.com/name/nm13659985/?ref_=tt_cl_t_3')"
369,Kalea de Araujo,"('Kalea de Araujo', 'https://www.imdb.com/name/nm12960248/?ref_=tt_cl_t_4')"
370,Wesley de Lemos,"('Wesley de Lemos', 'https://www.imdb.com/name/nm12960251/?ref_=tt_cl_t_5')"
371,Patrícia Guimarães,"('Patrícia Guimarães', 'https://www.imdb.com/name/nm13659986/?ref_=tt_cl_t_6')"
372,Magno Martins,"('Magno Martins', 'https://www.imdb.com/name/nm12960250/?ref_=tt_cl_t_7')"
373,Issa Victor Wendmangde Nana,"('Issa Victor Wendmangde Nana', 'https://www.imdb.com/name/nm13659988/?ref_=tt_cl_t_8')"
374,Josefina Serra,"('Josefina Serra', 'https://www.imdb.com/name/nm13659987/?ref_=tt_cl_t_9')"
375,Aline Souza,"('Aline Souza', 'https://www.imdb.com/name/nm14918347/?ref_=tt_cl_t_10')"
376,Yûki Kedôin,"('Yûki Kedôin', 'https://www.imdb.com/name/nm7031491/?ref_=tt_cl_t_1')"
377,Takashi Okado,"('Takashi Okado', 'https://www.imdb.com/name/nm11917346/?ref_=tt_cl_t_2')"
378,Yo Osamu,"('Yo Osamu', 'https://www.imdb.com/name/nm12960226/?ref_=tt_cl_t_3')"
379,Lucky Mangione,"('Lucky Mangione', 'https://www.imdb.com/name/nm5399416/?ref_=tt_cl_t_1')"
380,Rosey Baker,"('Rosey Baker', 'https://www.imdb.com/name/nm7437936/?ref_=tt_cl_t_2')"
381,Ashley Rogers,"('Ashley Rogers', 'https://www.imdb.com/name/nm5899003/?ref_=tt_cl_t_3')"
382,Todd Holmes,"('Todd Holmes', 'https://www.imdb.com/name/nm13384919/?ref_=tt_cl_t_4')"
383,Anethra Shook,"('Anethra Shook', 'https://www.imdb.com/name/nm13384924/?ref_=tt_cl_t_5')"
384,Kenna Vickerson,"('Kenna Vickerson', 'https://www.imdb.com/name/nm13384921/?ref_=tt_cl_t_6')"
385,Ladeijah Smith,"('Ladeijah Smith', 'https://www.imdb.com/name/nm13384918/?ref_=tt_cl_t_7')"
386,Chelsea Teague,"('Chelsea Teague', 'https://www.imdb.com/name/nm13384920/?ref_=tt_cl_t_8')"
387,Ajayla Vickerson,"('Ajayla Vickerson', 'https://www.imdb.com/name/nm13384922/?ref_=tt_cl_t_9')"
388,Marc'a Bizkerstaff,"(""Marc'a Bizkerstaff"", 'https://www.imdb.com/name/nm13384923/?ref_=tt_cl_t_10')"
389,Ketino Christopher,"('Ketino Christopher', 'https://www.imdb.com/name/nm8277397/?ref_=tt_cl_t_1')"
390,Carley Herlihy,"('Carley Herlihy', 'https://www.imdb.com/name/nm10351926/?ref_=tt_cl_t_2')"
391,Carly Herlihy,"('Carly Herlihy', 'https://www.imdb.com/name/nm12963892/?ref_=tt_cl_t_3')"
392,Kyle Jacob Henry,"('Kyle Jacob Henry', 'https://www.imdb.com/name/nm8231979/?ref_=tt_cl_t_1')"
393,Ben Richardson,"('Ben Richardson', 'https://www.imdb.com/name/nm4963686/?ref_=tt_cl_t_2')"
394,Wil Wilson,"('Wil Wilson', 'https://www.imdb.com/name/nm9775617/?ref_=tt_cl_t_3')"
395,François Dupont,"('François Dupont', 'https://www.imdb.com/name/nm6739597/?ref_=tt_cl_t_1')"
396,Alain Goblet,"('Alain Goblet', 'https://www.imdb.com/name/nm9929769/?ref_=tt_cl_t_2')"
397,Gaetan Gueli,"('Gaetan Gueli', 'https://www.imdb.com/name/nm6119021/?ref_=tt_cl_t_3')"
398,Lola,"('Lola', 'https://www.imdb.com/name/nm7739694/?ref_=tt_cl_t_4')"
399,Cynda Williams,"('Cynda Williams', 'https://www.imdb.com/name/nm0930326/?ref_=tt_cl_t_1')"
400,Michael J. Feehrer,"('Michael J. Feehrer', 'https://www.imdb.com/name/nm11842190/?ref_=tt_cl_t_2')"
401,Kevin A. Johnson II,"('Kevin A. Johnson II', 'https://www.imdb.com/name/nm12139744/?ref_=tt_cl_t_3')"
402,Angela Roberts,"('Angela Roberts', 'https://www.imdb.com/name/nm11783592/?ref_=tt_cl_t_4')"
403,James Gordon,"('James Gordon', 'https://www.imdb.com/name/nm6632355/?ref_=tt_cl_t_5')"
404,Adriana Gorny,"('Adriana Gorny', 'https://www.imdb.com/name/nm12602459/?ref_=tt_cl_t_6')"
405,Steven Hermez,"('Steven Hermez', 'https://www.imdb.com/name/nm10510803/?ref_=tt_cl_t_7')"
406,Sarah Sisay,"('Sarah Sisay', 'https://www.imdb.com/name/nm12602863/?ref_=tt_cl_t_8')"
407,Martha Moncada,"('Martha Moncada', 'https://www.imdb.com/name/nm10690830/?ref_=tt_cl_t_9')"
408,Kevin Marquette,"('Kevin Marquette', 'https://www.imdb.com/name/nm1816126/?ref_=tt_cl_t_10')"
409,Ulrica de la Mar,"('Ulrica de la Mar', 'https://www.imdb.com/name/nm7987065/?ref_=tt_cl_t_1')"
410,Naomi Dekker,"('Naomi Dekker', 'https://www.imdb.com/name/nm11604759/?ref_=tt_cl_t_2')"
411,Arian Foppen,"('Arian Foppen', 'https://www.imdb.com/name/nm3700984/?ref_=tt_cl_t_3')"
412,Zouhair Mtazi,"('Zouhair Mtazi', 'https://www.imdb.com/name/nm5623174/?ref_=tt_cl_t_4')"
413,Muthu Kumar,"('Muthu Kumar', 'https://www.imdb.com/name/nm12973029/?ref_=tt_cl_t_1')"
414,Sabu Manidas,"('Sabu Manidas', 'https://www.imdb.com/name/nm12262400/?ref_=tt_cl_t_2')"
415,Sijas Rahman,"('Sijas Rahman', 'https://www.imdb.com/name/nm12973030/?ref_=tt_cl_t_3')"
416,Jisha Sabu Das,"('Jisha Sabu Das', 'https://www.imdb.com/name/nm10026611/?ref_=tt_cl_t_4')"
417,Dinesh Sundarraj,"('Dinesh Sundarraj', 'https://www.imdb.com/name/nm10026619/?ref_=tt_cl_t_5')"
418,Roshni Venugopal,"('Roshni Venugopal', 'https://www.imdb.com/name/nm8906875/?ref_=tt_cl_t_6')"
419,Leah Carroll,"('Leah Carroll', 'https://www.imdb.com/name/nm12804194/?ref_=tt_cl_t_1')"
420,Dominique Diamante,"('Dominique Diamante', 'https://www.imdb.com/name/nm12957558/?ref_=tt_cl_t_2')"
421,Amber Litkowiec,"('Amber Litkowiec', 'https://www.imdb.com/name/nm12960559/?ref_=tt_cl_t_3')"
422,Douglas Montoya,"('Douglas Montoya', 'https://www.imdb.com/name/nm12768925/?ref_=tt_cl_t_4')"
423,Trillian Schlaeppi,"('Trillian Schlaeppi', 'https://www.imdb.com/name/nm12768926/?ref_=tt_cl_t_5')"
424,Dominic Grey,"('Dominic Grey', 'https://www.imdb.com/name/nm12962446/?ref_=tt_cl_t_1')"
425,Cooper Haddon,"('Cooper Haddon', 'https://www.imdb.com/name/nm12962448/?ref_=tt_cl_t_2')"
426,Alessia Hart,"('Alessia Hart', 'https://www.imdb.com/name/nm12962450/?ref_=tt_cl_t_3')"
427,Dubu Linggi,"('Dubu Linggi', 'https://www.imdb.com/name/nm12962447/?ref_=tt_cl_t_4')"
428,Cassie Mott,"('Cassie Mott', 'https://www.imdb.com/name/nm12962445/?ref_=tt_cl_t_5')"
429,Moon Taylor,"('Moon Taylor', 'https://www.imdb.com/name/nm12962449/?ref_=tt_cl_t_6')"
430,Eda Akova,"('Eda Akova', 'https://www.imdb.com/name/nm13031431/?ref_=tt_cl_t_1')"
431,Deniz Campinar,"('Deniz Campinar', 'https://www.imdb.com/name/nm13031430/?ref_=tt_cl_t_2')"
432,Deniz Cûrûk,"('Deniz Cûrûk', 'https://www.imdb.com/name/nm13031434/?ref_=tt_cl_t_3')"
433,Yeliz Dogan,"('Yeliz Dogan', 'https://www.imdb.com/name/nm9265766/?ref_=tt_cl_t_4')"
434,Zehra Göktas,"('Zehra Göktas', 'https://www.imdb.com/name/nm13031429/?ref_=tt_cl_t_5')"
435,Lisanne Hoefnagels,"('Lisanne Hoefnagels', 'https://www.imdb.com/name/nm10329427/?ref_=tt_cl_t_6')"
436,Ferhat Kaplan,"('Ferhat Kaplan', 'https://www.imdb.com/name/nm12104187/?ref_=tt_cl_t_7')"
437,Oya Capelle Karsman,"('Oya Capelle Karsman', 'https://www.imdb.com/name/nm1663516/?ref_=tt_cl_t_8')"
438,Ilaya Rezai,"('Ilaya Rezai', 'https://www.imdb.com/name/nm13031432/?ref_=tt_cl_t_9')"
439,Ariana Tarasevicíute,"('Ariana Tarasevicíute', 'https://www.imdb.com/name/nm13031435/?ref_=tt_cl_t_10')"
440,Kevin Barth,"('Kevin Barth', 'https://www.imdb.com/name/nm0058549/?ref_=tt_cl_t_1')"
441,Ingo Heise,"('Ingo Heise', 'https://www.imdb.com/name/nm12962203/?ref_=tt_cl_t_2')"
442,Bakhtyar Karimi,"('Bakhtyar Karimi', 'https://www.imdb.com/name/nm12962205/?ref_=tt_cl_t_3')"
443,Frank Krieg,"('Frank Krieg', 'https://www.imdb.com/name/nm10900840/?ref_=tt_cl_t_4')"
444,Sabine Martin,"('Sabine Martin', 'https://www.imdb.com/name/nm12962201/?ref_=tt_cl_t_5')"
445,Karsten Matthiasson,"('Karsten Matthiasson', 'https://www.imdb.com/name/nm12962202/?ref_=tt_cl_t_6')"
446,Lary Muller,"('Lary Muller', 'https://www.imdb.com/name/nm10498188/?ref_=tt_cl_t_7')"
447,Bordercollie Sindy,"('Bordercollie Sindy', 'https://www.imdb.com/name/nm12962204/?ref_=tt_cl_t_8')"
448,Jenny Boswell,"('Jenny Boswell', 'https://www.imdb.com/name/nm10076229/?ref_=tt_cl_t_1')"
449,Nicholas Chokan,"('Nicholas Chokan', 'https://www.imdb.com/name/nm4284654/?ref_=tt_cl_t_2')"
450,John P. Cox,"('John P. Cox', 'https://www.imdb.com/name/nm9422466/?ref_=tt_cl_t_3')"
451,Melanie Garbash,"('Melanie Garbash', 'https://www.imdb.com/name/nm12960847/?ref_=tt_cl_t_4')"
452,Jon Heus,"('Jon Heus', 'https://www.imdb.com/name/nm10744837/?ref_=tt_cl_t_5')"
453,Michael James,"('Michael James', 'https://www.imdb.com/name/nm12960845/?ref_=tt_cl_t_6')"
454,Fred Munkachy,"('Fred Munkachy', 'https://www.imdb.com/name/nm4562813/?ref_=tt_cl_t_7')"
455,Anna Rico,"('Anna Rico', 'https://www.imdb.com/name/nm12960846/?ref_=tt_cl_t_8')"
456,Nicole Rico,"('Nicole Rico', 'https://www.imdb.com/name/nm10745270/?ref_=tt_cl_t_9')"
457,Debbie Scaletta,"('Debbie Scaletta', 'https://www.imdb.com/name/nm6755509/?ref_=tt_cl_t_10')"
458,Alberto Catucci,"('Alberto Catucci', 'https://www.imdb.com/name/nm12962145/?ref_=tt_cl_t_1')"
459,Giulia Diaferia,"('Giulia Diaferia', 'https://www.imdb.com/name/nm12962146/?ref_=tt_cl_t_2')"
460,Antonio Quercia,"('Antonio Quercia', 'https://www.imdb.com/name/nm12962147/?ref_=tt_cl_t_3')"
461,Damyan Andreev,"('Damyan Andreev', 'https://www.imdb.com/name/nm9649120/?ref_=tt_cl_t_1')"
462,Pascal Buchsbaum,"('Pascal Buchsbaum', 'https://www.imdb.com/name/nm12962581/?ref_=tt_cl_t_2')"
463,Gabriel Holzer,"('Gabriel Holzer', 'https://www.imdb.com/name/nm7821960/?ref_=tt_cl_t_3')"
464,Elias Hönle,"('Elias Hönle', 'https://www.imdb.com/name/nm7919000/?ref_=tt_cl_t_4')"
465,Philipp Zanaschka,"('Philipp Zanaschka', 'https://www.imdb.com/name/nm12962582/?ref_=tt_cl_t_5')"
466,Nina Agathou,"('Nina Agathou', 'https://www.imdb.com/name/nm10802812/?ref_=tt_cl_t_1')"
467,Ewwlina Ruszkin,"('Ewwlina Ruszkin', 'https://www.imdb.com/name/nm12961979/?ref_=tt_cl_t_2')"
468,Pierre Lottin,"('Pierre Lottin', 'https://www.imdb.com/name/nm4544506/?ref_=tt_cl_t_1')"
469,Lola Le Lann,"('Lola Le Lann', 'https://www.imdb.com/name/nm6908204/?ref_=tt_cl_t_2')"
470,Adda Senani,"('Adda Senani', 'https://www.imdb.com/name/nm9211799/?ref_=tt_cl_t_3')"
471,Olivier Chantreau,"('Olivier Chantreau', 'https://www.imdb.com/name/nm3495330/?ref_=tt_cl_t_4')"
472,Victor Le Blond,"('Victor Le Blond', 'https://www.imdb.com/name/nm4588926/?ref_=tt_cl_t_5')"
473,Maurin Olles,"('Maurin Olles', 'https://www.imdb.com/name/nm7870028/?ref_=tt_cl_t_6')"
474,David Allard,"('David Allard', 'https://www.imdb.com/name/nm12962619/?ref_=tt_cl_t_1')"
475,Jaime Barria,"('Jaime Barria', 'https://www.imdb.com/name/nm12962617/?ref_=tt_cl_t_2')"
476,Tia Diagne,"('Tia Diagne', 'https://www.imdb.com/name/nm6658146/?ref_=tt_cl_t_3')"
477,Marie Lechot,"('Marie Lechot', 'https://www.imdb.com/name/nm12962618/?ref_=tt_cl_t_4')"
478,Megane Lederrey,"('Megane Lederrey', 'https://www.imdb.com/name/nm12962615/?ref_=tt_cl_t_5')"
479,Pascal Parizot,"('Pascal Parizot', 'https://www.imdb.com/name/nm3888272/?ref_=tt_cl_t_6')"
480,Rita Peverelli,"('Rita Peverelli', 'https://www.imdb.com/name/nm12962616/?ref_=tt_cl_t_7')"
481,Vithyaah Subramaniam,"('Vithyaah Subramaniam', 'https://www.imdb.com/name/nm12962620/?ref_=tt_cl_t_8')"
482,Lawrence Valin,"('Lawrence Valin', 'https://www.imdb.com/name/nm5886745/?ref_=tt_cl_t_9')"
483,Joe Dekkers-Reihana,"('Joe Dekkers-Reihana', 'https://www.imdb.com/name/nm2645445/?ref_=tt_cl_t_1')"
484,Ella Edward,"('Ella Edward', 'https://www.imdb.com/name/nm3408182/?ref_=tt_cl_t_2')"
485,Miriama McDowell,"('Miriama McDowell', 'https://www.imdb.com/name/nm1796854/?ref_=tt_cl_t_3')"
486,Mel Odedra,"('Mel Odedra', 'https://www.imdb.com/name/nm8666770/?ref_=tt_cl_t_4')"
487,Kararaina Rangihau,"('Kararaina Rangihau', 'https://www.imdb.com/name/nm5345749/?ref_=tt_cl_t_5')"
488,Piripi Taylor,"('Piripi Taylor', 'https://www.imdb.com/name/nm12961482/?ref_=tt_cl_t_6')"
489,Ariadna Santana,"('Ariadna Santana', 'https://www.imdb.com/name/nm5228269/?ref_=tt_cl_t_1')"
490,Eduardo Gallo,"('Eduardo Gallo', 'https://www.imdb.com/name/nm12962574/?ref_=tt_cl_t_2')"
491,Mara Ballestero,"('Mara Ballestero', 'https://www.imdb.com/name/nm8519515/?ref_=tt_cl_t_3')"
492,Pedro Vassallo,"('Pedro Vassallo', 'https://www.imdb.com/name/nm3190284/?ref_=tt_cl_t_4')"
493,Elia Sánchez,"('Elia Sánchez', 'https://www.imdb.com/name/nm12962575/?ref_=tt_cl_t_5')"
494,India Soria,"('India Soria', 'https://www.imdb.com/name/nm12962576/?ref_=tt_cl_t_6')"
495,Carlota Bermúdez Cabrera,"('Carlota Bermúdez Cabrera', 'https://www.imdb.com/name/nm10751622/?ref_=tt_cl_t_7')"
496,Grisell Cruz,"('Grisell Cruz', 'https://www.imdb.com/name/nm12963040/?ref_=tt_cl_t_1')"
497,John Galstyan,"('John Galstyan', 'https://www.imdb.com/name/nm12963037/?ref_=tt_cl_t_2')"
498,Alessandro Joel,"('Alessandro Joel', 'https://www.imdb.com/name/nm8040708/?ref_=tt_cl_t_3')"
499,A.J. Mastro,"('A.J. Mastro', 'https://www.imdb.com/name/nm12963039/?ref_=tt_cl_t_4')"
500,Chris Thixton,"('Chris Thixton', 'https://www.imdb.com/name/nm12963038/?ref_=tt_cl_t_5')"
501,Grace Gilbert,"('Grace Gilbert', 'https://www.imdb.com/name/nm12962944/?ref_=tt_cl_t_1')"
502,Colin McDonald,"('Colin McDonald', 'https://www.imdb.com/name/nm12962947/?ref_=tt_cl_t_2')"
503,Sophie O'Brien,"(""Sophie O'Brien"", 'https://www.imdb.com/name/nm12962864/?ref_=tt_cl_t_3')"
504,Daniel Orejon,"('Daniel Orejon', 'https://www.imdb.com/name/nm12962946/?ref_=tt_cl_t_4')"
505,Tiia Stevenson,"('Tiia Stevenson', 'https://www.imdb.com/name/nm12962945/?ref_=tt_cl_t_5')"
506,Sisisi Han,"('Sisisi Han', 'https://www.imdb.com/name/nm12958994/?ref_=tt_cl_t_1')"
507,Jiahui He,"('Jiahui He', 'https://www.imdb.com/name/nm12958996/?ref_=tt_cl_t_2')"
508,Jingru Zheng,"('Jingru Zheng', 'https://www.imdb.com/name/nm12958995/?ref_=tt_cl_t_3')"
509,Nicholas Hope,"('Nicholas Hope', 'https://www.imdb.com/name/nm0394034/?ref_=tt_cl_t_1')"
510,Ben O'Toole,"(""Ben O'Toole"", 'https://www.imdb.com/name/nm4649116/?ref_=tt_cl_t_2')"
511,Olena Khyzhna,"('Olena Khyzhna', 'https://www.imdb.com/name/nm10813529/?ref_=tt_cl_t_1')"
512,Igor Gerashchenko,"('Igor Gerashchenko', 'https://www.imdb.com/name/nm4088916/?ref_=tt_cl_t_2')"
513,Natalie Kononenko,"('Natalie Kononenko', 'https://www.imdb.com/name/nm11617993/?ref_=tt_cl_t_3')"
514,Meitar Atias,"('Meitar Atias', 'https://www.imdb.com/name/nm12964075/?ref_=tt_cl_t_1')"
515,Itzik Ebel,"('Itzik Ebel', 'https://www.imdb.com/name/nm5885996/?ref_=tt_cl_t_2')"
516,Rodia Kozlovski,"('Rodia Kozlovski', 'https://www.imdb.com/name/nm2685368/?ref_=tt_cl_t_3')"
517,Josh Sagie,"('Josh Sagie', 'https://www.imdb.com/name/nm6531699/?ref_=tt_cl_t_4')"
518,Eran Sar'el,"(""Eran Sar'el"", 'https://www.imdb.com/name/nm2336588/?ref_=tt_cl_t_5')"
519,Shlomo Toledo,"('Shlomo Toledo', 'https://www.imdb.com/name/nm3891957/?ref_=tt_cl_t_6')"
520,Yuval Yanai,"('Yuval Yanai', 'https://www.imdb.com/name/nm5577864/?ref_=tt_cl_t_7')"
521,Laura Luppino,"('Laura Luppino', 'https://www.imdb.com/name/nm10004331/?ref_=tt_cl_t_1')"
522,Matthew Luppino,"('Matthew Luppino', 'https://www.imdb.com/name/nm7287856/?ref_=tt_cl_t_2')"
523,Eddie Vincent,"('Eddie Vincent', 'https://www.imdb.com/name/nm4315642/?ref_=tt_cl_t_1')"
524,Francis Cruz,"('Francis Cruz', 'https://www.imdb.com/name/nm2876605/?ref_=tt_cl_t_1')"
525,Alexis Luciano,"('Alexis Luciano', 'https://www.imdb.com/name/nm12013734/?ref_=tt_cl_t_2')"
526,Isabel Spencer,"('Isabel Spencer', 'https://www.imdb.com/name/nm1902887/?ref_=tt_cl_t_3')"
527,Ryon Thomas,"('Ryon Thomas', 'https://www.imdb.com/name/nm10749166/?ref_=tt_cl_t_1')"
528,Michelle Liakhava,"('Michelle Liakhava', 'https://www.imdb.com/name/nm12530076/?ref_=tt_cl_t_2')"
529,Zhan Wang,"('Zhan Wang', 'https://www.imdb.com/name/nm8172710/?ref_=tt_cl_t_1')"
530,JJ Ward,"('JJ Ward', 'https://www.imdb.com/name/nm10889715/?ref_=tt_cl_t_2')"
531,Marie Kelli,"('Marie Kelli', 'https://www.imdb.com/name/nm12464016/?ref_=tt_cl_t_3')"
532,Jonathan Lee,"('Jonathan Lee', 'https://www.imdb.com/name/nm5963650/?ref_=tt_cl_t_4')"
533,Max Cattana,"('Max Cattana', 'https://www.imdb.com/name/nm12465042/?ref_=tt_cl_t_1')"
534,Mieke De Groote,"('Mieke De Groote', 'https://www.imdb.com/name/nm0208731/?ref_=tt_cl_t_1')"
535,Thierry Hellin,"('Thierry Hellin', 'https://www.imdb.com/name/nm9190670/?ref_=tt_cl_t_2')"
536,Laura Sepul,"('Laura Sepul', 'https://www.imdb.com/name/nm3743244/?ref_=tt_cl_t_3')"
537,Tibo Vandenborre,"('Tibo Vandenborre', 'https://www.imdb.com/name/nm2146938/?ref_=tt_cl_t_4')"
538,Paraic Bermingham,"('Paraic Bermingham', 'https://www.imdb.com/name/nm10436665/?ref_=tt_cl_t_1')"
539,Barnaby Gickel,"('Barnaby Gickel', 'https://www.imdb.com/name/nm9043187/?ref_=tt_cl_t_2')"
540,Michelle Huirama,"('Michelle Huirama', 'https://www.imdb.com/name/nm0401253/?ref_=tt_cl_t_3')"
541,Siana Smith,"('Siana Smith', 'https://www.imdb.com/name/nm10411949/?ref_=tt_cl_t_4')"
542,Tamsin Ford,"('Tamsin Ford', 'https://www.imdb.com/name/nm10410109/?ref_=tt_cl_t_1')"
543,Lydia Piper,"('Lydia Piper', 'https://www.imdb.com/name/nm12966177/?ref_=tt_cl_t_2')"
544,Georgia Bellett,"('Georgia Bellett', 'https://www.imdb.com/name/nm10895896/?ref_=tt_cl_t_3')"
545,Nancy Hsu,"('Nancy Hsu', 'https://www.imdb.com/name/nm12965068/?ref_=tt_cl_t_1')"
546,Peter Hawping Hsui,"('Peter Hawping Hsui', 'https://www.imdb.com/name/nm12353038/?ref_=tt_cl_t_2')"
547,Jim Wang,"('Jim Wang', 'https://www.imdb.com/name/nm12141555/?ref_=tt_cl_t_3')"
548,Ceia Zhou,"('Ceia Zhou', 'https://www.imdb.com/name/nm12611870/?ref_=tt_cl_t_4')"
549,Ayomide Adeloye,"('Ayomide Adeloye', 'https://www.imdb.com/name/nm12640974/?ref_=tt_cl_t_1')"
550,Patrick Opitz,"('Patrick Opitz', 'https://www.imdb.com/name/nm6070519/?ref_=tt_cl_t_2')"
551,Franklin Tochi Nwosu,"('Franklin Tochi Nwosu', 'https://www.imdb.com/name/nm8807782/?ref_=tt_cl_t_3')"
552,Amy S. Young,"('Amy S. Young', 'https://www.imdb.com/name/nm10257796/?ref_=tt_cl_t_4')"
553,Yu Geng,"('Yu Geng', 'https://www.imdb.com/name/nm12966404/?ref_=tt_cl_t_1')"
554,Wei Han,"('Wei Han', 'https://www.imdb.com/name/nm12966401/?ref_=tt_cl_t_2')"
555,ShaoYu Huang,"('ShaoYu Huang', 'https://www.imdb.com/name/nm12966400/?ref_=tt_cl_t_3')"
556,Yue Song,"('Yue Song', 'https://www.imdb.com/name/nm12966398/?ref_=tt_cl_t_4')"
557,Hanshuo Wen,"('Hanshuo Wen', 'https://www.imdb.com/name/nm12966402/?ref_=tt_cl_t_5')"
558,Tianfu Wu,"('Tianfu Wu', 'https://www.imdb.com/name/nm12966403/?ref_=tt_cl_t_6')"
559,Ting Wu,"('Ting Wu', 'https://www.imdb.com/name/nm12966397/?ref_=tt_cl_t_7')"
560,Cong Yu,"('Cong Yu', 'https://www.imdb.com/name/nm12966399/?ref_=tt_cl_t_8')"
561,Stella Park,"('Stella Park', 'https://www.imdb.com/name/nm7131269/?ref_=tt_cl_t_1')"
562,Young Hee Park,"('Young Hee Park', 'https://www.imdb.com/name/nm15382362/?ref_=tt_cl_t_2')"
563,See-Woo Bae,"('See-Woo Bae', 'https://www.imdb.com/name/nm15382363/?ref_=tt_cl_t_3')"
564,Anna Jeong,"('Anna Jeong', 'https://www.imdb.com/name/nm15382364/?ref_=tt_cl_t_4')"
565,Ria Kwon,"('Ria Kwon', 'https://www.imdb.com/name/nm15382365/?ref_=tt_cl_t_5')"
566,Induk Lee,"('Induk Lee', 'https://www.imdb.com/name/nm8937855/?ref_=tt_cl_t_6')"
567,Allen King Avanesian,"('Allen King Avanesian', 'https://www.imdb.com/name/nm12965563/?ref_=tt_cl_t_1')"
568,Atoosa Fazayeli,"('Atoosa Fazayeli', 'https://www.imdb.com/name/nm12965564/?ref_=tt_cl_t_2')"
569,Hasan Sarchahi,"('Hasan Sarchahi', 'https://www.imdb.com/name/nm12965562/?ref_=tt_cl_t_3')"
570,David Chamberlain,"('David Chamberlain', 'https://www.imdb.com/name/nm11109144/?ref_=tt_cl_t_1')"
571,Sonja Hugo,"('Sonja Hugo', 'https://www.imdb.com/name/nm12964957/?ref_=tt_cl_t_2')"
572,Kinshuk Chouksey,"('Kinshuk Chouksey', 'https://www.imdb.com/name/nm12966521/?ref_=tt_cl_t_1')"
573,Girish Gopinath,"('Girish Gopinath', 'https://www.imdb.com/name/nm12966519/?ref_=tt_cl_t_2')"
574,Karthik Menon,"('Karthik Menon', 'https://www.imdb.com/name/nm12966843/?ref_=tt_cl_t_3')"
575,Mythili Oruvannoor,"('Mythili Oruvannoor', 'https://www.imdb.com/name/nm12966520/?ref_=tt_cl_t_4')"
576,Jaggi Aujla,"('Jaggi Aujla', 'https://www.imdb.com/name/nm11079018/?ref_=tt_cl_t_1')"
577,Amitojdeep Basra,"('Amitojdeep Basra', 'https://www.imdb.com/name/nm12965109/?ref_=tt_cl_t_2')"
578,Lovepreet Mohan,"('Lovepreet Mohan', 'https://www.imdb.com/name/nm12965112/?ref_=tt_cl_t_3')"
579,Sarbjit Sabbi,"('Sarbjit Sabbi', 'https://www.imdb.com/name/nm12965110/?ref_=tt_cl_t_4')"
580,Ashley Sharma,"('Ashley Sharma', 'https://www.imdb.com/name/nm12965111/?ref_=tt_cl_t_5')"
581,Vikramjeet Singh,"('Vikramjeet Singh', 'https://www.imdb.com/name/nm12965113/?ref_=tt_cl_t_6')"
582,Balwinder Soni,"('Balwinder Soni', 'https://www.imdb.com/name/nm10288925/?ref_=tt_cl_t_7')"
583,Bella Lund Waser,"('Bella Lund Waser', 'https://www.imdb.com/name/nm12965912/?ref_=tt_cl_t_1')"
584,Anna Åstrand,"('Anna Åstrand', 'https://www.imdb.com/name/nm12299398/?ref_=tt_cl_t_2')"
585,Linnea Möller,"('Linnea Möller', 'https://www.imdb.com/name/nm12965913/?ref_=tt_cl_t_3')"
586,Thea Fransson,"('Thea Fransson', 'https://www.imdb.com/name/nm12965914/?ref_=tt_cl_t_4')"
587,Sara Chaanhing Kennedy,"('Sara Chaanhing Kennedy', 'https://www.imdb.com/name/nm1800239/?ref_=tt_cl_t_5')"
588,Alexander Ortiz,"('Alexander Ortiz', 'https://www.imdb.com/name/nm12967398/?ref_=tt_cl_t_1')"
589,Anya Keelie,"('Anya Keelie', 'https://www.imdb.com/name/nm12053185/?ref_=tt_cl_t_2')"
590,Ryan Halasz,"('Ryan Halasz', 'https://www.imdb.com/name/nm3912283/?ref_=tt_cl_t_2')"
591,Morgan Sydnee,"('Morgan Sydnee', 'https://www.imdb.com/name/nm12699333/?ref_=tt_cl_t_3')"
592,Emily Bordley,"('Emily Bordley', 'https://www.imdb.com/name/nm12940779/?ref_=tt_cl_t_4')"
593,Asit Basu,"('Asit Basu', 'https://www.imdb.com/name/nm5493905/?ref_=tt_cl_t_1')"
594,Koushik Chakraborty,"('Koushik Chakraborty', 'https://www.imdb.com/name/nm11819603/?ref_=tt_cl_t_2')"
595,Ishan Mazumder,"('Ishan Mazumder', 'https://www.imdb.com/name/nm8137649/?ref_=tt_cl_t_3')"
596,Alakananda Ray,"('Alakananda Ray', 'https://www.imdb.com/name/nm0746923/?ref_=tt_cl_t_4')"
597,Caroline Bell,"('Caroline Bell', 'https://www.imdb.com/name/nm12968730/?ref_=tt_cl_t_1')"
598,Jenny Bell,"('Jenny Bell', 'https://www.imdb.com/name/nm12968729/?ref_=tt_cl_t_2')"
599,Michael Bell,"('Michael Bell', 'https://www.imdb.com/name/nm12609776/?ref_=tt_cl_t_3')"
600,Michael Antonio Keane,"('Michael Antonio Keane', 'https://www.imdb.com/name/nm12816884/?ref_=tt_cl_t_4')"
601,Greta Thornton,"('Greta Thornton', 'https://www.imdb.com/name/nm12968731/?ref_=tt_cl_t_5')"
602,Cerentha Favetti,"('Cerentha Favetti', 'https://www.imdb.com/name/nm10264928/?ref_=tt_cl_t_1')"
603,Alice Livingstone,"('Alice Livingstone', 'https://www.imdb.com/name/nm0515312/?ref_=tt_cl_t_2')"
604,Jordan Stam,"('Jordan Stam', 'https://www.imdb.com/name/nm10661688/?ref_=tt_cl_t_3')"
605,Enzo Martin,"('Enzo Martin', 'https://www.imdb.com/name/nm12198624/?ref_=tt_cl_t_1')"
606,Artur Metke,"('Artur Metke', 'https://www.imdb.com/name/nm12967937/?ref_=tt_cl_t_2')"
607,Katherine Metke,"('Katherine Metke', 'https://www.imdb.com/name/nm12967936/?ref_=tt_cl_t_3')"
608,Benny Schlesinger,"('Benny Schlesinger', 'https://www.imdb.com/name/nm12967935/?ref_=tt_cl_t_4')"
609,Eri Watanabe,"('Eri Watanabe', 'https://www.imdb.com/name/nm10751851/?ref_=tt_cl_t_1')"
610,Caroline Anderson,"('Caroline Anderson', 'https://www.imdb.com/name/nm12139344/?ref_=tt_cl_t_1')"
611,Anna Belanger,"('Anna Belanger', 'https://www.imdb.com/name/nm5104845/?ref_=tt_cl_t_2')"
612,Dani Bryan,"('Dani Bryan', 'https://www.imdb.com/name/nm7322444/?ref_=tt_cl_t_1')"
613,Jomack Miranda,"('Jomack Miranda', 'https://www.imdb.com/name/nm12940778/?ref_=tt_cl_t_2')"
614,Sam Gittins,"('Sam Gittins', 'https://www.imdb.com/name/nm5314645/?ref_=tt_cl_t_1')"
615,Steven Elder,"('Steven Elder', 'https://www.imdb.com/name/nm0253097/?ref_=tt_cl_t_2')"
616,Sean Ward,"('Sean Ward', 'https://www.imdb.com/name/nm1664617/?ref_=tt_cl_t_3')"
617,Eddie Webber,"('Eddie Webber', 'https://www.imdb.com/name/nm0916370/?ref_=tt_cl_t_4')"
618,Emily Haigh,"('Emily Haigh', 'https://www.imdb.com/name/nm3241196/?ref_=tt_cl_t_5')"
619,Kris Saddler,"('Kris Saddler', 'https://www.imdb.com/name/nm4267212/?ref_=tt_cl_t_6')"
620,Bayley Freer,"('Bayley Freer', 'https://www.imdb.com/name/nm6433838/?ref_=tt_cl_t_7')"
621,Joe Egan,"('Joe Egan', 'https://www.imdb.com/name/nm3041037/?ref_=tt_cl_t_8')"
622,Tedroy Newell,"('Tedroy Newell', 'https://www.imdb.com/name/nm9526528/?ref_=tt_cl_t_9')"
623,Josh Bevis,"('Josh Bevis', 'https://www.imdb.com/name/nm12972848/?ref_=tt_cl_t_10')"
624,Aris Balis,"('Aris Balis', 'https://www.imdb.com/name/nm7624302/?ref_=tt_cl_t_1')"
625,Katerina Papandreou,"('Katerina Papandreou', 'https://www.imdb.com/name/nm8545689/?ref_=tt_cl_t_2')"
626,Prashanth Appoottan,"('Prashanth Appoottan', 'https://www.imdb.com/name/nm12968289/?ref_=tt_cl_t_1')"
627,Ashtamoorthy,"('Ashtamoorthy', 'https://www.imdb.com/name/nm12968288/?ref_=tt_cl_t_2')"
628,Devasankar,"('Devasankar', 'https://www.imdb.com/name/nm12968286/?ref_=tt_cl_t_3')"
629,Sreevidya Dinesha,"('Sreevidya Dinesha', 'https://www.imdb.com/name/nm12966522/?ref_=tt_cl_t_4')"
630,Manuj Narayanan,"('Manuj Narayanan', 'https://www.imdb.com/name/nm12968285/?ref_=tt_cl_t_5')"
631,Aditi Oruvannoor,"('Aditi Oruvannoor', 'https://www.imdb.com/name/nm12968284/?ref_=tt_cl_t_6')"
632,Anoop Oruvannoor,"('Anoop Oruvannoor', 'https://www.imdb.com/name/nm12968282/?ref_=tt_cl_t_7')"
633,Manit Oruvannoor,"('Manit Oruvannoor', 'https://www.imdb.com/name/nm12968287/?ref_=tt_cl_t_8')"
634,Dileep Paveri,"('Dileep Paveri', 'https://www.imdb.com/name/nm12968281/?ref_=tt_cl_t_9')"
635,Sadhika Paveri,"('Sadhika Paveri', 'https://www.imdb.com/name/nm12968283/?ref_=tt_cl_t_10')"
636,Trent Welstead,"('Trent Welstead', 'https://www.imdb.com/name/nm9952655/?ref_=tt_cl_t_1')"
637,Mary Bacon,"('Mary Bacon', 'https://www.imdb.com/name/nm1544008/?ref_=tt_cl_t_1')"
638,Josie Burke,"('Josie Burke', 'https://www.imdb.com/name/nm5738897/?ref_=tt_cl_t_2')"
639,Norm Lewis,"('Norm Lewis', 'https://www.imdb.com/name/nm0507592/?ref_=tt_cl_t_3')"
640,Ty Robinson,"('Ty Robinson', 'https://www.imdb.com/name/nm2066552/?ref_=tt_cl_t_4')"
641,Danielle Duke,"('Danielle Duke', 'https://www.imdb.com/name/nm12518210/?ref_=tt_cl_t_1')"
642,Chase Sears,"('Chase Sears', 'https://www.imdb.com/name/nm11170205/?ref_=tt_cl_t_2')"
643,Shannon Soccocio,"('Shannon Soccocio', 'https://www.imdb.com/name/nm12968088/?ref_=tt_cl_t_3')"
644,Jag Huang,"('Jag Huang', 'https://www.imdb.com/name/nm0398970/?ref_=tt_cl_t_1')"
645,Gino Yang,"('Gino Yang', 'https://www.imdb.com/name/nm6630433/?ref_=tt_cl_t_2')"
646,Connor Tuohy,"('Connor Tuohy', 'https://www.imdb.com/name/nm9763951/?ref_=tt_cl_t_1')"
647,Valeria Di Babbo,"('Valeria Di Babbo', 'https://www.imdb.com/name/nm12752486/?ref_=tt_cl_t_2')"
648,Ralph Hughes,"('Ralph Hughes', 'https://www.imdb.com/name/nm0400869/?ref_=tt_cl_t_3')"
649,Nicola Bartlett,"('Nicola Bartlett', 'https://www.imdb.com/name/nm0058868/?ref_=tt_cl_t_1')"
650,Mikayla Merks,"('Mikayla Merks', 'https://www.imdb.com/name/nm9003679/?ref_=tt_cl_t_2')"
651,Liam Graham,"('Liam Graham', 'https://www.imdb.com/name/nm4223899/?ref_=tt_cl_t_3')"
652,Shane Adamczak,"('Shane Adamczak', 'https://www.imdb.com/name/nm4116946/?ref_=tt_cl_t_4')"
653,Malcolm Douglas,"('Malcolm Douglas', 'https://www.imdb.com/name/nm0235169/?ref_=tt_cl_t_5')"
654,Dave Axel,"('Dave Axel', 'https://www.imdb.com/name/nm8826044/?ref_=tt_cl_t_6')"
655,Kingsley Judd,"('Kingsley Judd', 'https://www.imdb.com/name/nm1897545/?ref_=tt_cl_t_7')"
656,Rob Crow,"('Rob Crow', 'https://www.imdb.com/name/nm13011399/?ref_=tt_cl_t_8')"
657,Jeremy Darling,"('Jeremy Darling', 'https://www.imdb.com/name/nm9166190/?ref_=tt_cl_t_9')"
658,Imogen Rose Flint,"('Imogen Rose Flint', 'https://www.imdb.com/name/nm10777750/?ref_=tt_cl_t_10')"
659,Amit Aggarwal,"('Amit Aggarwal', 'https://www.imdb.com/name/nm12908685/?ref_=tt_cl_t_1')"
660,Pooja Pandey Tripathi,"('Pooja Pandey Tripathi', 'https://www.imdb.com/name/nm12969769/?ref_=tt_cl_t_2')"
661,Anil Manalur,"('Anil Manalur', 'https://www.imdb.com/name/nm13051410/?ref_=tt_cl_t_1')"
662,Ajeesh Anto,"('Ajeesh Anto', 'https://www.imdb.com/name/nm13051409/?ref_=tt_cl_t_2')"
663,Shijo Pallikunnath,"('Shijo Pallikunnath', 'https://www.imdb.com/name/nm13051411/?ref_=tt_cl_t_3')"
664,Jills,"('Jills', 'https://www.imdb.com/name/nm13051412/?ref_=tt_cl_t_4')"
665,Savariya,"('Savariya', 'https://www.imdb.com/name/nm13051413/?ref_=tt_cl_t_5')"
666,Vinil,"('Vinil', 'https://www.imdb.com/name/nm10689844/?ref_=tt_cl_t_6')"
667,Abhijith,"('Abhijith', 'https://www.imdb.com/name/nm13051414/?ref_=tt_cl_t_7')"
668,Fr. Shijo Pallikunnath,"('Fr. Shijo Pallikunnath', 'https://www.imdb.com/name/nm13053574/?ref_=tt_cl_t_8')"
669,Joi Donaldson,"('Joi Donaldson', 'https://www.imdb.com/name/nm11974540/?ref_=tt_cl_t_1')"
670,Lachlan Crosweller,"('Lachlan Crosweller', 'https://www.imdb.com/name/nm11864137/?ref_=tt_cl_t_1')"
671,Adam Dean,"('Adam Dean', 'https://www.imdb.com/name/nm12038220/?ref_=tt_cl_t_2')"
672,Racquel Gatt,"('Racquel Gatt', 'https://www.imdb.com/name/nm12970453/?ref_=tt_cl_t_3')"
673,Pranam Janney,"('Pranam Janney', 'https://www.imdb.com/name/nm2819225/?ref_=tt_cl_t_4')"
674,Aseem Parab,"('Aseem Parab', 'https://www.imdb.com/name/nm12970454/?ref_=tt_cl_t_5')"
675,James Trimboli,"('James Trimboli', 'https://www.imdb.com/name/nm8531386/?ref_=tt_cl_t_1')"
676,Belinda Delaney,"('Belinda Delaney', 'https://www.imdb.com/name/nm7674717/?ref_=tt_cl_t_2')"
677,Naomi Birchnoff,"('Naomi Birchnoff', 'https://www.imdb.com/name/nm7627641/?ref_=tt_cl_t_3')"
678,Cory Newman,"('Cory Newman', 'https://www.imdb.com/name/nm12294113/?ref_=tt_cl_t_4')"
679,Asal Arab,"('Asal Arab', 'https://www.imdb.com/name/nm12970767/?ref_=tt_cl_t_1')"
680,Lale Eskandari,"('Lale Eskandari', 'https://www.imdb.com/name/nm2305611/?ref_=tt_cl_t_2')"
681,Shaghayegh Farahani,"('Shaghayegh Farahani', 'https://www.imdb.com/name/nm0267044/?ref_=tt_cl_t_3')"
682,Rozhan Sadrzadeh,"('Rozhan Sadrzadeh', 'https://www.imdb.com/name/nm12970766/?ref_=tt_cl_t_4')"
683,Sara Montrose,"('Sara Montrose', 'https://www.imdb.com/name/nm12985256/?ref_=tt_cl_t_1')"
684,Jade Wenman-Hyde,"('Jade Wenman-Hyde', 'https://www.imdb.com/name/nm11543212/?ref_=tt_cl_t_1')"
685,Tracey Wenman-Hyde,"('Tracey Wenman-Hyde', 'https://www.imdb.com/name/nm12970831/?ref_=tt_cl_t_2')"
686,Mathilde Anglade,"('Mathilde Anglade', 'https://www.imdb.com/name/nm9041052/?ref_=tt_cl_t_1')"
687,Sloan Parker,"('Sloan Parker', 'https://www.imdb.com/name/nm13469291/?ref_=tt_cl_t_2')"
688,Junru Wang,"('Junru Wang', 'https://www.imdb.com/name/nm9919876/?ref_=tt_cl_t_3')"
689,Nidsbelle Guzmán,"('Nidsbelle Guzmán', 'https://www.imdb.com/name/nm9788369/?ref_=tt_cl_t_1')"
690,Anthony Gómez,"('Anthony Gómez', 'https://www.imdb.com/name/nm10184547/?ref_=tt_cl_t_2')"
691,Jack Hartley,"('Jack Hartley', 'https://www.imdb.com/name/nm0366838/?ref_=tt_cl_t_1')"
692,Nick Cornwall,"('Nick Cornwall', 'https://www.imdb.com/name/nm5020122/?ref_=tt_cl_t_2')"
693,Logan Spooner,"('Logan Spooner', 'https://www.imdb.com/name/nm14496756/?ref_=tt_cl_t_3')"
694,Jake Hayes,"('Jake Hayes', 'https://www.imdb.com/name/nm9963560/?ref_=tt_cl_t_4')"
695,Hannah Stein,"('Hannah Stein', 'https://www.imdb.com/name/nm12971384/?ref_=tt_cl_t_1')"
696,Hao-Zhe Lai,"('Hao-Zhe Lai', 'https://www.imdb.com/name/nm7584187/?ref_=tt_cl_t_1')"
697,Ting-Jhen Hsu,"('Ting-Jhen Hsu', 'https://www.imdb.com/name/nm13579955/?ref_=tt_cl_t_2')"
698,Yuan-Cing Liao,"('Yuan-Cing Liao', 'https://www.imdb.com/name/nm9859711/?ref_=tt_cl_t_3')"
699,Douglas Wiliam Taylor,"('Douglas Wiliam Taylor', 'https://www.imdb.com/name/nm12971004/?ref_=tt_cl_t_1')"
700,Viktor Flarkell,"('Viktor Flarkell', 'https://www.imdb.com/name/nm12007755/?ref_=tt_cl_t_1')"
701,Lasse Steen,"('Lasse Steen', 'https://www.imdb.com/name/nm7635153/?ref_=tt_cl_t_2')"
702,Charlotte Munck,"('Charlotte Munck', 'https://www.imdb.com/name/nm0612675/?ref_=tt_cl_t_3')"
703,Andreas Bromand Hansen,"('Andreas Bromand Hansen', 'https://www.imdb.com/name/nm11592814/?ref_=tt_cl_t_4')"
704,Joshua Shafir,"('Joshua Shafir', 'https://www.imdb.com/name/nm14405718/?ref_=tt_cl_t_5')"
705,Jack Baun,"('Jack Baun', 'https://www.imdb.com/name/nm0062402/?ref_=tt_cl_t_1')"
706,Nathalie Bermudez,"('Nathalie Bermudez', 'https://www.imdb.com/name/nm12971532/?ref_=tt_cl_t_2')"
707,Brian Jeffery Bowers,"('Brian Jeffery Bowers', 'https://www.imdb.com/name/nm3754783/?ref_=tt_cl_t_3')"
708,Reinaldo de Jesus,"('Reinaldo de Jesus', 'https://www.imdb.com/name/nm12971529/?ref_=tt_cl_t_4')"
709,Morganne Kaster,"('Morganne Kaster', 'https://www.imdb.com/name/nm12971530/?ref_=tt_cl_t_5')"
710,Imani Khiry,"('Imani Khiry', 'https://www.imdb.com/name/nm12971538/?ref_=tt_cl_t_6')"
711,Lenin Guerreo Maldonado,"('Lenin Guerreo Maldonado', 'https://www.imdb.com/name/nm12971540/?ref_=tt_cl_t_7')"
712,Lilym Mejia-Roche,"('Lilym Mejia-Roche', 'https://www.imdb.com/name/nm12971533/?ref_=tt_cl_t_8')"
713,Myra Melendez,"('Myra Melendez', 'https://www.imdb.com/name/nm5143240/?ref_=tt_cl_t_9')"
714,Santino Montanez,"('Santino Montanez', 'https://www.imdb.com/name/nm5861628/?ref_=tt_cl_t_10')"
715,Amir Hosseini,"('Amir Hosseini', 'https://www.imdb.com/name/nm12465694/?ref_=tt_cl_t_1')"
716,Mohammad Reza Ghaffari,"('Mohammad Reza Ghaffari', 'https://www.imdb.com/name/nm2778917/?ref_=tt_cl_t_2')"
717,Mehrad Nazari,"('Mehrad Nazari', 'https://www.imdb.com/name/nm12971719/?ref_=tt_cl_t_3')"
718,Abtin Yari,"('Abtin Yari', 'https://www.imdb.com/name/nm12971720/?ref_=tt_cl_t_4')"
719,Amir Hossein Hosseini,"('Amir Hossein Hosseini', 'https://www.imdb.com/name/nm15638610/?ref_=tt_cl_t_5')"
720,Müfit Kayacan,"('Müfit Kayacan', 'https://www.imdb.com/name/nm7373703/?ref_=tt_cl_t_1')"
721,Cem Özeren,"('Cem Özeren', 'https://www.imdb.com/name/nm5267350/?ref_=tt_cl_t_2')"
722,Nurcan Eren,"('Nurcan Eren', 'https://www.imdb.com/name/nm1760069/?ref_=tt_cl_t_3')"
723,Elliot James,"('Elliot James', 'https://www.imdb.com/name/nm12972013/?ref_=tt_cl_t_1')"
724,Jolie V. Gutierrez,"('Jolie V. Gutierrez', 'https://www.imdb.com/name/nm12972175/?ref_=tt_cl_t_1')"
725,Dan Lorette,"('Dan Lorette', 'https://www.imdb.com/name/nm10014435/?ref_=tt_cl_t_2')"
726,Valeriu Andriuta,"('Valeriu Andriuta', 'https://www.imdb.com/name/nm1250558/?ref_=tt_cl_t_1')"
727,Andrei Costin,"('Andrei Costin', 'https://www.imdb.com/name/nm6817175/?ref_=tt_cl_t_2')"
728,Ronit Agrawal,"('Ronit Agrawal', 'https://www.imdb.com/name/nm10901577/?ref_=tt_cl_t_1')"
729,Anju Dahal,"('Anju Dahal', 'https://www.imdb.com/name/nm12174003/?ref_=tt_cl_t_2')"
730,Sophia Delphi,"('Sophia Delphi', 'https://www.imdb.com/name/nm10657548/?ref_=tt_cl_t_1')"
731,Emmanuel Olusanya,"('Emmanuel Olusanya', 'https://www.imdb.com/name/nm12083848/?ref_=tt_cl_t_1')"
732,Dominic Rawson,"('Dominic Rawson', 'https://www.imdb.com/name/nm12973099/?ref_=tt_cl_t_2')"
733,Caitlin Scott,"('Caitlin Scott', 'https://www.imdb.com/name/nm8700294/?ref_=tt_cl_t_3')"
734,Laura Trosser,"('Laura Trosser', 'https://www.imdb.com/name/nm9834888/?ref_=tt_cl_t_4')"
735,Diana Jurand,"('Diana Jurand', 'https://www.imdb.com/name/nm5408973/?ref_=tt_cl_t_1')"
736,Daniel Olson,"('Daniel Olson', 'https://www.imdb.com/name/nm12972259/?ref_=tt_cl_t_2')"
737,Reyna Rios,"('Reyna Rios', 'https://www.imdb.com/name/nm5292903/?ref_=tt_cl_t_3')"
738,Cynthia Schreiner Smith,"('Cynthia Schreiner Smith', 'https://www.imdb.com/name/nm9595151/?ref_=tt_cl_t_4')"
739,Kurt Soberano,"('Kurt Soberano', 'https://www.imdb.com/name/nm9252023/?ref_=tt_cl_t_1')"
740,Jayem Dela Peña,"('Jayem Dela Peña', 'https://www.imdb.com/name/nm12972630/?ref_=tt_cl_t_2')"
741,Paco Gloria,"('Paco Gloria', 'https://www.imdb.com/name/nm12972631/?ref_=tt_cl_t_3')"
742,Ronabelle Undaloc,"('Ronabelle Undaloc', 'https://www.imdb.com/name/nm12972632/?ref_=tt_cl_t_4')"
743,Wilma Trinidad,"('Wilma Trinidad', 'https://www.imdb.com/name/nm12972633/?ref_=tt_cl_t_5')"
744,Jane Prado,"('Jane Prado', 'https://www.imdb.com/name/nm2879951/?ref_=tt_cl_t_6')"
745,Lindy Osmeña,"('Lindy Osmeña', 'https://www.imdb.com/name/nm2021352/?ref_=tt_cl_t_7')"
746,Milton Agsam,"('Milton Agsam', 'https://www.imdb.com/name/nm12972634/?ref_=tt_cl_t_8')"
747,Mandy Alimon,"('Mandy Alimon', 'https://www.imdb.com/name/nm2016769/?ref_=tt_cl_t_9')"
748,Marilou Kho,"('Marilou Kho', 'https://www.imdb.com/name/nm12972635/?ref_=tt_cl_t_10')"
749,Reejah,"('Reejah', 'https://www.imdb.com/name/nm12859925/?ref_=tt_cl_t_1')"
750,Bryan Cabral,"('Bryan Cabral', 'https://www.imdb.com/name/nm9823985/?ref_=tt_cl_t_1')"
751,Javan Robinson,"('Javan Robinson', 'https://www.imdb.com/name/nm12973560/?ref_=tt_cl_t_2')"
