,name,link
0,Camila Duarte,"('Camila Duarte', 'https://www.imdb.com/name/nm10543478/?ref_=tt_cl_t_1')"
1,Virgo Martinez,"('Virgo Martinez', 'https://www.imdb.com/name/nm10543479/?ref_=tt_cl_t_2')"
2,Luciano Antonino,"('Luciano Antonino', 'https://www.imdb.com/name/nm10027758/?ref_=tt_cl_t_3')"
3,Bianca Carolina,"('Bianca Carolina', 'https://www.imdb.com/name/nm10543482/?ref_=tt_cl_t_4')"
4,Domenica Centeno,"('Domenica Centeno', 'https://www.imdb.com/name/nm10543480/?ref_=tt_cl_t_5')"
5,Roy Cora,"('Roy Cora', 'https://www.imdb.com/name/nm10543483/?ref_=tt_cl_t_6')"
6,Sharet Mendez,"('Sharet Mendez', 'https://www.imdb.com/name/nm10543484/?ref_=tt_cl_t_7')"
7,Carola Silva,"('Carola Silva', 'https://www.imdb.com/name/nm10543481/?ref_=tt_cl_t_8')"
8,Mick Liversidge,"('Mick Liversidge', 'https://www.imdb.com/name/nm7896759/?ref_=tt_cl_t_1')"
9,Louise Wildman,"('Louise Wildman', 'https://www.imdb.com/name/nm6829518/?ref_=tt_cl_t_2')"
10,Paul French,"('Paul French', 'https://www.imdb.com/name/nm4522963/?ref_=tt_cl_t_3')"
11,Kabeer Singh,"('Kabeer Singh', 'https://www.imdb.com/name/nm10121349/?ref_=tt_cl_t_1')"
12,Shriidhar Dubey,"('Shriidhar Dubey', 'https://www.imdb.com/name/nm7436747/?ref_=tt_cl_t_2')"
13,Shahina Surve,"('Shahina Surve', 'https://www.imdb.com/name/nm10557901/?ref_=tt_cl_t_3')"
14,Nirbhay Singh,"('Nirbhay Singh', 'https://www.imdb.com/name/nm12376450/?ref_=tt_cl_t_4')"
15,Ipsit Nayak,"('Ipsit Nayak', 'https://www.imdb.com/name/nm6755751/?ref_=tt_cl_t_5')"
16,Rishabh Raj Sharma,"('Rishabh Raj Sharma', 'https://www.imdb.com/name/nm10660201/?ref_=tt_cl_t_6')"
17,Ankit Singh,"('Ankit Singh', 'https://www.imdb.com/name/nm12376443/?ref_=tt_cl_t_7')"
18,Vikhyat Swades,"('Vikhyat Swades', 'https://www.imdb.com/name/nm10930002/?ref_=tt_cl_t_8')"
19,Jinal Jain,"('Jinal Jain', 'https://www.imdb.com/name/nm12408453/?ref_=tt_cl_t_9')"
20,Khushbu Patel,"('Khushbu Patel', 'https://www.imdb.com/name/nm4490909/?ref_=tt_cl_t_10')"
21,Jan Huttanus,"('Jan Huttanus', 'https://www.imdb.com/name/nm10559560/?ref_=tt_cl_t_1')"
22,Frederike Junge,"('Frederike Junge', 'https://www.imdb.com/name/nm11846336/?ref_=tt_cl_t_2')"
23,Stefan Frohwein,"('Stefan Frohwein', 'https://www.imdb.com/name/nm10593744/?ref_=tt_cl_t_3')"
24,Grayson Taylor,"('Grayson Taylor', 'https://www.imdb.com/name/nm3579886/?ref_=tt_cl_t_1')"
25,Carole Foreman,"('Carole Foreman', 'https://www.imdb.com/name/nm10559769/?ref_=tt_cl_t_2')"
26,Te'ena Klein,"(""Te'ena Klein"", 'https://www.imdb.com/name/nm10194648/?ref_=tt_cl_t_3')"
27,Leo Grinberg,"('Leo Grinberg', 'https://www.imdb.com/name/nm5380951/?ref_=tt_cl_t_4')"
28,Catherine Ashmore Bradley,"('Catherine Ashmore Bradley', 'https://www.imdb.com/name/nm9512705/?ref_=tt_cl_t_5')"
29,Kathleen Bernhard,"('Kathleen Bernhard', 'https://www.imdb.com/name/nm10556008/?ref_=tt_cl_t_6')"
30,Andy Boxold,"('Andy Boxold', 'https://www.imdb.com/name/nm10786367/?ref_=tt_cl_t_7')"
31,Aubin Bradley,"('Aubin Bradley', 'https://www.imdb.com/name/nm10629845/?ref_=tt_cl_t_8')"
32,Lucas Cardona,"('Lucas Cardona', 'https://www.imdb.com/name/nm10786370/?ref_=tt_cl_t_9')"
33,Keira Coakley,"('Keira Coakley', 'https://www.imdb.com/name/nm10786365/?ref_=tt_cl_t_10')"
34,Andy Kalirai,"('Andy Kalirai', 'https://www.imdb.com/name/nm9454474/?ref_=tt_cl_t_1')"
35,Kianna Taylor,"('Kianna Taylor', 'https://www.imdb.com/name/nm10560295/?ref_=tt_cl_t_2')"
36,Tarun Keram,"('Tarun Keram', 'https://www.imdb.com/name/nm5519444/?ref_=tt_cl_t_3')"
37,Ranjit Samra,"('Ranjit Samra', 'https://www.imdb.com/name/nm4225655/?ref_=tt_cl_t_4')"
38,Umar Farooq Khan,"('Umar Farooq Khan', 'https://www.imdb.com/name/nm9928341/?ref_=tt_cl_t_5')"
39,Ali Seifi,"('Ali Seifi', 'https://www.imdb.com/name/nm7515851/?ref_=tt_cl_t_6')"
40,Arman Kerim,"('Arman Kerim', 'https://www.imdb.com/name/nm10560272/?ref_=tt_cl_t_7')"
41,Burhan Babar,"('Burhan Babar', 'https://www.imdb.com/name/nm9961416/?ref_=tt_cl_t_8')"
42,Amelia Rae,"('Amelia Rae', 'https://www.imdb.com/name/nm8805041/?ref_=tt_cl_t_1')"
43,Mojan Nourbakhsh,"('Mojan Nourbakhsh', 'https://www.imdb.com/name/nm6052582/?ref_=tt_cl_t_2')"
44,Simon Brandon,"('Simon Brandon', 'https://www.imdb.com/name/nm1782770/?ref_=tt_cl_t_1')"
45,Ian Howard,"('Ian Howard', 'https://www.imdb.com/name/nm10588880/?ref_=tt_cl_t_2')"
46,Katie Howard,"('Katie Howard', 'https://www.imdb.com/name/nm10588881/?ref_=tt_cl_t_3')"
47,Lucy Howard,"('Lucy Howard', 'https://www.imdb.com/name/nm10588884/?ref_=tt_cl_t_4')"
48,Kathryn Mincer,"('Kathryn Mincer', 'https://www.imdb.com/name/nm6808175/?ref_=tt_cl_t_5')"
49,Mimi Newby,"('Mimi Newby', 'https://www.imdb.com/name/nm10455095/?ref_=tt_cl_t_6')"
50,Oni Ngonadi,"('Oni Ngonadi', 'https://www.imdb.com/name/nm10588879/?ref_=tt_cl_t_7')"
51,Ivana Petrovic,"('Ivana Petrovic', 'https://www.imdb.com/name/nm10588877/?ref_=tt_cl_t_8')"
52,Tristan Pretty,"('Tristan Pretty', 'https://www.imdb.com/name/nm9415620/?ref_=tt_cl_t_9')"
53,Steve Rudge,"('Steve Rudge', 'https://www.imdb.com/name/nm10588876/?ref_=tt_cl_t_10')"
54,Jaret Martino,"('Jaret Martino', 'https://www.imdb.com/name/nm2744532/?ref_=tt_cl_t_1')"
55,Sandy Bainum,"('Sandy Bainum', 'https://www.imdb.com/name/nm4923649/?ref_=tt_cl_t_2')"
56,Amanda Dressel,"('Amanda Dressel', 'https://www.imdb.com/name/nm8392625/?ref_=tt_cl_t_3')"
57,Meredith O'Connor,"(""Meredith O'Connor"", 'https://www.imdb.com/name/nm5314005/?ref_=tt_cl_t_4')"
58,Leilani Fideler,"('Leilani Fideler', 'https://www.imdb.com/name/nm3612769/?ref_=tt_cl_t_5')"
59,Kristin Pilgreen,"('Kristin Pilgreen', 'https://www.imdb.com/name/nm8567021/?ref_=tt_cl_t_6')"
60,Francisco Raposo,"('Francisco Raposo', 'https://www.imdb.com/name/nm10552292/?ref_=tt_cl_t_7')"
61,Skylar Lipkin,"('Skylar Lipkin', 'https://www.imdb.com/name/nm9936791/?ref_=tt_cl_t_8')"
62,Ben Levine,"('Ben Levine', 'https://www.imdb.com/name/nm11048789/?ref_=tt_cl_t_9')"
63,Eva Fagundes,"('Eva Fagundes', 'https://www.imdb.com/name/nm10822088/?ref_=tt_cl_t_10')"
64,Gábor Nagypál,"('Gábor Nagypál', 'https://www.imdb.com/name/nm2129108/?ref_=tt_cl_t_1')"
65,Balázs Koltai-Nagy,"('Balázs Koltai-Nagy', 'https://www.imdb.com/name/nm11233713/?ref_=tt_cl_t_2')"
66,Csenge Dunai,"('Csenge Dunai', 'https://www.imdb.com/name/nm6164900/?ref_=tt_cl_t_3')"
67,Anastasiia Perevozova,"('Anastasiia Perevozova', 'https://www.imdb.com/name/nm10058435/?ref_=tt_cl_t_1')"
68,Denise Milfort,"('Denise Milfort', 'https://www.imdb.com/name/nm1632747/?ref_=tt_cl_t_2')"
69,Shabby Yusufzai,"('Shabby Yusufzai', 'https://www.imdb.com/name/nm8939446/?ref_=tt_cl_t_3')"
70,Jeff Tendall,"('Jeff Tendall', 'https://www.imdb.com/name/nm4717668/?ref_=tt_cl_t_4')"
71,Everett Tucker,"('Everett Tucker', 'https://www.imdb.com/name/nm9211274/?ref_=tt_cl_t_5')"
72,Alexander Man,"('Alexander Man', 'https://www.imdb.com/name/nm6054408/?ref_=tt_cl_t_6')"
73,John V. Grant,"('John V. Grant', 'https://www.imdb.com/name/nm10959590/?ref_=tt_cl_t_7')"
74,Alex Wood,"('Alex Wood', 'https://www.imdb.com/name/nm9573994/?ref_=tt_cl_t_8')"
75,Orlando Naveo,"('Orlando Naveo', 'https://www.imdb.com/name/nm7627820/?ref_=tt_cl_t_9')"
76,Estrella Lopez,"('Estrella Lopez', 'https://www.imdb.com/name/nm10592240/?ref_=tt_cl_t_10')"
77,Myk Watford,"('Myk Watford', 'https://www.imdb.com/name/nm0914223/?ref_=tt_cl_t_1')"
78,Amelia McClain,"('Amelia McClain', 'https://www.imdb.com/name/nm3059284/?ref_=tt_cl_t_2')"
79,Margauex Ly,"('Margauex Ly', 'https://www.imdb.com/name/nm10891348/?ref_=tt_cl_t_3')"
80,Katrina Yashar,"('Katrina Yashar', 'https://www.imdb.com/name/nm6975680/?ref_=tt_cl_t_4')"
81,Katrina Mairi Wright,"('Katrina Mairi Wright', 'https://www.imdb.com/name/nm10891347/?ref_=tt_cl_t_5')"
82,Adrian Mohamad Tafesh,"('Adrian Mohamad Tafesh', 'https://www.imdb.com/name/nm10891346/?ref_=tt_cl_t_6')"
83,Michael Hefron,"('Michael Hefron', 'https://www.imdb.com/name/nm6706790/?ref_=tt_cl_t_1')"
84,Jay N. Cohen,"('Jay N. Cohen', 'https://www.imdb.com/name/nm3298231/?ref_=tt_cl_t_2')"
85,Mason Gillett,"('Mason Gillett', 'https://www.imdb.com/name/nm10557346/?ref_=tt_cl_t_3')"
86,Adam Cyzner,"('Adam Cyzner', 'https://www.imdb.com/name/nm7147656/?ref_=tt_cl_t_4')"
87,Katie Layman,"('Katie Layman', 'https://www.imdb.com/name/nm5534191/?ref_=tt_cl_t_5')"
88,Michael Fargas,"('Michael Fargas', 'https://www.imdb.com/name/nm9382201/?ref_=tt_cl_t_6')"
89,Deon Galanos,"('Deon Galanos', 'https://www.imdb.com/name/nm10599372/?ref_=tt_cl_t_7')"
90,Nick Shaner,"('Nick Shaner', 'https://www.imdb.com/name/nm10457632/?ref_=tt_cl_t_8')"
91,Tali Simon,"('Tali Simon', 'https://www.imdb.com/name/nm10599612/?ref_=tt_cl_t_1')"
92,Mia Barrett,"('Mia Barrett', 'https://www.imdb.com/name/nm7747042/?ref_=tt_cl_t_2')"
93,Briannah Borg,"('Briannah Borg', 'https://www.imdb.com/name/nm9631178/?ref_=tt_cl_t_3')"
94,Louis Le,"('Louis Le', 'https://www.imdb.com/name/nm10459523/?ref_=tt_cl_t_4')"
95,Daragh Moore,"('Daragh Moore', 'https://www.imdb.com/name/nm9750079/?ref_=tt_cl_t_5')"
96,Jack Bochow,"('Jack Bochow', 'https://www.imdb.com/name/nm10724624/?ref_=tt_cl_t_6')"
97,Olivia Mitchell,"('Olivia Mitchell', 'https://www.imdb.com/name/nm10724835/?ref_=tt_cl_t_7')"
98,Riley Fox,"('Riley Fox', 'https://www.imdb.com/name/nm8575931/?ref_=tt_cl_t_8')"
99,Nadia Hunter,"('Nadia Hunter', 'https://www.imdb.com/name/nm4669870/?ref_=tt_cl_t_9')"
100,Josh Karlik,"('Josh Karlik', 'https://www.imdb.com/name/nm6269004/?ref_=tt_cl_t_10')"
101,Nicolas Bro,"('Nicolas Bro', 'https://www.imdb.com/name/nm0110334/?ref_=tt_cl_t_1')"
102,Rex Leonard,"('Rex Leonard', 'https://www.imdb.com/name/nm9447673/?ref_=tt_cl_t_2')"
103,Freja Bella Lindahl,"('Freja Bella Lindahl', 'https://www.imdb.com/name/nm11429692/?ref_=tt_cl_t_3')"
104,Louise Hylland,"('Louise Hylland', 'https://www.imdb.com/name/nm10598035/?ref_=tt_cl_t_4')"
105,Biljana Stojkoska,"('Biljana Stojkoska', 'https://www.imdb.com/name/nm2571500/?ref_=tt_cl_t_5')"
106,Earl James Atkinson,"('Earl James Atkinson', 'https://www.imdb.com/name/nm10610297/?ref_=tt_cl_t_1')"
107,Savanna Small,"('Savanna Small', 'https://www.imdb.com/name/nm8126849/?ref_=tt_cl_t_2')"
108,Tom Trevella,"('Tom Trevella', 'https://www.imdb.com/name/nm5200897/?ref_=tt_cl_t_1')"
109,Amber Ranson,"('Amber Ranson', 'https://www.imdb.com/name/nm11603160/?ref_=tt_cl_t_2')"
110,Jasper Sutcliffe,"('Jasper Sutcliffe', 'https://www.imdb.com/name/nm11603161/?ref_=tt_cl_t_3')"
111,Benjamina Agyekum,"('Benjamina Agyekum', 'https://www.imdb.com/name/nm12894607/?ref_=tt_cl_t_1')"
112,Sekou Ahmed Tidjane Condé,"('Sekou Ahmed Tidjane Condé', 'https://www.imdb.com/name/nm13816070/?ref_=tt_cl_t_2')"
113,Ida Gyllensten,"('Ida Gyllensten', 'https://www.imdb.com/name/nm2293818/?ref_=tt_cl_t_3')"
114,Ebba J. Dahlberg,"('Ebba J. Dahlberg', 'https://www.imdb.com/name/nm12657461/?ref_=tt_cl_t_4')"
115,Isabell Andén,"('Isabell Andén', 'https://www.imdb.com/name/nm9910051/?ref_=tt_cl_t_5')"
116,Joyce Benson,"('Joyce Benson', 'https://www.imdb.com/name/nm13816071/?ref_=tt_cl_t_6')"
117,Saleesha Johansson,"('Saleesha Johansson', 'https://www.imdb.com/name/nm13816072/?ref_=tt_cl_t_7')"
118,Mikaela Eriksson,"('Mikaela Eriksson', 'https://www.imdb.com/name/nm8709191/?ref_=tt_cl_t_8')"
119,David S. Lindgren,"('David S. Lindgren', 'https://www.imdb.com/name/nm9571273/?ref_=tt_cl_t_9')"
120,Frans Zethraeus,"('Frans Zethraeus', 'https://www.imdb.com/name/nm9051368/?ref_=tt_cl_t_10')"
121,Madeleine Magee Carr,"('Madeleine Magee Carr', 'https://www.imdb.com/name/nm10618280/?ref_=tt_cl_t_1')"
122,Tii Mayshack-Mendero,"('Tii Mayshack-Mendero', 'https://www.imdb.com/name/nm10012709/?ref_=tt_cl_t_2')"
123,Hunter Amos,"('Hunter Amos', 'https://www.imdb.com/name/nm10618283/?ref_=tt_cl_t_3')"
124,Shaun Chaseling,"('Shaun Chaseling', 'https://www.imdb.com/name/nm8972719/?ref_=tt_cl_t_4')"
125,Melia Naughton,"('Melia Naughton', 'https://www.imdb.com/name/nm10618284/?ref_=tt_cl_t_5')"
126,David Tracy,"('David Tracy', 'https://www.imdb.com/name/nm10618285/?ref_=tt_cl_t_6')"
127,Aurelien Rignault,"('Aurelien Rignault', 'https://www.imdb.com/name/nm10618286/?ref_=tt_cl_t_7')"
128,Harrison Lee,"('Harrison Lee', 'https://www.imdb.com/name/nm10618281/?ref_=tt_cl_t_8')"
129,Katherine Shearer,"('Katherine Shearer', 'https://www.imdb.com/name/nm4125822/?ref_=tt_cl_t_9')"
130,Scott Cooper,"('Scott Cooper', 'https://www.imdb.com/name/nm10618287/?ref_=tt_cl_t_10')"
131,Cedric Gegel,"('Cedric Gegel', 'https://www.imdb.com/name/nm7391561/?ref_=tt_cl_t_1')"
132,Andrea Zenovia,"('Andrea Zenovia', 'https://www.imdb.com/name/nm8862672/?ref_=tt_cl_t_2')"
133,Charlotte Ferrato,"('Charlotte Ferrato', 'https://www.imdb.com/name/nm10334462/?ref_=tt_cl_t_1')"
134,Stephane Muller,"('Stephane Muller', 'https://www.imdb.com/name/nm10334464/?ref_=tt_cl_t_2')"
135,Julia-Myriam Sadel,"('Julia-Myriam Sadel', 'https://www.imdb.com/name/nm7841536/?ref_=tt_cl_t_3')"
136,Pedro Nercessian,"('Pedro Nercessian', 'https://www.imdb.com/name/nm1596357/?ref_=tt_cl_t_1')"
137,Vii Albuquerque,"('Vii Albuquerque', 'https://www.imdb.com/name/nm11697971/?ref_=tt_cl_t_2')"
138,Ze Vitor Antunes,"('Ze Vitor Antunes', 'https://www.imdb.com/name/nm11697965/?ref_=tt_cl_t_3')"
139,Dany Azevedo,"('Dany Azevedo', 'https://www.imdb.com/name/nm11697969/?ref_=tt_cl_t_4')"
140,Kaique Bastos,"('Kaique Bastos', 'https://www.imdb.com/name/nm10632828/?ref_=tt_cl_t_5')"
141,Faby,"('Faby', 'https://www.imdb.com/name/nm11697974/?ref_=tt_cl_t_6')"
142,Wally Felix,"('Wally Felix', 'https://www.imdb.com/name/nm11697973/?ref_=tt_cl_t_7')"
143,Daniele Fonseca,"('Daniele Fonseca', 'https://www.imdb.com/name/nm11697968/?ref_=tt_cl_t_8')"
144,Hugo Lobo,"('Hugo Lobo', 'https://www.imdb.com/name/nm6647452/?ref_=tt_cl_t_9')"
145,Arthur Martins,"('Arthur Martins', 'https://www.imdb.com/name/nm7651041/?ref_=tt_cl_t_10')"
146,Irina Hall,"('Irina Hall', 'https://www.imdb.com/name/nm7705020/?ref_=tt_cl_t_1')"
147,Lucy Carlyle,"('Lucy Carlyle', 'https://www.imdb.com/name/nm10190522/?ref_=tt_cl_t_2')"
148,Grayson Velez,"('Grayson Velez', 'https://www.imdb.com/name/nm10899195/?ref_=tt_cl_t_3')"
149,Greg Patten,"('Greg Patten', 'https://www.imdb.com/name/nm10899196/?ref_=tt_cl_t_4')"
150,Lisa Patterson,"('Lisa Patterson', 'https://www.imdb.com/name/nm10899214/?ref_=tt_cl_t_5')"
151,Samone Pittman,"('Samone Pittman', 'https://www.imdb.com/name/nm8313964/?ref_=tt_cl_t_6')"
152,Cedric Allen,"('Cedric Allen', 'https://www.imdb.com/name/nm11677328/?ref_=tt_cl_t_7')"
153,T.J. Alvarado,"('T.J. Alvarado', 'https://www.imdb.com/name/nm11800917/?ref_=tt_cl_t_8')"
154,Bailey Batten,"('Bailey Batten', 'https://www.imdb.com/name/nm11677338/?ref_=tt_cl_t_9')"
155,Chloe Camp,"('Chloe Camp', 'https://www.imdb.com/name/nm11677330/?ref_=tt_cl_t_10')"
156,Vincent Caprio,"('Vincent Caprio', 'https://www.imdb.com/name/nm9962864/?ref_=tt_cl_t_1')"
157,Natalie Welds,"('Natalie Welds', 'https://www.imdb.com/name/nm2803893/?ref_=tt_cl_t_2')"
158,Bernardo Tiaba,"('Bernardo Tiaba', 'https://www.imdb.com/name/nm8282775/?ref_=tt_cl_t_3')"
159,Brett Puglisi,"('Brett Puglisi', 'https://www.imdb.com/name/nm10162659/?ref_=tt_cl_t_4')"
160,Tash Jordan,"('Tash Jordan', 'https://www.imdb.com/name/nm10637647/?ref_=tt_cl_t_5')"
161,Cecilia Cereijido-Bloche,"('Cecilia Cereijido-Bloche', 'https://www.imdb.com/name/nm9984218/?ref_=tt_cl_t_6')"
162,Eddie Liriano,"('Eddie Liriano', 'https://www.imdb.com/name/nm10637648/?ref_=tt_cl_t_7')"
163,Mario Aguila,"('Mario Aguila', 'https://www.imdb.com/name/nm10637649/?ref_=tt_cl_t_8')"
164,Evan Jackewicz,"('Evan Jackewicz', 'https://www.imdb.com/name/nm10231358/?ref_=tt_cl_t_9')"
165,Jazz Jackish,"('Jazz Jackish', 'https://www.imdb.com/name/nm9799131/?ref_=tt_cl_t_10')"
166,Yi Liu,"('Yi Liu', 'https://www.imdb.com/name/nm3815162/?ref_=tt_cl_t_1')"
167,Leo Wang,"('Leo Wang', 'https://www.imdb.com/name/nm10642757/?ref_=tt_cl_t_2')"
168,Trilby Glover,"('Trilby Glover', 'https://www.imdb.com/name/nm1927763/?ref_=tt_cl_t_1')"
169,Josh Server,"('Josh Server', 'https://www.imdb.com/name/nm0785805/?ref_=tt_cl_t_2')"
170,Gabrielle Stone,"('Gabrielle Stone', 'https://www.imdb.com/name/nm2740647/?ref_=tt_cl_t_3')"
171,Travis Winfrey,"('Travis Winfrey', 'https://www.imdb.com/name/nm2228560/?ref_=tt_cl_t_4')"
172,Gabriella Ortiz,"('Gabriella Ortiz', 'https://www.imdb.com/name/nm6142740/?ref_=tt_cl_t_5')"
173,Laura Aleman,"('Laura Aleman', 'https://www.imdb.com/name/nm3546902/?ref_=tt_cl_t_6')"
174,Jacinte Blankenship,"('Jacinte Blankenship', 'https://www.imdb.com/name/nm2715450/?ref_=tt_cl_t_7')"
175,Beejan Land,"('Beejan Land', 'https://www.imdb.com/name/nm1371622/?ref_=tt_cl_t_8')"
176,Peter Murphy,"('Peter Murphy', 'https://www.imdb.com/name/nm3618576/?ref_=tt_cl_t_9')"
177,Tim De La Motte,"('Tim De La Motte', 'https://www.imdb.com/name/nm8486953/?ref_=tt_cl_t_10')"
178,Emmanuel Bilodeau,"('Emmanuel Bilodeau', 'https://www.imdb.com/name/nm0082636/?ref_=tt_cl_t_1')"
179,Lilou Roy-Lanouette,"('Lilou Roy-Lanouette', 'https://www.imdb.com/name/nm11062162/?ref_=tt_cl_t_2')"
180,Marcel Sabourin,"('Marcel Sabourin', 'https://www.imdb.com/name/nm0754889/?ref_=tt_cl_t_3')"
181,Louise Portal,"('Louise Portal', 'https://www.imdb.com/name/nm0691925/?ref_=tt_cl_t_4')"
182,Olivier Aubin,"('Olivier Aubin', 'https://www.imdb.com/name/nm1152485/?ref_=tt_cl_t_5')"
183,Martin Dubreuil,"('Martin Dubreuil', 'https://www.imdb.com/name/nm0239575/?ref_=tt_cl_t_6')"
184,Jesse Holcomb,"('Jesse Holcomb', 'https://www.imdb.com/name/nm2294655/?ref_=tt_cl_t_1')"
185,Brent Roberts,"('Brent Roberts', 'https://www.imdb.com/name/nm2857828/?ref_=tt_cl_t_2')"
186,Angie Sarkisyan,"('Angie Sarkisyan', 'https://www.imdb.com/name/nm9490222/?ref_=tt_cl_t_3')"
187,Indra Diana Amador López,"('Indra Diana Amador López', 'https://www.imdb.com/name/nm10657317/?ref_=tt_cl_t_1')"
188,Elisa López,"('Elisa López', 'https://www.imdb.com/name/nm10657326/?ref_=tt_cl_t_2')"
189,Indra Villaseñor Amador,"('Indra Villaseñor Amador', 'https://www.imdb.com/name/nm10657325/?ref_=tt_cl_t_3')"
190,Vilma Kutaviciute,"('Vilma Kutaviciute', 'https://www.imdb.com/name/nm4281463/?ref_=tt_cl_t_1')"
191,Iris Lebedeva,"('Iris Lebedeva', 'https://www.imdb.com/name/nm5531598/?ref_=tt_cl_t_2')"
192,Petar Zekavica,"('Petar Zekavica', 'https://www.imdb.com/name/nm2602445/?ref_=tt_cl_t_3')"
193,Liza Del Sierra,"('Liza Del Sierra', 'https://www.imdb.com/name/nm2377131/?ref_=tt_cl_t_1')"
194,Léa Rougeron,"('Léa Rougeron', 'https://www.imdb.com/name/nm4584029/?ref_=tt_cl_t_2')"
195,Luc Schwarz,"('Luc Schwarz', 'https://www.imdb.com/name/nm2835834/?ref_=tt_cl_t_3')"
196,Nina Lopata,"('Nina Lopata', 'https://www.imdb.com/name/nm5017385/?ref_=tt_cl_t_4')"
197,Tobias Nuytten-Vialle,"('Tobias Nuytten-Vialle', 'https://www.imdb.com/name/nm2671526/?ref_=tt_cl_t_5')"
198,Vincent Leprette,"('Vincent Leprette', 'https://www.imdb.com/name/nm8638882/?ref_=tt_cl_t_6')"
199,Jean-Baptiste Ganga,"('Jean-Baptiste Ganga', 'https://www.imdb.com/name/nm11093787/?ref_=tt_cl_t_7')"
200,Johnny Fontane,"('Johnny Fontane', 'https://www.imdb.com/name/nm0347342/?ref_=tt_cl_t_1')"
201,Kelly McNamara,"('Kelly McNamara', 'https://www.imdb.com/name/nm4564604/?ref_=tt_cl_t_2')"
202,Fabiano Iha,"('Fabiano Iha', 'https://www.imdb.com/name/nm2055855/?ref_=tt_cl_t_3')"
203,Nika Balina,"('Nika Balina', 'https://www.imdb.com/name/nm8558090/?ref_=tt_cl_t_4')"
204,Talia Martin,"('Talia Martin', 'https://www.imdb.com/name/nm8776897/?ref_=tt_cl_t_5')"
205,Rome Romanne,"('Rome Romanne', 'https://www.imdb.com/name/nm2586628/?ref_=tt_cl_t_6')"
206,Jataun Gilbert,"('Jataun Gilbert', 'https://www.imdb.com/name/nm10041121/?ref_=tt_cl_t_7')"
207,Hilary Elizondu,"('Hilary Elizondu', 'https://www.imdb.com/name/nm10671467/?ref_=tt_cl_t_8')"
208,Karin Karepetyan,"('Karin Karepetyan', 'https://www.imdb.com/name/nm10686954/?ref_=tt_cl_t_9')"
209,Komalpreet Batth,"('Komalpreet Batth', 'https://www.imdb.com/name/nm9854312/?ref_=tt_cl_t_10')"
210,George Jac,"('George Jac', 'https://www.imdb.com/name/nm4248382/?ref_=tt_cl_t_1')"
211,Jade Kaiser,"('Jade Kaiser', 'https://www.imdb.com/name/nm8317935/?ref_=tt_cl_t_2')"
212,Diane Sargent,"('Diane Sargent', 'https://www.imdb.com/name/nm5043683/?ref_=tt_cl_t_3')"
213,Noor Razooky,"('Noor Razooky', 'https://www.imdb.com/name/nm4995217/?ref_=tt_cl_t_4')"
214,Brian Patrick Butler,"('Brian Patrick Butler', 'https://www.imdb.com/name/nm6021232/?ref_=tt_cl_t_5')"
215,Luke Anthony Pensabene,"('Luke Anthony Pensabene', 'https://www.imdb.com/name/nm5903887/?ref_=tt_cl_t_6')"
216,Tony Gorodeckas,"('Tony Gorodeckas', 'https://www.imdb.com/name/nm1129964/?ref_=tt_cl_t_7')"
217,Rubi Aceituno,"('Rubi Aceituno', 'https://www.imdb.com/name/nm10682248/?ref_=tt_cl_t_8')"
218,Lou Acosta,"('Lou Acosta', 'https://www.imdb.com/name/nm10682244/?ref_=tt_cl_t_9')"
219,Jamie Belin,"('Jamie Belin', 'https://www.imdb.com/name/nm10682246/?ref_=tt_cl_t_10')"
220,Jonathan Elias Weiske,"('Jonathan Elias Weiske', 'https://www.imdb.com/name/nm2416418/?ref_=tt_cl_t_1')"
221,Kevin Niegot,"('Kevin Niegot', 'https://www.imdb.com/name/nm2694493/?ref_=tt_cl_t_2')"
222,Jill Weller,"('Jill Weller', 'https://www.imdb.com/name/nm3576094/?ref_=tt_cl_t_3')"
223,Svetlana Belesova,"('Svetlana Belesova', 'https://www.imdb.com/name/nm7811634/?ref_=tt_cl_t_4')"
224,Holger Haas,"('Holger Haas', 'https://www.imdb.com/name/nm10053873/?ref_=tt_cl_t_5')"
225,Anja Mentzendorff,"('Anja Mentzendorff', 'https://www.imdb.com/name/nm11199201/?ref_=tt_cl_t_6')"
226,Norbert Meier,"('Norbert Meier', 'https://www.imdb.com/name/nm5670791/?ref_=tt_cl_t_7')"
227,Andreia Ribeiro,"('Andreia Ribeiro', 'https://www.imdb.com/name/nm8506545/?ref_=tt_cl_t_1')"
228,Margaux Billard,"('Margaux Billard', 'https://www.imdb.com/name/nm4951571/?ref_=tt_cl_t_2')"
229,Angelina Maud,"('Angelina Maud', 'https://www.imdb.com/name/nm10690254/?ref_=tt_cl_t_3')"
230,José Ponce,"('José Ponce', 'https://www.imdb.com/name/nm4514001/?ref_=tt_cl_t_4')"
231,Anne Ducat,"('Anne Ducat', 'https://www.imdb.com/name/nm8850793/?ref_=tt_cl_t_5')"
232,Carole Extermann,"('Carole Extermann', 'https://www.imdb.com/name/nm10690255/?ref_=tt_cl_t_6')"
233,Adrian Filip,"('Adrian Filip', 'https://www.imdb.com/name/nm4921116/?ref_=tt_cl_t_7')"
234,Pierre Vaucher,"('Pierre Vaucher', 'https://www.imdb.com/name/nm1789695/?ref_=tt_cl_t_8')"
235,Alexandre Bilardo,"('Alexandre Bilardo', 'https://www.imdb.com/name/nm2521155/?ref_=tt_cl_t_9')"
236,AnnaMarie Brown,"('AnnaMarie Brown', 'https://www.imdb.com/name/nm4448494/?ref_=tt_cl_t_1')"
237,Joshua T. Crockett,"('Joshua T. Crockett', 'https://www.imdb.com/name/nm8967382/?ref_=tt_cl_t_2')"
238,Henry Dolberry Sr.,"('Henry Dolberry Sr.', 'https://www.imdb.com/name/nm9472533/?ref_=tt_cl_t_3')"
239,Marquis Ransom,"('Marquis Ransom', 'https://www.imdb.com/name/nm7510010/?ref_=tt_cl_t_4')"
240,David Elliot,"('David Elliot', 'https://www.imdb.com/name/nm2707511/?ref_=tt_cl_t_1')"
241,Rian Gordon,"('Rian Gordon', 'https://www.imdb.com/name/nm6226543/?ref_=tt_cl_t_2')"
242,Alan Mandel,"('Alan Mandel', 'https://www.imdb.com/name/nm4504286/?ref_=tt_cl_t_3')"
243,Bahar Beihaghi,"('Bahar Beihaghi', 'https://www.imdb.com/name/nm9839040/?ref_=tt_cl_t_1')"
244,Neimah Djourabchi,"('Neimah Djourabchi', 'https://www.imdb.com/name/nm2680952/?ref_=tt_cl_t_2')"
245,Alexandra Kyle,"('Alexandra Kyle', 'https://www.imdb.com/name/nm0477363/?ref_=tt_cl_t_1')"
246,Abigail 'Paris' Moore,"(""Abigail 'Paris' Moore"", 'https://www.imdb.com/name/nm2327807/?ref_=tt_cl_t_2')"
247,Terryn Westbrook,"('Terryn Westbrook', 'https://www.imdb.com/name/nm1382044/?ref_=tt_cl_t_3')"
248,Sonya Eddy,"('Sonya Eddy', 'https://www.imdb.com/name/nm0248913/?ref_=tt_cl_t_1')"
249,GloZell Green,"('GloZell Green', 'https://www.imdb.com/name/nm3941817/?ref_=tt_cl_t_2')"
250,Becki Dennis,"('Becki Dennis', 'https://www.imdb.com/name/nm4119820/?ref_=tt_cl_t_3')"
251,Lita Lopez,"('Lita Lopez', 'https://www.imdb.com/name/nm1143954/?ref_=tt_cl_t_5')"
252,Danny Gonzalez,"('Danny Gonzalez', 'https://www.imdb.com/name/nm5579527/?ref_=tt_cl_t_6')"
253,John Logan,"('John Logan', 'https://www.imdb.com/name/nm4606409/?ref_=tt_cl_t_7')"
254,Hallie York,"('Hallie York', 'https://www.imdb.com/name/nm4125389/?ref_=tt_cl_t_8')"
255,Eric Flores,"('Eric Flores', 'https://www.imdb.com/name/nm10771754/?ref_=tt_cl_t_9')"
256,Rich Liccardo,"('Rich Liccardo', 'https://www.imdb.com/name/nm8209679/?ref_=tt_cl_t_10')"
257,Emelie Dahlskog,"('Emelie Dahlskog', 'https://www.imdb.com/name/nm6871850/?ref_=tt_cl_t_1')"
258,Joel Ström,"('Joel Ström', 'https://www.imdb.com/name/nm8198521/?ref_=tt_cl_t_2')"
259,Sunny Chen,"('Sunny Chen', 'https://www.imdb.com/name/nm7529260/?ref_=tt_cl_t_1')"
260,Odessa Shuquaya,"('Odessa Shuquaya', 'https://www.imdb.com/name/nm2477831/?ref_=tt_cl_t_2')"
261,Simon Chin,"('Simon Chin', 'https://www.imdb.com/name/nm1777809/?ref_=tt_cl_t_3')"
262,Grace Chin,"('Grace Chin', 'https://www.imdb.com/name/nm1438956/?ref_=tt_cl_t_4')"
263,Caroline Chan,"('Caroline Chan', 'https://www.imdb.com/name/nm1775716/?ref_=tt_cl_t_5')"
264,Sharmaine Yeoh,"('Sharmaine Yeoh', 'https://www.imdb.com/name/nm2831588/?ref_=tt_cl_t_6')"
265,Genevieve Soo,"('Genevieve Soo', 'https://www.imdb.com/name/nm10490363/?ref_=tt_cl_t_7')"
266,Amirreza Ranjbaran,"('Amirreza Ranjbaran', 'https://www.imdb.com/name/nm7922716/?ref_=tt_cl_t_1')"
267,Sina Fouladvari,"('Sina Fouladvari', 'https://www.imdb.com/name/nm12401848/?ref_=tt_cl_t_2')"
268,Hootan Parsi,"('Hootan Parsi', 'https://www.imdb.com/name/nm10437197/?ref_=tt_cl_t_3')"
269,Navid Bani,"('Navid Bani', 'https://www.imdb.com/name/nm10039196/?ref_=tt_cl_t_4')"
270,Mehdi Mehrabi,"('Mehdi Mehrabi', 'https://www.imdb.com/name/nm7973900/?ref_=tt_cl_t_5')"
271,Zahra Oloumi,"('Zahra Oloumi', 'https://www.imdb.com/name/nm12826093/?ref_=tt_cl_t_6')"
272,Amir Pouya Ghasemi,"('Amir Pouya Ghasemi', 'https://www.imdb.com/name/nm12826097/?ref_=tt_cl_t_7')"
273,Mehdi Pileh Var,"('Mehdi Pileh Var', 'https://www.imdb.com/name/nm12826098/?ref_=tt_cl_t_8')"
274,Mobina Eyvazi,"('Mobina Eyvazi', 'https://www.imdb.com/name/nm10687619/?ref_=tt_cl_t_9')"
275,Matthew Jacob,"('Matthew Jacob', 'https://www.imdb.com/name/nm10383478/?ref_=tt_cl_t_1')"
276,Jasmine Fontes,"('Jasmine Fontes', 'https://www.imdb.com/name/nm5460105/?ref_=tt_cl_t_2')"
277,Alistair McKenzie,"('Alistair McKenzie', 'https://www.imdb.com/name/nm1436561/?ref_=tt_cl_t_3')"
278,Claudia Wit,"('Claudia Wit', 'https://www.imdb.com/name/nm2615225/?ref_=tt_cl_t_4')"
279,Scott F. Evans,"('Scott F. Evans', 'https://www.imdb.com/name/nm1939279/?ref_=tt_cl_t_5')"
280,Lyz Tory,"('Lyz Tory', 'https://www.imdb.com/name/nm3494344/?ref_=tt_cl_t_6')"
281,Rick Lengua,"('Rick Lengua', 'https://www.imdb.com/name/nm9577155/?ref_=tt_cl_t_7')"
282,Elisa Vazquez,"('Elisa Vazquez', 'https://www.imdb.com/name/nm10781431/?ref_=tt_cl_t_8')"
283,Sam Shafiz,"('Sam Shafiz', 'https://www.imdb.com/name/nm10903591/?ref_=tt_cl_t_9')"
284,Emiliano Lopez,"('Emiliano Lopez', 'https://www.imdb.com/name/nm10903592/?ref_=tt_cl_t_10')"
285,Mbulelo Grootboom,"('Mbulelo Grootboom', 'https://www.imdb.com/name/nm2845104/?ref_=tt_cl_t_1')"
286,Masego Naledi,"('Masego Naledi', 'https://www.imdb.com/name/nm10707445/?ref_=tt_cl_t_2')"
287,Noluthando Ndlovu,"('Noluthando Ndlovu', 'https://www.imdb.com/name/nm10707444/?ref_=tt_cl_t_3')"
288,Maya Robinson,"('Maya Robinson', 'https://www.imdb.com/name/nm8162352/?ref_=tt_cl_t_1')"
289,Scott Johnson,"('Scott Johnson', 'https://www.imdb.com/name/nm1480260/?ref_=tt_cl_t_2')"
290,Melanie Zanetti,"('Melanie Zanetti', 'https://www.imdb.com/name/nm3148372/?ref_=tt_cl_t_3')"
291,Scarlett Dorrington,"('Scarlett Dorrington', 'https://www.imdb.com/name/nm9303986/?ref_=tt_cl_t_4')"
292,Nathalie Santillana,"('Nathalie Santillana', 'https://www.imdb.com/name/nm14120080/?ref_=tt_cl_t_5')"
293,Caroline Bloom,"('Caroline Bloom', 'https://www.imdb.com/name/nm3364473/?ref_=tt_cl_t_1')"
294,Faith Bryant,"('Faith Bryant', 'https://www.imdb.com/name/nm10711123/?ref_=tt_cl_t_2')"
295,Chandler Dean,"('Chandler Dean', 'https://www.imdb.com/name/nm10201290/?ref_=tt_cl_t_3')"
296,Sheila Houlahan,"('Sheila Houlahan', 'https://www.imdb.com/name/nm8369559/?ref_=tt_cl_t_4')"
297,Michael Hyland,"('Michael Hyland', 'https://www.imdb.com/name/nm0405094/?ref_=tt_cl_t_5')"
298,Joziah Lagonoy,"('Joziah Lagonoy', 'https://www.imdb.com/name/nm9087863/?ref_=tt_cl_t_6')"
299,Zack Radvansky,"('Zack Radvansky', 'https://www.imdb.com/name/nm3982034/?ref_=tt_cl_t_7')"
300,James Allodi,"('James Allodi', 'https://www.imdb.com/name/nm0021548/?ref_=tt_cl_t_1')"
301,Gregory Waters,"('Gregory Waters', 'https://www.imdb.com/name/nm9282738/?ref_=tt_cl_t_2')"
302,Gilsergio Botelho,"('Gilsergio Botelho', 'https://www.imdb.com/name/nm10714553/?ref_=tt_cl_t_1')"
303,Flora Rocha,"('Flora Rocha', 'https://www.imdb.com/name/nm10714552/?ref_=tt_cl_t_2')"
304,Felipe Velozo,"('Felipe Velozo', 'https://www.imdb.com/name/nm8124905/?ref_=tt_cl_t_3')"
305,Kelly Dealyn,"('Kelly Dealyn', 'https://www.imdb.com/name/nm1336867/?ref_=tt_cl_t_1')"
306,Teagan Jai Boyd,"('Teagan Jai Boyd', 'https://www.imdb.com/name/nm5905861/?ref_=tt_cl_t_2')"
307,Jessica Brynn Cohen,"('Jessica Brynn Cohen', 'https://www.imdb.com/name/nm10523267/?ref_=tt_cl_t_3')"
308,Nichole Abshire,"('Nichole Abshire', 'https://www.imdb.com/name/nm0941609/?ref_=tt_cl_t_4')"
309,Ava Dallesandro,"('Ava Dallesandro', 'https://www.imdb.com/name/nm10897753/?ref_=tt_cl_t_5')"
310,Ryan Paul,"('Ryan Paul', 'https://www.imdb.com/name/nm11352007/?ref_=tt_cl_t_6')"
311,Jacqueline Ambrosia,"('Jacqueline Ambrosia', 'https://www.imdb.com/name/nm5446967/?ref_=tt_cl_t_1')"
312,James Thorne,"('James Thorne', 'https://www.imdb.com/name/nm10716952/?ref_=tt_cl_t_2')"
313,Megan Tremethick,"('Megan Tremethick', 'https://www.imdb.com/name/nm7459010/?ref_=tt_cl_t_1')"
314,Emily Knutsson,"('Emily Knutsson', 'https://www.imdb.com/name/nm12621897/?ref_=tt_cl_t_2')"
315,Michael Daviot,"('Michael Daviot', 'https://www.imdb.com/name/nm5072460/?ref_=tt_cl_t_3')"
316,Michael Brewster,"('Michael Brewster', 'https://www.imdb.com/name/nm6292370/?ref_=tt_cl_t_4')"
317,Craig J. Seath,"('Craig J. Seath', 'https://www.imdb.com/name/nm4673024/?ref_=tt_cl_t_5')"
318,Ciera Angelia,"('Ciera Angelia', 'https://www.imdb.com/name/nm4715711/?ref_=tt_cl_t_1')"
319,Juhahn Jones,"('Juhahn Jones', 'https://www.imdb.com/name/nm2888331/?ref_=tt_cl_t_2')"
320,Alex Grant,"('Alex Grant', 'https://www.imdb.com/name/nm1521334/?ref_=tt_cl_t_3')"
321,Matt Huston,"('Matt Huston', 'https://www.imdb.com/name/nm4517408/?ref_=tt_cl_t_4')"
322,Tchindalo Aloise,"('Tchindalo Aloise', 'https://www.imdb.com/name/nm9747270/?ref_=tt_cl_t_5')"
323,Jennifer Marie,"('Jennifer Marie', 'https://www.imdb.com/name/nm7343820/?ref_=tt_cl_t_6')"
324,Isadora Ortega,"('Isadora Ortega', 'https://www.imdb.com/name/nm2343609/?ref_=tt_cl_t_7')"
325,Roisin Gallagher,"('Roisin Gallagher', 'https://www.imdb.com/name/nm3481069/?ref_=tt_cl_t_1')"
326,Martin McCann,"('Martin McCann', 'https://www.imdb.com/name/nm0564901/?ref_=tt_cl_t_2')"
327,Daniel Willis,"('Daniel Willis', 'https://www.imdb.com/name/nm8573409/?ref_=tt_cl_t_3')"
328,Tara Lynne O'Neill,"(""Tara Lynne O'Neill"", 'https://www.imdb.com/name/nm0642321/?ref_=tt_cl_t_4')"
329,Tracey Lynch,"('Tracey Lynch', 'https://www.imdb.com/name/nm0528484/?ref_=tt_cl_t_5')"
330,Sean Kearns,"('Sean Kearns', 'https://www.imdb.com/name/nm0444036/?ref_=tt_cl_t_6')"
331,Darcey McNeeley,"('Darcey McNeeley', 'https://www.imdb.com/name/nm9706775/?ref_=tt_cl_t_7')"
332,Seamus O'Hara,"(""Seamus O'Hara"", 'https://www.imdb.com/name/nm5339108/?ref_=tt_cl_t_8')"
333,Claire Kieran McGrogan,"('Claire Kieran McGrogan', 'https://www.imdb.com/name/nm10734440/?ref_=tt_cl_t_9')"
334,Anna Gamburg,"('Anna Gamburg', 'https://www.imdb.com/name/nm7692863/?ref_=tt_cl_t_1')"
335,Wolfgang Löwenherz,"('Wolfgang Löwenherz', 'https://www.imdb.com/name/nm9234443/?ref_=tt_cl_t_2')"
336,Ilona Raytman,"('Ilona Raytman', 'https://www.imdb.com/name/nm9465157/?ref_=tt_cl_t_3')"
337,Annie Golden,"('Annie Golden', 'https://www.imdb.com/name/nm0325390/?ref_=tt_cl_t_1')"
338,Danielle Burgess,"('Danielle Burgess', 'https://www.imdb.com/name/nm5321891/?ref_=tt_cl_t_2')"
339,Anna Russell,"('Anna Russell', 'https://www.imdb.com/name/nm5009233/?ref_=tt_cl_t_3')"
340,Olan Montgomery,"('Olan Montgomery', 'https://www.imdb.com/name/nm3873681/?ref_=tt_cl_t_4')"
341,Anastasia Veronica Lee,"('Anastasia Veronica Lee', 'https://www.imdb.com/name/nm3845298/?ref_=tt_cl_t_5')"
342,Nikiya Mathis,"('Nikiya Mathis', 'https://www.imdb.com/name/nm2507405/?ref_=tt_cl_t_6')"
343,Eduard Adam,"('Eduard Adam', 'https://www.imdb.com/name/nm7259476/?ref_=tt_cl_t_1')"
344,Monica Davidescu,"('Monica Davidescu', 'https://www.imdb.com/name/nm1472427/?ref_=tt_cl_t_2')"
345,Rodica Popescu Bitanescu,"('Rodica Popescu Bitanescu', 'https://www.imdb.com/name/nm0691216/?ref_=tt_cl_t_3')"
346,Aurelian Temisan,"('Aurelian Temisan', 'https://www.imdb.com/name/nm0854600/?ref_=tt_cl_t_4')"
347,Tomiwa Edun,"('Tomiwa Edun', 'https://www.imdb.com/name/nm3643989/?ref_=tt_cl_t_1')"
348,Jane Slavin,"('Jane Slavin', 'https://www.imdb.com/name/nm0805583/?ref_=tt_cl_t_2')"
349,Charlotte Hamblin,"('Charlotte Hamblin', 'https://www.imdb.com/name/nm5921359/?ref_=tt_cl_t_3')"
350,Oscar Dyekjær Giese,"('Oscar Dyekjær Giese', 'https://www.imdb.com/name/nm5489327/?ref_=tt_cl_t_1')"
351,Lucas Lynggaard,"('Lucas Lynggaard', 'https://www.imdb.com/name/nm5455622/?ref_=tt_cl_t_2')"
352,Karoline Hamm,"('Karoline Hamm', 'https://www.imdb.com/name/nm6531488/?ref_=tt_cl_t_3')"
353,Kasper Løfvall Stensbirk,"('Kasper Løfvall Stensbirk', 'https://www.imdb.com/name/nm7146328/?ref_=tt_cl_t_4')"
354,Stefan Crepon,"('Stefan Crepon', 'https://www.imdb.com/name/nm9729717/?ref_=tt_cl_t_1')"
355,François Creton,"('François Creton', 'https://www.imdb.com/name/nm0187648/?ref_=tt_cl_t_2')"
356,Marie Desgranges,"('Marie Desgranges', 'https://www.imdb.com/name/nm0221159/?ref_=tt_cl_t_3')"
357,Kassem Al Khoja,"('Kassem Al Khoja', 'https://www.imdb.com/name/nm10213730/?ref_=tt_cl_t_4')"
358,Adèle Journeaux,"('Adèle Journeaux', 'https://www.imdb.com/name/nm10828552/?ref_=tt_cl_t_5')"
359,Lucas Borzykoswski,"('Lucas Borzykoswski', 'https://www.imdb.com/name/nm4449551/?ref_=tt_cl_t_6')"
360,Lucas Mortier,"('Lucas Mortier', 'https://www.imdb.com/name/nm10334017/?ref_=tt_cl_t_7')"
361,Dalia Naous,"('Dalia Naous', 'https://www.imdb.com/name/nm10534919/?ref_=tt_cl_t_8')"
362,Ali Bagheri,"('Ali Bagheri', 'https://www.imdb.com/name/nm5516247/?ref_=tt_cl_t_1')"
363,Behzad Dorani,"('Behzad Dorani', 'https://www.imdb.com/name/nm0235426/?ref_=tt_cl_t_2')"
364,Amir Janani,"('Amir Janani', 'https://www.imdb.com/name/nm8826316/?ref_=tt_cl_t_3')"
365,Luis Bordonada,"('Luis Bordonada', 'https://www.imdb.com/name/nm3287985/?ref_=tt_cl_t_1')"
366,Esther Salas,"('Esther Salas', 'https://www.imdb.com/name/nm8398155/?ref_=tt_cl_t_2')"
367,Bernardo Saracino,"('Bernardo Saracino', 'https://www.imdb.com/name/nm3229268/?ref_=tt_cl_t_3')"
368,Jannelle Rosalia Gallegos,"('Jannelle Rosalia Gallegos', 'https://www.imdb.com/name/nm12522109/?ref_=tt_cl_t_4')"
369,Mac Granger,"('Mac Granger', 'https://www.imdb.com/name/nm10762535/?ref_=tt_cl_t_5')"
370,Hector Colunga,"('Hector Colunga', 'https://www.imdb.com/name/nm10765054/?ref_=tt_cl_t_6')"
371,Royce Leii,"('Royce Leii', 'https://www.imdb.com/name/nm8819051/?ref_=tt_cl_t_7')"
372,Pooky Quesnel,"('Pooky Quesnel', 'https://www.imdb.com/name/nm0703342/?ref_=tt_cl_t_1')"
373,Jonnie Hurn,"('Jonnie Hurn', 'https://www.imdb.com/name/nm1398174/?ref_=tt_cl_t_2')"
374,Sebastian Street,"('Sebastian Street', 'https://www.imdb.com/name/nm2374864/?ref_=tt_cl_t_3')"
375,Ian Manson,"('Ian Manson', 'https://www.imdb.com/name/nm4044914/?ref_=tt_cl_t_4')"
376,Louis Holland,"('Louis Holland', 'https://www.imdb.com/name/nm11902562/?ref_=tt_cl_t_5')"
377,Dale Curran,"('Dale Curran', 'https://www.imdb.com/name/nm11903052/?ref_=tt_cl_t_6')"
378,David Fensom,"('David Fensom', 'https://www.imdb.com/name/nm11903158/?ref_=tt_cl_t_7')"
379,Charlie Hancock,"('Charlie Hancock', 'https://www.imdb.com/name/nm11902589/?ref_=tt_cl_t_8')"
380,Pam Coningsby,"('Pam Coningsby', 'https://www.imdb.com/name/nm11903053/?ref_=tt_cl_t_9')"
381,Joshua Marshall,"('Joshua Marshall', 'https://www.imdb.com/name/nm11903051/?ref_=tt_cl_t_10')"
382,Esther Anderson,"('Esther Anderson', 'https://www.imdb.com/name/nm10765640/?ref_=tt_cl_t_1')"
383,Patrick Aboagye,"('Patrick Aboagye', 'https://www.imdb.com/name/nm10765641/?ref_=tt_cl_t_2')"
384,Stone Mason,"('Stone Mason', 'https://www.imdb.com/name/nm6788671/?ref_=tt_cl_t_3')"
385,Millicent Arthur,"('Millicent Arthur', 'https://www.imdb.com/name/nm10765643/?ref_=tt_cl_t_4')"
386,Michael Kwame Livingstone,"('Michael Kwame Livingstone', 'https://www.imdb.com/name/nm10765644/?ref_=tt_cl_t_5')"
387,Prince Asamoah,"('Prince Asamoah', 'https://www.imdb.com/name/nm10765642/?ref_=tt_cl_t_6')"
388,Kathy Huynh-Phan,"('Kathy Huynh-Phan', 'https://www.imdb.com/name/nm4529669/?ref_=tt_cl_t_1')"
389,Ryan Jonze,"('Ryan Jonze', 'https://www.imdb.com/name/nm2572795/?ref_=tt_cl_t_2')"
390,Tina Duong,"('Tina Duong', 'https://www.imdb.com/name/nm2965030/?ref_=tt_cl_t_3')"
391,Bj Gruber,"('Bj Gruber', 'https://www.imdb.com/name/nm6903193/?ref_=tt_cl_t_4')"
392,Jonathan Drew,"('Jonathan Drew', 'https://www.imdb.com/name/nm4693569/?ref_=tt_cl_t_5')"
393,Michael Catlege,"('Michael Catlege', 'https://www.imdb.com/name/nm7245415/?ref_=tt_cl_t_6')"
394,Ryan M. Perez,"('Ryan M. Perez', 'https://www.imdb.com/name/nm6971778/?ref_=tt_cl_t_7')"
395,Donna Svennevik,"('Donna Svennevik', 'https://www.imdb.com/name/nm0841066/?ref_=tt_cl_t_8')"
396,Aaron Stiles,"('Aaron Stiles', 'https://www.imdb.com/name/nm8260653/?ref_=tt_cl_t_9')"
397,Roberta Thompson,"('Roberta Thompson', 'https://www.imdb.com/name/nm10466396/?ref_=tt_cl_t_10')"
398,Acadia Colan,"('Acadia Colan', 'https://www.imdb.com/name/nm8324516/?ref_=tt_cl_t_1')"
399,Christopher Bencomo,"('Christopher Bencomo', 'https://www.imdb.com/name/nm3703126/?ref_=tt_cl_t_2')"
400,Eva Coleman,"('Eva Coleman', 'https://www.imdb.com/name/nm7082183/?ref_=tt_cl_t_3')"
401,Akira Jackson,"('Akira Jackson', 'https://www.imdb.com/name/nm7834988/?ref_=tt_cl_t_4')"
402,Anastasia Mirabelle,"('Anastasia Mirabelle', 'https://www.imdb.com/name/nm9129160/?ref_=tt_cl_t_5')"
403,Toni Murdock,"('Toni Murdock', 'https://www.imdb.com/name/nm9903407/?ref_=tt_cl_t_6')"
404,Félixe De Becker,"('Félixe De Becker', 'https://www.imdb.com/name/nm4336356/?ref_=tt_cl_t_1')"
405,Danny Dolan,"('Danny Dolan', 'https://www.imdb.com/name/nm2318642/?ref_=tt_cl_t_2')"
406,Nathaniel Bryant,"('Nathaniel Bryant', 'https://www.imdb.com/name/nm12243219/?ref_=tt_cl_t_1')"
407,Buddy Caine,"('Buddy Caine', 'https://www.imdb.com/name/nm9810855/?ref_=tt_cl_t_2')"
408,Tracey Carnazzo,"('Tracey Carnazzo', 'https://www.imdb.com/name/nm9843802/?ref_=tt_cl_t_3')"
409,Jocelyne Cordero,"('Jocelyne Cordero', 'https://www.imdb.com/name/nm7610083/?ref_=tt_cl_t_4')"
410,Wesley Gonzalez,"('Wesley Gonzalez', 'https://www.imdb.com/name/nm12233781/?ref_=tt_cl_t_5')"
411,Artie Gray,"('Artie Gray', 'https://www.imdb.com/name/nm12246464/?ref_=tt_cl_t_6')"
412,Dan Herzog,"('Dan Herzog', 'https://www.imdb.com/name/nm12071998/?ref_=tt_cl_t_7')"
413,Marcie Herzog,"('Marcie Herzog', 'https://www.imdb.com/name/nm12248200/?ref_=tt_cl_t_8')"
414,Mark Herzog,"('Mark Herzog', 'https://www.imdb.com/name/nm12071999/?ref_=tt_cl_t_9')"
415,Matthew Herzog,"('Matthew Herzog', 'https://www.imdb.com/name/nm12243314/?ref_=tt_cl_t_10')"
416,Ava Torres,"('Ava Torres', 'https://www.imdb.com/name/nm10746258/?ref_=tt_cl_t_1')"
417,Jeff Perkins,"('Jeff Perkins', 'https://www.imdb.com/name/nm10094586/?ref_=tt_cl_t_2')"
418,Teddy Eggleston,"('Teddy Eggleston', 'https://www.imdb.com/name/nm8222503/?ref_=tt_cl_t_3')"
419,Deshja Driggs,"('Deshja Driggs', 'https://www.imdb.com/name/nm0237911/?ref_=tt_cl_t_4')"
420,Maximus Silva,"('Maximus Silva', 'https://www.imdb.com/name/nm10990481/?ref_=tt_cl_t_5')"
421,Kgalalelo Mfokazane,"('Kgalalelo Mfokazane', 'https://www.imdb.com/name/nm12427185/?ref_=tt_cl_t_1')"
422,Sindi Montsho,"('Sindi Montsho', 'https://www.imdb.com/name/nm12427186/?ref_=tt_cl_t_2')"
423,Thishiwe Ziqubu,"('Thishiwe Ziqubu', 'https://www.imdb.com/name/nm5701055/?ref_=tt_cl_t_3')"
424,J.T. Melaragno,"('J.T. Melaragno', 'https://www.imdb.com/name/nm9944167/?ref_=tt_cl_t_1')"
425,Lily Bathory,"('Lily Bathory', 'https://www.imdb.com/name/nm12904768/?ref_=tt_cl_t_2')"
426,Christopher James Taylor,"('Christopher James Taylor', 'https://www.imdb.com/name/nm12580581/?ref_=tt_cl_t_3')"
427,Zach Mund,"('Zach Mund', 'https://www.imdb.com/name/nm12904769/?ref_=tt_cl_t_4')"
428,Scott Croushore,"('Scott Croushore', 'https://www.imdb.com/name/nm6612211/?ref_=tt_cl_t_5')"
429,Jeannene Orofino,"('Jeannene Orofino', 'https://www.imdb.com/name/nm1574450/?ref_=tt_cl_t_6')"
430,Geneva Meyer,"('Geneva Meyer', 'https://www.imdb.com/name/nm12887912/?ref_=tt_cl_t_7')"
431,Debbie Soelter,"('Debbie Soelter', 'https://www.imdb.com/name/nm11987432/?ref_=tt_cl_t_8')"
432,Kristina Gilday,"('Kristina Gilday', 'https://www.imdb.com/name/nm12887915/?ref_=tt_cl_t_9')"
433,Caitlin Dempsey,"('Caitlin Dempsey', 'https://www.imdb.com/name/nm12904770/?ref_=tt_cl_t_10')"
434,Shanice Baeier,"('Shanice Baeier', 'https://www.imdb.com/name/nm8729086/?ref_=tt_cl_t_1')"
435,Jenn Kirk,"('Jenn Kirk', 'https://www.imdb.com/name/nm6168143/?ref_=tt_cl_t_1')"
436,Alexandr Borecky,"('Alexandr Borecky', 'https://www.imdb.com/name/nm8879254/?ref_=tt_cl_t_2')"
437,Lukas Labuda,"('Lukas Labuda', 'https://www.imdb.com/name/nm11319657/?ref_=tt_cl_t_3')"
438,J. Skrivanek,"('J. Skrivanek', 'https://www.imdb.com/name/nm10926139/?ref_=tt_cl_t_4')"
439,David Jablonski,"('David Jablonski', 'https://www.imdb.com/name/nm11708254/?ref_=tt_cl_t_5')"
440,Mir Afsar Ali,"('Mir Afsar Ali', 'https://www.imdb.com/name/nm4433883/?ref_=tt_cl_t_1')"
441,Devlina Kumar,"('Devlina Kumar', 'https://www.imdb.com/name/nm10112209/?ref_=tt_cl_t_2')"
442,Bidyut Roy Choudhury,"('Bidyut Roy Choudhury', 'https://www.imdb.com/name/nm4456882/?ref_=tt_cl_t_3')"
443,Pallab Mishra,"('Pallab Mishra', 'https://www.imdb.com/name/nm12486892/?ref_=tt_cl_t_4')"
444,Lewis Edwards,"('Lewis Edwards', 'https://www.imdb.com/name/nm7485183/?ref_=tt_cl_t_1')"
445,Rochelle Emanuel-Smith,"('Rochelle Emanuel-Smith', 'https://www.imdb.com/name/nm4925459/?ref_=tt_cl_t_2')"
446,Damian Foley,"('Damian Foley', 'https://www.imdb.com/name/nm3040596/?ref_=tt_cl_t_3')"
447,Sarah Greenwood,"('Sarah Greenwood', 'https://www.imdb.com/name/nm8580943/?ref_=tt_cl_t_4')"
448,Courtney Henri,"('Courtney Henri', 'https://www.imdb.com/name/nm13259882/?ref_=tt_cl_t_5')"
449,Sean Roberts Metcalfe,"('Sean Roberts Metcalfe', 'https://www.imdb.com/name/nm8300995/?ref_=tt_cl_t_6')"
450,Andrew Nowrojee,"('Andrew Nowrojee', 'https://www.imdb.com/name/nm6616114/?ref_=tt_cl_t_7')"
451,Tom Scantlebury,"('Tom Scantlebury', 'https://www.imdb.com/name/nm10777844/?ref_=tt_cl_t_8')"
452,Alexander Elliot,"('Alexander Elliot', 'https://www.imdb.com/name/nm10721835/?ref_=tt_cl_t_1')"
453,Morgan David Jones,"('Morgan David Jones', 'https://www.imdb.com/name/nm2290151/?ref_=tt_cl_t_2')"
454,Daniella Forget,"('Daniella Forget', 'https://www.imdb.com/name/nm3556593/?ref_=tt_cl_t_3')"
455,Matt Dawson,"('Matt Dawson', 'https://www.imdb.com/name/nm3260755/?ref_=tt_cl_t_4')"
456,Ethan Hwang,"('Ethan Hwang', 'https://www.imdb.com/name/nm8831356/?ref_=tt_cl_t_5')"
457,William Foley,"('William Foley', 'https://www.imdb.com/name/nm1807034/?ref_=tt_cl_t_6')"
458,Kassidy Silverberg,"('Kassidy Silverberg', 'https://www.imdb.com/name/nm7727601/?ref_=tt_cl_t_7')"
459,Simon Pirso,"('Simon Pirso', 'https://www.imdb.com/name/nm9378043/?ref_=tt_cl_t_8')"
460,Barbara de la Fuente,"('Barbara de la Fuente', 'https://www.imdb.com/name/nm2557692/?ref_=tt_cl_t_9')"
461,Ayla Parsons,"('Ayla Parsons', 'https://www.imdb.com/name/nm3908809/?ref_=tt_cl_t_1')"
462,Steven Lane,"('Steven Lane', 'https://www.imdb.com/name/nm3346778/?ref_=tt_cl_t_2')"
463,Rachael Thompson,"('Rachael Thompson', 'https://www.imdb.com/name/nm2621272/?ref_=tt_cl_t_3')"
464,Jamie Robson,"('Jamie Robson', 'https://www.imdb.com/name/nm8494103/?ref_=tt_cl_t_1')"
465,Courtney Hart,"('Courtney Hart', 'https://www.imdb.com/name/nm10972346/?ref_=tt_cl_t_1')"
466,Steve Archer,"('Steve Archer', 'https://www.imdb.com/name/nm9820664/?ref_=tt_cl_t_2')"
467,Chandra Michaels,"('Chandra Michaels', 'https://www.imdb.com/name/nm5063548/?ref_=tt_cl_t_3')"
468,Jennifer Cudahy,"('Jennifer Cudahy', 'https://www.imdb.com/name/nm6341665/?ref_=tt_cl_t_4')"
469,Renee Lockett,"('Renee Lockett', 'https://www.imdb.com/name/nm9502493/?ref_=tt_cl_t_5')"
470,Keisha Champagne,"('Keisha Champagne', 'https://www.imdb.com/name/nm8498004/?ref_=tt_cl_t_6')"
471,Amber Engler,"('Amber Engler', 'https://www.imdb.com/name/nm10932948/?ref_=tt_cl_t_7')"
472,Katharin 'Ladie K' Mraz,"(""Katharin 'Ladie K' Mraz"", 'https://www.imdb.com/name/nm3284397/?ref_=tt_cl_t_8')"
473,Corrine Ashley,"('Corrine Ashley', 'https://www.imdb.com/name/nm10932447/?ref_=tt_cl_t_9')"
474,Brian C. McAuliffe,"('Brian C. McAuliffe', 'https://www.imdb.com/name/nm4784446/?ref_=tt_cl_t_10')"
475,Ashley Johnson,"('Ashley Johnson', 'https://www.imdb.com/name/nm3839927/?ref_=tt_cl_t_1')"
476,Adrian Zeigler,"('Adrian Zeigler', 'https://www.imdb.com/name/nm4730557/?ref_=tt_cl_t_2')"
477,Sean Alexander James,"('Sean Alexander James', 'https://www.imdb.com/name/nm4970618/?ref_=tt_cl_t_3')"
478,Jesse Townes,"('Jesse Townes', 'https://www.imdb.com/name/nm6675702/?ref_=tt_cl_t_4')"
479,Melanie Thompson,"('Melanie Thompson', 'https://www.imdb.com/name/nm4216897/?ref_=tt_cl_t_5')"
480,Nicole Peplinski,"('Nicole Peplinski', 'https://www.imdb.com/name/nm2624734/?ref_=tt_cl_t_6')"
481,Darmirra Brunson,"('Darmirra Brunson', 'https://www.imdb.com/name/nm1599793/?ref_=tt_cl_t_7')"
482,Frank Lyon,"('Frank Lyon', 'https://www.imdb.com/name/nm4656961/?ref_=tt_cl_t_8')"
483,JoAnna de Castro,"('JoAnna de Castro', 'https://www.imdb.com/name/nm6909052/?ref_=tt_cl_t_9')"
484,Estella Henderson,"('Estella Henderson', 'https://www.imdb.com/name/nm8457419/?ref_=tt_cl_t_10')"
485,Trudy Poux,"('Trudy Poux', 'https://www.imdb.com/name/nm12102604/?ref_=tt_cl_t_1')"
486,Piper Levine,"('Piper Levine', 'https://www.imdb.com/name/nm12102605/?ref_=tt_cl_t_2')"
487,Julianna Kurokawa,"('Julianna Kurokawa', 'https://www.imdb.com/name/nm8200751/?ref_=tt_cl_t_1')"
488,Yinka Awoni,"('Yinka Awoni', 'https://www.imdb.com/name/nm7141338/?ref_=tt_cl_t_2')"
489,Tolu Stedford,"('Tolu Stedford', 'https://www.imdb.com/name/nm8452776/?ref_=tt_cl_t_3')"
490,Fiona McGee,"('Fiona McGee', 'https://www.imdb.com/name/nm2965034/?ref_=tt_cl_t_4')"
491,Philip Quinton,"('Philip Quinton', 'https://www.imdb.com/name/nm4308474/?ref_=tt_cl_t_5')"
492,Jess Collett,"('Jess Collett', 'https://www.imdb.com/name/nm3313363/?ref_=tt_cl_t_6')"
493,Kiriem Bello,"('Kiriem Bello', 'https://www.imdb.com/name/nm10681450/?ref_=tt_cl_t_7')"
494,Alex Ferguson-Powell,"('Alex Ferguson-Powell', 'https://www.imdb.com/name/nm12335030/?ref_=tt_cl_t_8')"
495,Rotimi Bello,"('Rotimi Bello', 'https://www.imdb.com/name/nm12335020/?ref_=tt_cl_t_9')"
496,Adenike Taiwo,"('Adenike Taiwo', 'https://www.imdb.com/name/nm12335019/?ref_=tt_cl_t_10')"
497,Mark Derwin,"('Mark Derwin', 'https://www.imdb.com/name/nm0220711/?ref_=tt_cl_t_1')"
498,Seamus Dever,"('Seamus Dever', 'https://www.imdb.com/name/nm0222336/?ref_=tt_cl_t_2')"
499,Dana Gourrier,"('Dana Gourrier', 'https://www.imdb.com/name/nm4158239/?ref_=tt_cl_t_3')"
500,Monica Howard,"('Monica Howard', 'https://www.imdb.com/name/nm10756641/?ref_=tt_cl_t_4')"
501,Vee Kumari,"('Vee Kumari', 'https://www.imdb.com/name/nm4589001/?ref_=tt_cl_t_5')"
502,Sarah Lilly,"('Sarah Lilly', 'https://www.imdb.com/name/nm0510469/?ref_=tt_cl_t_6')"
503,Parminder Nagra,"('Parminder Nagra', 'https://www.imdb.com/name/nm0619406/?ref_=tt_cl_t_7')"
504,Ryan Sadaghiani,"('Ryan Sadaghiani', 'https://www.imdb.com/name/nm6805539/?ref_=tt_cl_t_8')"
505,Malcolm J West,"('Malcolm J West', 'https://www.imdb.com/name/nm7092025/?ref_=tt_cl_t_1')"
506,Meg Savlov,"('Meg Savlov', 'https://www.imdb.com/name/nm0767837/?ref_=tt_cl_t_2')"
507,Colin Conway,"('Colin Conway', 'https://www.imdb.com/name/nm9971195/?ref_=tt_cl_t_3')"
508,Katelyn Jones,"('Katelyn Jones', 'https://www.imdb.com/name/nm9742430/?ref_=tt_cl_t_4')"
509,Melanie Stagner,"('Melanie Stagner', 'https://www.imdb.com/name/nm8374012/?ref_=tt_cl_t_5')"
510,Joanne Mitchell,"('Joanne Mitchell', 'https://www.imdb.com/name/nm0593449/?ref_=tt_cl_t_1')"
511,Payal Mistry,"('Payal Mistry', 'https://www.imdb.com/name/nm10925512/?ref_=tt_cl_t_2')"
512,Leah Baskaran,"('Leah Baskaran', 'https://www.imdb.com/name/nm6301687/?ref_=tt_cl_t_3')"
513,Neerja Sethi,"('Neerja Sethi', 'https://www.imdb.com/name/nm9149839/?ref_=tt_cl_t_4')"
514,Kelsey Openshaw,"('Kelsey Openshaw', 'https://www.imdb.com/name/nm10942694/?ref_=tt_cl_t_5')"
515,Liam Scholes,"('Liam Scholes', 'https://www.imdb.com/name/nm10190617/?ref_=tt_cl_t_6')"
516,Andrea Ashworth,"('Andrea Ashworth', 'https://www.imdb.com/name/nm10952538/?ref_=tt_cl_t_7')"
517,Stuart Ashworth,"('Stuart Ashworth', 'https://www.imdb.com/name/nm9734587/?ref_=tt_cl_t_8')"
518,Tara Delaney,"('Tara Delaney', 'https://www.imdb.com/name/nm4964265/?ref_=tt_cl_t_9')"
519,Roger McIntosh,"('Roger McIntosh', 'https://www.imdb.com/name/nm1185675/?ref_=tt_cl_t_10')"
520,Jake Holley,"('Jake Holley', 'https://www.imdb.com/name/nm9979526/?ref_=tt_cl_t_1')"
521,Jaclyn Jasgur,"('Jaclyn Jasgur', 'https://www.imdb.com/name/nm7516787/?ref_=tt_cl_t_2')"
522,Julian von Nagel,"('Julian von Nagel', 'https://www.imdb.com/name/nm7414614/?ref_=tt_cl_t_3')"
523,Maria Margaret Wilson,"('Maria Margaret Wilson', 'https://www.imdb.com/name/nm5958716/?ref_=tt_cl_t_4')"
524,Devin Lee White,"('Devin Lee White', 'https://www.imdb.com/name/nm6751991/?ref_=tt_cl_t_1')"
525,Patric James Callahan,"('Patric James Callahan', 'https://www.imdb.com/name/nm9501053/?ref_=tt_cl_t_2')"
526,James Ciskanik,"('James Ciskanik', 'https://www.imdb.com/name/nm7192999/?ref_=tt_cl_t_1')"
527,Cheray O'Neal,"(""Cheray O'Neal"", 'https://www.imdb.com/name/nm0641886/?ref_=tt_cl_t_2')"
528,JJ Obee,"('JJ Obee', 'https://www.imdb.com/name/nm9332631/?ref_=tt_cl_t_3')"
529,Carolyn Goodyear,"('Carolyn Goodyear', 'https://www.imdb.com/name/nm3795834/?ref_=tt_cl_t_1')"
530,Caroline Jay,"('Caroline Jay', 'https://www.imdb.com/name/nm1535134/?ref_=tt_cl_t_2')"
531,Lucie Rhoden,"('Lucie Rhoden', 'https://www.imdb.com/name/nm10865436/?ref_=tt_cl_t_3')"
532,Luke Rhoden,"('Luke Rhoden', 'https://www.imdb.com/name/nm10865435/?ref_=tt_cl_t_4')"
533,Eamon Yates,"('Eamon Yates', 'https://www.imdb.com/name/nm4295812/?ref_=tt_cl_t_5')"
534,Spencer Kingsley,"('Spencer Kingsley', 'https://www.imdb.com/name/nm10005738/?ref_=tt_cl_t_1')"
535,Timothy Skyler Dunigan,"('Timothy Skyler Dunigan', 'https://www.imdb.com/name/nm3814258/?ref_=tt_cl_t_2')"
536,Kat Gore,"('Kat Gore', 'https://www.imdb.com/name/nm8414560/?ref_=tt_cl_t_3')"
537,David Reid Hatfield,"('David Reid Hatfield', 'https://www.imdb.com/name/nm2094556/?ref_=tt_cl_t_4')"
538,Damon Sudduth,"('Damon Sudduth', 'https://www.imdb.com/name/nm8747361/?ref_=tt_cl_t_5')"
