,name,link
0,Shane McRae,"('Shane McRae', 'https://www.imdb.com/name/nm0574460/?ref_=tt_cl_t_1')"
1,Leroy Edwards III,"('Leroy Edwards III', 'https://www.imdb.com/name/nm1941344/?ref_=tt_cl_t_2')"
2,Ashley Cole,"('Ashley Cole', 'https://www.imdb.com/name/nm3661114/?ref_=tt_cl_t_3')"
3,Alex Castillo,"('Alex Castillo', 'https://www.imdb.com/name/nm1241050/?ref_=tt_cl_t_1')"
4,Chris Cleveland,"('Chris Cleveland', 'https://www.imdb.com/name/nm0166472/?ref_=tt_cl_t_2')"
5,Tara Buck,"('Tara Buck', 'https://www.imdb.com/name/nm0118427/?ref_=tt_cl_t_3')"
6,Melissa Pino,"('Melissa Pino', 'https://www.imdb.com/name/nm3307764/?ref_=tt_cl_t_4')"
7,Matias Salas Silva,"('Matias Salas Silva', 'https://www.imdb.com/name/nm11023491/?ref_=tt_cl_t_5')"
8,Yazaira Correa,"('Yazaira Correa', 'https://www.imdb.com/name/nm12591502/?ref_=tt_cl_t_6')"
9,Manuel Schwarz,"('Manuel Schwarz', 'https://www.imdb.com/name/nm4687074/?ref_=tt_cl_t_7')"
10,David M Sandoval Jr.,"('David M Sandoval Jr.', 'https://www.imdb.com/name/nm9301942/?ref_=tt_cl_t_8')"
11,Isaias Alexander Miranda,"('Isaias Alexander Miranda', 'https://www.imdb.com/name/nm10074427/?ref_=tt_cl_t_9')"
12,Gabriel Lemus,"('Gabriel Lemus', 'https://www.imdb.com/name/nm5257615/?ref_=tt_cl_t_10')"
13,Aarón Alonso,"('Aarón Alonso', 'https://www.imdb.com/name/nm5654676/?ref_=tt_cl_t_1')"
14,Aaron Gaffey,"('Aaron Gaffey', 'https://www.imdb.com/name/nm1372715/?ref_=tt_cl_t_2')"
15,Kareem McMichael,"('Kareem McMichael', 'https://www.imdb.com/name/nm5189592/?ref_=tt_cl_t_1')"
16,Michael McNeil,"('Michael McNeil', 'https://www.imdb.com/name/nm11116491/?ref_=tt_cl_t_2')"
17,Michael DiJuan McNeil,"('Michael DiJuan McNeil', 'https://www.imdb.com/name/nm8953735/?ref_=tt_cl_t_3')"
18,Alejandro Pagán,"('Alejandro Pagán', 'https://www.imdb.com/name/nm9025355/?ref_=tt_cl_t_4')"
19,Chanessa Richa'rd,"(""Chanessa Richa'rd"", 'https://www.imdb.com/name/nm9412589/?ref_=tt_cl_t_5')"
20,Kyra Stone,"('Kyra Stone', 'https://www.imdb.com/name/nm11116490/?ref_=tt_cl_t_6')"
21,Patrick Tennerson,"('Patrick Tennerson', 'https://www.imdb.com/name/nm6730217/?ref_=tt_cl_t_7')"
22,Oscar Jean,"('Oscar Jean', 'https://www.imdb.com/name/nm4497914/?ref_=tt_cl_t_1')"
23,Ragnhild Udbye Lefstad,"('Ragnhild Udbye Lefstad', 'https://www.imdb.com/name/nm2268035/?ref_=tt_cl_t_2')"
24,Agnes Naomi,"('Agnes Naomi', 'https://www.imdb.com/name/nm11119146/?ref_=tt_cl_t_3')"
25,Amina Sewali,"('Amina Sewali', 'https://www.imdb.com/name/nm3444174/?ref_=tt_cl_t_4')"
26,Lucy Brownhill,"('Lucy Brownhill', 'https://www.imdb.com/name/nm8261290/?ref_=tt_cl_t_1')"
27,Tamara Richards,"('Tamara Richards', 'https://www.imdb.com/name/nm5081300/?ref_=tt_cl_t_2')"
28,Hugh Mackay,"('Hugh Mackay', 'https://www.imdb.com/name/nm11128147/?ref_=tt_cl_t_1')"
29,Faela Van Deyzen,"('Faela Van Deyzen', 'https://www.imdb.com/name/nm11128146/?ref_=tt_cl_t_2')"
30,Philipp Metzler,"('Philipp Metzler', 'https://www.imdb.com/name/nm5698964/?ref_=tt_cl_t_1')"
31,Theresa Mußmacher,"('Theresa Mußmacher', 'https://www.imdb.com/name/nm10535423/?ref_=tt_cl_t_2')"
32,Dominic Rödel,"('Dominic Rödel', 'https://www.imdb.com/name/nm3866989/?ref_=tt_cl_t_3')"
33,Hakan Aygün,"('Hakan Aygün', 'https://www.imdb.com/name/nm9041053/?ref_=tt_cl_t_4')"
34,Steffi Vika,"('Steffi Vika', 'https://www.imdb.com/name/nm10698912/?ref_=tt_cl_t_5')"
35,Lars Posselt,"('Lars Posselt', 'https://www.imdb.com/name/nm10698913/?ref_=tt_cl_t_6')"
36,Harald Wanger,"('Harald Wanger', 'https://www.imdb.com/name/nm10535421/?ref_=tt_cl_t_7')"
37,Kevin Amann,"('Kevin Amann', 'https://www.imdb.com/name/nm10949736/?ref_=tt_cl_t_8')"
38,Fausto Duran,"('Fausto Duran', 'https://www.imdb.com/name/nm7548480/?ref_=tt_cl_t_1')"
39,Genesis C. Estevez,"('Genesis C. Estevez', 'https://www.imdb.com/name/nm11479093/?ref_=tt_cl_t_2')"
40,Génesis Estévez,"('Génesis Estévez', 'https://www.imdb.com/name/nm9539722/?ref_=tt_cl_t_3')"
41,Carasaf Sanchez,"('Carasaf Sanchez', 'https://www.imdb.com/name/nm4368672/?ref_=tt_cl_t_4')"
42,Raymond Jaquez,"('Raymond Jaquez', 'https://www.imdb.com/name/nm2862840/?ref_=tt_cl_t_5')"
43,Silvio Amado,"('Silvio Amado', 'https://www.imdb.com/name/nm11629184/?ref_=tt_cl_t_6')"
44,Edu Bega,"('Edu Bega', 'https://www.imdb.com/name/nm11629200/?ref_=tt_cl_t_7')"
45,Johnattan Báez,"('Johnattan Báez', 'https://www.imdb.com/name/nm7180469/?ref_=tt_cl_t_8')"
46,Manu Contreras,"('Manu Contreras', 'https://www.imdb.com/name/nm11629201/?ref_=tt_cl_t_9')"
47,Darianne Breault,"('Darianne Breault', 'https://www.imdb.com/name/nm10763361/?ref_=tt_cl_t_1')"
48,Scarlette Hellings,"('Scarlette Hellings', 'https://www.imdb.com/name/nm12137432/?ref_=tt_cl_t_2')"
49,Leah Magdalen,"('Leah Magdalen', 'https://www.imdb.com/name/nm8136297/?ref_=tt_cl_t_3')"
50,Sylvain Plasse,"('Sylvain Plasse', 'https://www.imdb.com/name/nm10821477/?ref_=tt_cl_t_4')"
51,Kristi Woods,"('Kristi Woods', 'https://www.imdb.com/name/nm3815210/?ref_=tt_cl_t_5')"
52,Jackson Allen,"('Jackson Allen', 'https://www.imdb.com/name/nm11134913/?ref_=tt_cl_t_1')"
53,Jack McAvoy,"('Jack McAvoy', 'https://www.imdb.com/name/nm11134914/?ref_=tt_cl_t_2')"
54,Richard Clements,"('Richard Clements', 'https://www.imdb.com/name/nm0166252/?ref_=tt_cl_t_3')"
55,Janine Walker,"('Janine Walker', 'https://www.imdb.com/name/nm8169367/?ref_=tt_cl_t_4')"
56,Widget,"('Widget', 'https://www.imdb.com/name/nm11143636/?ref_=tt_cl_t_5')"
57,Chris McMahon,"('Chris McMahon', 'https://www.imdb.com/name/nm1682870/?ref_=tt_cl_t_6')"
58,Michael Liebmann,"('Michael Liebmann', 'https://www.imdb.com/name/nm0509502/?ref_=tt_cl_t_7')"
59,Catherine Brennan,"('Catherine Brennan', 'https://www.imdb.com/name/nm0107264/?ref_=tt_cl_t_8')"
60,Michael Costello,"('Michael Costello', 'https://www.imdb.com/name/nm5395008/?ref_=tt_cl_t_9')"
61,Richard Schiff,"('Richard Schiff', 'https://www.imdb.com/name/nm0771493/?ref_=tt_cl_t_1')"
62,Lou Martini Jr.,"('Lou Martini Jr.', 'https://www.imdb.com/name/nm0553778/?ref_=tt_cl_t_2')"
63,Stephen Dexter,"('Stephen Dexter', 'https://www.imdb.com/name/nm3802422/?ref_=tt_cl_t_3')"
64,Ishan Gandhi,"('Ishan Gandhi', 'https://www.imdb.com/name/nm11226051/?ref_=tt_cl_t_4')"
65,Victoria Hope Chan,"('Victoria Hope Chan', 'https://www.imdb.com/name/nm11352056/?ref_=tt_cl_t_5')"
66,Zihan Zhao,"('Zihan Zhao', 'https://www.imdb.com/name/nm11150117/?ref_=tt_cl_t_6')"
67,Dasha Dakkuri,"('Dasha Dakkuri', 'https://www.imdb.com/name/nm10678004/?ref_=tt_cl_t_7')"
68,AJ Jastrab,"('AJ Jastrab', 'https://www.imdb.com/name/nm9817195/?ref_=tt_cl_t_8')"
69,Valerie Stellar,"('Valerie Stellar', 'https://www.imdb.com/name/nm11318988/?ref_=tt_cl_t_9')"
70,Gavin Hudson Berman,"('Gavin Hudson Berman', 'https://www.imdb.com/name/nm11376307/?ref_=tt_cl_t_10')"
71,Zuleyka Silver,"('Zuleyka Silver', 'https://www.imdb.com/name/nm3561761/?ref_=tt_cl_t_1')"
72,Lidia Porto,"('Lidia Porto', 'https://www.imdb.com/name/nm0692493/?ref_=tt_cl_t_2')"
73,Antonio Jaramillo,"('Antonio Jaramillo', 'https://www.imdb.com/name/nm0418544/?ref_=tt_cl_t_3')"
74,Goya Robles,"('Goya Robles', 'https://www.imdb.com/name/nm4007188/?ref_=tt_cl_t_4')"
75,Lombardo Boyar,"('Lombardo Boyar', 'https://www.imdb.com/name/nm0101603/?ref_=tt_cl_t_5')"
76,J. Teddy Garces,"('J. Teddy Garces', 'https://www.imdb.com/name/nm1591869/?ref_=tt_cl_t_6')"
77,Ruben Garfias,"('Ruben Garfias', 'https://www.imdb.com/name/nm0307253/?ref_=tt_cl_t_7')"
78,Jessica Meza,"('Jessica Meza', 'https://www.imdb.com/name/nm1901252/?ref_=tt_cl_t_8')"
79,Morgan Davies,"('Morgan Davies', 'https://www.imdb.com/name/nm3115934/?ref_=tt_cl_t_1')"
80,Sariah Saibu,"('Sariah Saibu', 'https://www.imdb.com/name/nm11141716/?ref_=tt_cl_t_2')"
81,Dylan Llewellyn,"('Dylan Llewellyn', 'https://www.imdb.com/name/nm3780043/?ref_=tt_cl_t_1')"
82,Geraldine McAlinden,"('Geraldine McAlinden', 'https://www.imdb.com/name/nm2697506/?ref_=tt_cl_t_2')"
83,Niall McNamee,"('Niall McNamee', 'https://www.imdb.com/name/nm6415305/?ref_=tt_cl_t_3')"
84,Cailum Carragher,"('Cailum Carragher', 'https://www.imdb.com/name/nm9286165/?ref_=tt_cl_t_4')"
85,Kevin Nugent,"('Kevin Nugent', 'https://www.imdb.com/name/nm13224179/?ref_=tt_cl_t_5')"
86,Paddy Heaney,"('Paddy Heaney', 'https://www.imdb.com/name/nm13224181/?ref_=tt_cl_t_6')"
87,Joseph 'Jokey' McTaggart,"(""Joseph 'Jokey' McTaggart"", 'https://www.imdb.com/name/nm13224189/?ref_=tt_cl_t_7')"
88,Kodi McGuinness,"('Kodi McGuinness', 'https://www.imdb.com/name/nm13224185/?ref_=tt_cl_t_8')"
89,Lorcan McPolin,"('Lorcan McPolin', 'https://www.imdb.com/name/nm13224188/?ref_=tt_cl_t_9')"
90,Colleen Reavey,"('Colleen Reavey', 'https://www.imdb.com/name/nm13224190/?ref_=tt_cl_t_10')"
91,Búi Dam,"('Búi Dam', 'https://www.imdb.com/name/nm0198559/?ref_=tt_cl_t_1')"
92,Nicolaj Falck,"('Nicolaj Falck', 'https://www.imdb.com/name/nm11143069/?ref_=tt_cl_t_2')"
93,Rigoberto Mendoza Parra,"('Rigoberto Mendoza Parra', 'https://www.imdb.com/name/nm9149363/?ref_=tt_cl_t_1')"
94,Juan David Mendoza Linares,"('Juan David Mendoza Linares', 'https://www.imdb.com/name/nm11142581/?ref_=tt_cl_t_2')"
95,Mariana Mendoza Linares,"('Mariana Mendoza Linares', 'https://www.imdb.com/name/nm11142580/?ref_=tt_cl_t_3')"
96,Andres Mendoza Parra,"('Andres Mendoza Parra', 'https://www.imdb.com/name/nm10911654/?ref_=tt_cl_t_4')"
97,Ju Li,"('Ju Li', 'https://www.imdb.com/name/nm10311903/?ref_=tt_cl_t_1')"
98,Shiyu Liu,"('Shiyu Liu', 'https://www.imdb.com/name/nm11142550/?ref_=tt_cl_t_2')"
99,Anthony Tai,"('Anthony Tai', 'https://www.imdb.com/name/nm2901439/?ref_=tt_cl_t_3')"
100,Pedro Louis,"('Pedro Louis', 'https://www.imdb.com/name/nm7753299/?ref_=tt_cl_t_4')"
101,Kristen Mako,"('Kristen Mako', 'https://www.imdb.com/name/nm10159216/?ref_=tt_cl_t_5')"
102,Randy Blekitas,"('Randy Blekitas', 'https://www.imdb.com/name/nm4476406/?ref_=tt_cl_t_6')"
103,Alex Bentley,"('Alex Bentley', 'https://www.imdb.com/name/nm7199545/?ref_=tt_cl_t_7')"
104,Bruce Wildstein,"('Bruce Wildstein', 'https://www.imdb.com/name/nm7429460/?ref_=tt_cl_t_8')"
105,BoYang Li,"('BoYang Li', 'https://www.imdb.com/name/nm10665073/?ref_=tt_cl_t_9')"
106,Huimin Zhang,"('Huimin Zhang', 'https://www.imdb.com/name/nm10264923/?ref_=tt_cl_t_10')"
107,Guillaume Camous,"('Guillaume Camous', 'https://www.imdb.com/name/nm9548134/?ref_=tt_cl_t_1')"
108,Clara Botte,"('Clara Botte', 'https://www.imdb.com/name/nm10379429/?ref_=tt_cl_t_2')"
109,Mitchell Jean,"('Mitchell Jean', 'https://www.imdb.com/name/nm10218063/?ref_=tt_cl_t_3')"
110,Louis Lai Kane Chéong,"('Louis Lai Kane Chéong', 'https://www.imdb.com/name/nm11125016/?ref_=tt_cl_t_4')"
111,Aurélie Thuegaz,"('Aurélie Thuegaz', 'https://www.imdb.com/name/nm11125015/?ref_=tt_cl_t_5')"
112,Noella Ansaldi,"('Noella Ansaldi', 'https://www.imdb.com/name/nm3064365/?ref_=tt_cl_t_1')"
113,Catherine Dawn,"('Catherine Dawn', 'https://www.imdb.com/name/nm2553969/?ref_=tt_cl_t_2')"
114,Clare Gillese,"('Clare Gillese', 'https://www.imdb.com/name/nm10186457/?ref_=tt_cl_t_3')"
115,Kristof Gillese,"('Kristof Gillese', 'https://www.imdb.com/name/nm1406650/?ref_=tt_cl_t_4')"
116,Elliot Wesley,"('Elliot Wesley', 'https://www.imdb.com/name/nm10383870/?ref_=tt_cl_t_5')"
117,James Kang,"('James Kang', 'https://www.imdb.com/name/nm9593269/?ref_=tt_cl_t_1')"
118,Minho Kim,"('Minho Kim', 'https://www.imdb.com/name/nm6606708/?ref_=tt_cl_t_2')"
119,Jon Tu,"('Jon Tu', 'https://www.imdb.com/name/nm6372619/?ref_=tt_cl_t_3')"
120,Simone Valentine,"('Simone Valentine', 'https://www.imdb.com/name/nm5906140/?ref_=tt_cl_t_4')"
121,François Dupont,"('François Dupont', 'https://www.imdb.com/name/nm6739597/?ref_=tt_cl_t_1')"
122,Lola,"('Lola', 'https://www.imdb.com/name/nm7739694/?ref_=tt_cl_t_2')"
123,William Pinkham,"('William Pinkham', 'https://www.imdb.com/name/nm7677450/?ref_=tt_cl_t_1')"
124,Logan Martin,"('Logan Martin', 'https://www.imdb.com/name/nm6272363/?ref_=tt_cl_t_2')"
125,Sarah Elizabeth Withers,"('Sarah Elizabeth Withers', 'https://www.imdb.com/name/nm7511498/?ref_=tt_cl_t_3')"
126,Tom McCafferty,"('Tom McCafferty', 'https://www.imdb.com/name/nm0564534/?ref_=tt_cl_t_4')"
127,Chris Louis,"('Chris Louis', 'https://www.imdb.com/name/nm7301836/?ref_=tt_cl_t_5')"
128,Mark Simich,"('Mark Simich', 'https://www.imdb.com/name/nm1655347/?ref_=tt_cl_t_6')"
129,Blair Avery,"('Blair Avery', 'https://www.imdb.com/name/nm7102888/?ref_=tt_cl_t_7')"
130,Jorelle Benjamin,"('Jorelle Benjamin', 'https://www.imdb.com/name/nm11873547/?ref_=tt_cl_t_8')"
131,Charles Craig,"('Charles Craig', 'https://www.imdb.com/name/nm11873548/?ref_=tt_cl_t_9')"
132,Josh Eisenberg,"('Josh Eisenberg', 'https://www.imdb.com/name/nm4341961/?ref_=tt_cl_t_10')"
133,Loriel Medynski,"('Loriel Medynski', 'https://www.imdb.com/name/nm3584287/?ref_=tt_cl_t_1')"
134,Darryl Hinds,"('Darryl Hinds', 'https://www.imdb.com/name/nm2181745/?ref_=tt_cl_t_2')"
135,Lisa Kovack,"('Lisa Kovack', 'https://www.imdb.com/name/nm3889698/?ref_=tt_cl_t_3')"
136,Jennifer Daniels,"('Jennifer Daniels', 'https://www.imdb.com/name/nm2345479/?ref_=tt_cl_t_4')"
137,Khiyla Aynne,"('Khiyla Aynne', 'https://www.imdb.com/name/nm9466864/?ref_=tt_cl_t_5')"
138,Eric Noel,"('Eric Noel', 'https://www.imdb.com/name/nm4694701/?ref_=tt_cl_t_6')"
139,Rachel Salsberg,"('Rachel Salsberg', 'https://www.imdb.com/name/nm8554417/?ref_=tt_cl_t_7')"
140,Lorelai Victoria,"('Lorelai Victoria', 'https://www.imdb.com/name/nm10149499/?ref_=tt_cl_t_8')"
141,Alex Breaux,"('Alex Breaux', 'https://www.imdb.com/name/nm6074904/?ref_=tt_cl_t_1')"
142,MK Kopp,"('MK Kopp', 'https://www.imdb.com/name/nm8332162/?ref_=tt_cl_t_2')"
143,Kelsey Lappegaard,"('Kelsey Lappegaard', 'https://www.imdb.com/name/nm11155618/?ref_=tt_cl_t_3')"
144,Anika Maram,"('Anika Maram', 'https://www.imdb.com/name/nm5233432/?ref_=tt_cl_t_4')"
145,Lawrence Murphy,"('Lawrence Murphy', 'https://www.imdb.com/name/nm7947940/?ref_=tt_cl_t_1')"
146,Oscar Millar,"('Oscar Millar', 'https://www.imdb.com/name/nm11086720/?ref_=tt_cl_t_2')"
147,Eliza Wilson,"('Eliza Wilson', 'https://www.imdb.com/name/nm8237393/?ref_=tt_cl_t_3')"
148,Craig Van Waardenburg,"('Craig Van Waardenburg', 'https://www.imdb.com/name/nm7939118/?ref_=tt_cl_t_4')"
149,Jason Burch,"('Jason Burch', 'https://www.imdb.com/name/nm11426727/?ref_=tt_cl_t_5')"
150,Mason Hewett,"('Mason Hewett', 'https://www.imdb.com/name/nm11373850/?ref_=tt_cl_t_6')"
151,Shaun Johnston,"('Shaun Johnston', 'https://www.imdb.com/name/nm11373846/?ref_=tt_cl_t_7')"
152,Steve Emmerson,"('Steve Emmerson', 'https://www.imdb.com/name/nm1438420/?ref_=tt_cl_t_8')"
153,Jack Reynolds,"('Jack Reynolds', 'https://www.imdb.com/name/nm10915566/?ref_=tt_cl_t_9')"
154,Gemma Sharpe,"('Gemma Sharpe', 'https://www.imdb.com/name/nm5008420/?ref_=tt_cl_t_10')"
155,Dániel Telek,"('Dániel Telek', 'https://www.imdb.com/name/nm11159676/?ref_=tt_cl_t_1')"
156,Pepi Streiff,"('Pepi Streiff', 'https://www.imdb.com/name/nm2428439/?ref_=tt_cl_t_1')"
157,Walker Cody,"('Walker Cody', 'https://www.imdb.com/name/nm9701218/?ref_=tt_cl_t_2')"
158,Dorene Robinson,"('Dorene Robinson', 'https://www.imdb.com/name/nm13245934/?ref_=tt_cl_t_3')"
159,Annee Agnello,"('Annee Agnello', 'https://www.imdb.com/name/nm10301266/?ref_=tt_cl_t_1')"
160,Jake Blakeslee,"('Jake Blakeslee', 'https://www.imdb.com/name/nm11043600/?ref_=tt_cl_t_2')"
161,Byron Clohessy,"('Byron Clohessy', 'https://www.imdb.com/name/nm2604628/?ref_=tt_cl_t_3')"
162,Sandra Leclercq,"('Sandra Leclercq', 'https://www.imdb.com/name/nm1779425/?ref_=tt_cl_t_4')"
163,Katie North,"('Katie North', 'https://www.imdb.com/name/nm11161945/?ref_=tt_cl_t_5')"
164,Samantha Castillo,"('Samantha Castillo', 'https://www.imdb.com/name/nm5812395/?ref_=tt_cl_t_1')"
165,Brenda Moreno,"('Brenda Moreno', 'https://www.imdb.com/name/nm8506112/?ref_=tt_cl_t_2')"
166,Abilio Torres,"('Abilio Torres', 'https://www.imdb.com/name/nm7353943/?ref_=tt_cl_t_3')"
167,Luiz Carlos Vasconcelos,"('Luiz Carlos Vasconcelos', 'https://www.imdb.com/name/nm0890388/?ref_=tt_cl_t_4')"
168,Liv Hansen,"('Liv Hansen', 'https://www.imdb.com/name/nm4291367/?ref_=tt_cl_t_1')"
169,Pål Morten Hverven,"('Pål Morten Hverven', 'https://www.imdb.com/name/nm0404820/?ref_=tt_cl_t_1')"
170,Tone Beate Mostraum,"('Tone Beate Mostraum', 'https://www.imdb.com/name/nm0609240/?ref_=tt_cl_t_2')"
171,Lars Reynert Olsen,"('Lars Reynert Olsen', 'https://www.imdb.com/name/nm0647717/?ref_=tt_cl_t_3')"
172,Liv Bernhoft Osa,"('Liv Bernhoft Osa', 'https://www.imdb.com/name/nm0651475/?ref_=tt_cl_t_4')"
173,Selma Alkaff,"('Selma Alkaff', 'https://www.imdb.com/name/nm11168690/?ref_=tt_cl_t_1')"
174,Sev Angai,"('Sev Angai', 'https://www.imdb.com/name/nm11168689/?ref_=tt_cl_t_2')"
175,Fuller Ayumi,"('Fuller Ayumi', 'https://www.imdb.com/name/nm9139054/?ref_=tt_cl_t_3')"
176,Jaina Brock-Patel,"('Jaina Brock-Patel', 'https://www.imdb.com/name/nm12938888/?ref_=tt_cl_t_4')"
177,Becky Chan-Lok,"('Becky Chan-Lok', 'https://www.imdb.com/name/nm11676558/?ref_=tt_cl_t_5')"
178,Cheyenne Desouza,"('Cheyenne Desouza', 'https://www.imdb.com/name/nm11168694/?ref_=tt_cl_t_6')"
179,Ayumi Fuller,"('Ayumi Fuller', 'https://www.imdb.com/name/nm9096906/?ref_=tt_cl_t_7')"
180,Bex Hainsworth,"('Bex Hainsworth', 'https://www.imdb.com/name/nm11168691/?ref_=tt_cl_t_9')"
181,Maxine Heron,"('Maxine Heron', 'https://www.imdb.com/name/nm11168695/?ref_=tt_cl_t_10')"
182,John Blouin,"('John Blouin', 'https://www.imdb.com/name/nm11174939/?ref_=tt_cl_t_1')"
183,Robert Hamilton,"('Robert Hamilton', 'https://www.imdb.com/name/nm11174938/?ref_=tt_cl_t_2')"
184,Pepper Liddell,"('Pepper Liddell', 'https://www.imdb.com/name/nm10232636/?ref_=tt_cl_t_3')"
185,Henriette Zoutomou,"('Henriette Zoutomou', 'https://www.imdb.com/name/nm9186065/?ref_=tt_cl_t_4')"
186,Joseph Steven Yang,"('Joseph Steven Yang', 'https://www.imdb.com/name/nm2125150/?ref_=tt_cl_t_1')"
187,Martinez,"('Martinez', 'https://www.imdb.com/name/nm1827416/?ref_=tt_cl_t_2')"
188,Jae Eun Ahn,"('Jae Eun Ahn', 'https://www.imdb.com/name/nm11340041/?ref_=tt_cl_t_3')"
189,Norah Amanda,"('Norah Amanda', 'https://www.imdb.com/name/nm12062958/?ref_=tt_cl_t_4')"
190,Tim Beck,"('Tim Beck', 'https://www.imdb.com/name/nm12062951/?ref_=tt_cl_t_5')"
191,Michael Bolger,"('Michael Bolger', 'https://www.imdb.com/name/nm6688652/?ref_=tt_cl_t_6')"
192,Hannah Burkett,"('Hannah Burkett', 'https://www.imdb.com/name/nm10740211/?ref_=tt_cl_t_7')"
193,Steven Burkett,"('Steven Burkett', 'https://www.imdb.com/name/nm12063060/?ref_=tt_cl_t_8')"
194,Nailah Celene,"('Nailah Celene', 'https://www.imdb.com/name/nm12062954/?ref_=tt_cl_t_9')"
195,Casey Coates,"('Casey Coates', 'https://www.imdb.com/name/nm12063058/?ref_=tt_cl_t_10')"
196,Aubree Bouché,"('Aubree Bouché', 'https://www.imdb.com/name/nm5036992/?ref_=tt_cl_t_1')"
197,William Nicol,"('William Nicol', 'https://www.imdb.com/name/nm3160864/?ref_=tt_cl_t_2')"
198,Matt Torczon,"('Matt Torczon', 'https://www.imdb.com/name/nm10683318/?ref_=tt_cl_t_1')"
199,Iulia Brezeanu,"('Iulia Brezeanu', 'https://www.imdb.com/name/nm4926486/?ref_=tt_cl_t_2')"
200,Rhys Fisher,"('Rhys Fisher', 'https://www.imdb.com/name/nm11401085/?ref_=tt_cl_t_3')"
201,Derrick Benton,"('Derrick Benton', 'https://www.imdb.com/name/nm11176878/?ref_=tt_cl_t_1')"
202,Chazz Giovanni Bruce,"('Chazz Giovanni Bruce', 'https://www.imdb.com/name/nm6166800/?ref_=tt_cl_t_2')"
203,Ayyhaunnah de la Renta,"('Ayyhaunnah de la Renta', 'https://www.imdb.com/name/nm11176876/?ref_=tt_cl_t_3')"
204,Karin Franklin-King,"('Karin Franklin-King', 'https://www.imdb.com/name/nm11176877/?ref_=tt_cl_t_4')"
205,Khalil Kain,"('Khalil Kain', 'https://www.imdb.com/name/nm0435074/?ref_=tt_cl_t_5')"
206,Malik Shakur,"('Malik Shakur', 'https://www.imdb.com/name/nm11176736/?ref_=tt_cl_t_6')"
207,Tre Turner,"('Tre Turner', 'https://www.imdb.com/name/nm11176875/?ref_=tt_cl_t_7')"
208,Sebastian Arcelus,"('Sebastian Arcelus', 'https://www.imdb.com/name/nm1278376/?ref_=tt_cl_t_1')"
209,Katie Vincent,"('Katie Vincent', 'https://www.imdb.com/name/nm5112577/?ref_=tt_cl_t_2')"
210,Jorge Andreu,"('Jorge Andreu', 'https://www.imdb.com/name/nm9147276/?ref_=tt_cl_t_1')"
211,Carol Butrón,"('Carol Butrón', 'https://www.imdb.com/name/nm8630805/?ref_=tt_cl_t_2')"
212,Irene Fernández,"('Irene Fernández', 'https://www.imdb.com/name/nm11184660/?ref_=tt_cl_t_3')"
213,Elisabet Gelabert,"('Elisabet Gelabert', 'https://www.imdb.com/name/nm1251449/?ref_=tt_cl_t_4')"
214,Álvaro Márquez,"('Álvaro Márquez', 'https://www.imdb.com/name/nm5091760/?ref_=tt_cl_t_5')"
215,Raiden Amit Barrientos,"('Raiden Amit Barrientos', 'https://www.imdb.com/name/nm9790858/?ref_=tt_cl_t_1')"
216,Toan Doran,"('Toan Doran', 'https://www.imdb.com/name/nm6820191/?ref_=tt_cl_t_2')"
217,Clarisse Lee,"('Clarisse Lee', 'https://www.imdb.com/name/nm11187961/?ref_=tt_cl_t_3')"
218,Dwi Goolsby,"('Dwi Goolsby', 'https://www.imdb.com/name/nm11189985/?ref_=tt_cl_t_4')"
219,S. Kai Li,"('S. Kai Li', 'https://www.imdb.com/name/nm11246149/?ref_=tt_cl_t_5')"
220,Frans Lin,"('Frans Lin', 'https://www.imdb.com/name/nm11246148/?ref_=tt_cl_t_6')"
221,Nathan Young,"('Nathan Young', 'https://www.imdb.com/name/nm7545107/?ref_=tt_cl_t_7')"
222,Gage Higuchi,"('Gage Higuchi', 'https://www.imdb.com/name/nm8979343/?ref_=tt_cl_t_8')"
223,John Huser,"('John Huser', 'https://www.imdb.com/name/nm6633833/?ref_=tt_cl_t_9')"
224,Eilish Conlon,"('Eilish Conlon', 'https://www.imdb.com/name/nm10413480/?ref_=tt_cl_t_1')"
225,Skye Coyne,"('Skye Coyne', 'https://www.imdb.com/name/nm3999708/?ref_=tt_cl_t_2')"
226,Simone Posey,"('Simone Posey', 'https://www.imdb.com/name/nm9377089/?ref_=tt_cl_t_3')"
227,Florian Lidin,"('Florian Lidin', 'https://www.imdb.com/name/nm9209706/?ref_=tt_cl_t_1')"
228,Hélène Tschirhard,"('Hélène Tschirhard', 'https://www.imdb.com/name/nm11614593/?ref_=tt_cl_t_2')"
229,Camille Bardot,"('Camille Bardot', 'https://www.imdb.com/name/nm11979428/?ref_=tt_cl_t_3')"
230,Samuel Herbrecht,"('Samuel Herbrecht', 'https://www.imdb.com/name/nm10608850/?ref_=tt_cl_t_4')"
231,Alexandre Roedel,"('Alexandre Roedel', 'https://www.imdb.com/name/nm10253552/?ref_=tt_cl_t_5')"
232,Marion Kolodziejczak,"('Marion Kolodziejczak', 'https://www.imdb.com/name/nm11979425/?ref_=tt_cl_t_6')"
233,Emmanuel Waltzer,"('Emmanuel Waltzer', 'https://www.imdb.com/name/nm11311562/?ref_=tt_cl_t_7')"
234,Anne-Hélène Muller,"('Anne-Hélène Muller', 'https://www.imdb.com/name/nm11979429/?ref_=tt_cl_t_8')"
235,Chris Rewiako,"('Chris Rewiako', 'https://www.imdb.com/name/nm11979424/?ref_=tt_cl_t_9')"
236,Coralie Hirtz,"('Coralie Hirtz', 'https://www.imdb.com/name/nm9215799/?ref_=tt_cl_t_10')"
237,William Lund,"('William Lund', 'https://www.imdb.com/name/nm7053239/?ref_=tt_cl_t_1')"
238,Alicia Harding,"('Alicia Harding', 'https://www.imdb.com/name/nm0362261/?ref_=tt_cl_t_2')"
239,Chad Eargle,"('Chad Eargle', 'https://www.imdb.com/name/nm11196870/?ref_=tt_cl_t_3')"
240,Robert T. Bogue,"('Robert T. Bogue', 'https://www.imdb.com/name/nm0091931/?ref_=tt_cl_t_1')"
241,Lainie Ventura,"('Lainie Ventura', 'https://www.imdb.com/name/nm0796964/?ref_=tt_cl_t_2')"
242,Jeanett Espedal,"('Jeanett Espedal', 'https://www.imdb.com/name/nm6798574/?ref_=tt_cl_t_1')"
243,Rikard Svensson,"('Rikard Svensson', 'https://www.imdb.com/name/nm1156502/?ref_=tt_cl_t_2')"
244,Victor Lenas Jacobsson,"('Victor Lenas Jacobsson', 'https://www.imdb.com/name/nm7093274/?ref_=tt_cl_t_3')"
245,Marga Pettersson,"('Marga Pettersson', 'https://www.imdb.com/name/nm0678593/?ref_=tt_cl_t_4')"
246,Ivar Grahn,"('Ivar Grahn', 'https://www.imdb.com/name/nm7440839/?ref_=tt_cl_t_5')"
247,Moltas Palm Steneroth,"('Moltas Palm Steneroth', 'https://www.imdb.com/name/nm10831941/?ref_=tt_cl_t_6')"
248,Mats Holmsen,"('Mats Holmsen', 'https://www.imdb.com/name/nm11287892/?ref_=tt_cl_t_7')"
249,Archer Irwin Krantz,"('Archer Irwin Krantz', 'https://www.imdb.com/name/nm8233711/?ref_=tt_cl_t_8')"
250,Xavier Alvarado,"('Xavier Alvarado', 'https://www.imdb.com/name/nm9695600/?ref_=tt_cl_t_1')"
251,Cristina Cruz Rodríguez,"('Cristina Cruz Rodríguez', 'https://www.imdb.com/name/nm9174618/?ref_=tt_cl_t_2')"
252,Lorena Sarria,"('Lorena Sarria', 'https://www.imdb.com/name/nm10240038/?ref_=tt_cl_t_1')"
253,Victoria Oliver,"('Victoria Oliver', 'https://www.imdb.com/name/nm6872217/?ref_=tt_cl_t_2')"
254,Justine Emma Moore,"('Justine Emma Moore', 'https://www.imdb.com/name/nm9876319/?ref_=tt_cl_t_1')"
255,Sophie Bloor,"('Sophie Bloor', 'https://www.imdb.com/name/nm9109016/?ref_=tt_cl_t_2')"
256,Dan Billings,"('Dan Billings', 'https://www.imdb.com/name/nm11788600/?ref_=tt_cl_t_3')"
257,Robert David Balmer,"('Robert David Balmer', 'https://www.imdb.com/name/nm10270600/?ref_=tt_cl_t_4')"
258,Tim Doubleday,"('Tim Doubleday', 'https://www.imdb.com/name/nm2713657/?ref_=tt_cl_t_5')"
259,Charlie Lane,"('Charlie Lane', 'https://www.imdb.com/name/nm11790353/?ref_=tt_cl_t_6')"
260,Steven Lane,"('Steven Lane', 'https://www.imdb.com/name/nm11788599/?ref_=tt_cl_t_7')"
261,Jonny Mann,"('Jonny Mann', 'https://www.imdb.com/name/nm11788435/?ref_=tt_cl_t_8')"
262,Sandra Petkute,"('Sandra Petkute', 'https://www.imdb.com/name/nm11788601/?ref_=tt_cl_t_9')"
263,Shona Siva,"('Shona Siva', 'https://www.imdb.com/name/nm11788434/?ref_=tt_cl_t_10')"
264,Peter Williams,"('Peter Williams', 'https://www.imdb.com/name/nm7947942/?ref_=tt_cl_t_3')"
265,Elise Wilson,"('Elise Wilson', 'https://www.imdb.com/name/nm10275807/?ref_=tt_cl_t_5')"
266,Bonnie Wheeler,"('Bonnie Wheeler', 'https://www.imdb.com/name/nm11373849/?ref_=tt_cl_t_6')"
267,Jenny Davis,"('Jenny Davis', 'https://www.imdb.com/name/nm2571724/?ref_=tt_cl_t_7')"
268,Christopher Moro,"('Christopher Moro', 'https://www.imdb.com/name/nm6448775/?ref_=tt_cl_t_8')"
269,Tamara Creasey,"('Tamara Creasey', 'https://www.imdb.com/name/nm11965056/?ref_=tt_cl_t_9')"
270,Aïda Bernhardt,"('Aïda Bernhardt', 'https://www.imdb.com/name/nm12582089/?ref_=tt_cl_t_10')"
271,Nolan Bauman,"('Nolan Bauman', 'https://www.imdb.com/name/nm11222022/?ref_=tt_cl_t_1')"
272,Jeff Butler,"('Jeff Butler', 'https://www.imdb.com/name/nm11229440/?ref_=tt_cl_t_2')"
273,Japrice Green,"('Japrice Green', 'https://www.imdb.com/name/nm11222021/?ref_=tt_cl_t_3')"
274,Dalton Polivka,"('Dalton Polivka', 'https://www.imdb.com/name/nm9335649/?ref_=tt_cl_t_4')"
275,Kacey Rose,"('Kacey Rose', 'https://www.imdb.com/name/nm7394242/?ref_=tt_cl_t_5')"
276,Brandon Schroeder,"('Brandon Schroeder', 'https://www.imdb.com/name/nm11222024/?ref_=tt_cl_t_6')"
277,Eli Swanson,"('Eli Swanson', 'https://www.imdb.com/name/nm11229439/?ref_=tt_cl_t_7')"
278,Lex Swanson,"('Lex Swanson', 'https://www.imdb.com/name/nm11222023/?ref_=tt_cl_t_8')"
279,Christian J. Velez,"('Christian J. Velez', 'https://www.imdb.com/name/nm8840318/?ref_=tt_cl_t_9')"
280,Elijah Larry Tate Washburn,"('Elijah Larry Tate Washburn', 'https://www.imdb.com/name/nm11236373/?ref_=tt_cl_t_10')"
281,Elise Metcalf,"('Elise Metcalf', 'https://www.imdb.com/name/nm6564551/?ref_=tt_cl_t_1')"
282,Logan Byam-Taylor,"('Logan Byam-Taylor', 'https://www.imdb.com/name/nm10658668/?ref_=tt_cl_t_2')"
283,Alexandre Hornbeck,"('Alexandre Hornbeck', 'https://www.imdb.com/name/nm5458298/?ref_=tt_cl_t_1')"
284,Leila Lallali,"('Leila Lallali', 'https://www.imdb.com/name/nm3674726/?ref_=tt_cl_t_2')"
285,Philippe Meyrer,"('Philippe Meyrer', 'https://www.imdb.com/name/nm7083660/?ref_=tt_cl_t_3')"
286,Elsa Rauchs,"('Elsa Rauchs', 'https://www.imdb.com/name/nm6765430/?ref_=tt_cl_t_4')"
287,Serge Schmol,"('Serge Schmol', 'https://www.imdb.com/name/nm11211256/?ref_=tt_cl_t_5')"
288,Adam York,"('Adam York', 'https://www.imdb.com/name/nm6530299/?ref_=tt_cl_t_1')"
289,David G. Holland,"('David G. Holland', 'https://www.imdb.com/name/nm0390655/?ref_=tt_cl_t_2')"
290,Arianna Tysinger,"('Arianna Tysinger', 'https://www.imdb.com/name/nm5954679/?ref_=tt_cl_t_3')"
291,Bill Mulligan,"('Bill Mulligan', 'https://www.imdb.com/name/nm2041709/?ref_=tt_cl_t_4')"
292,Hollie Rode,"('Hollie Rode', 'https://www.imdb.com/name/nm7543338/?ref_=tt_cl_t_5')"
293,Dave Harlequin,"('Dave Harlequin', 'https://www.imdb.com/name/nm5683918/?ref_=tt_cl_t_6')"
294,Sammie Cassell,"('Sammie Cassell', 'https://www.imdb.com/name/nm6419893/?ref_=tt_cl_t_7')"
295,Taylor-Grace Davis,"('Taylor-Grace Davis', 'https://www.imdb.com/name/nm2967581/?ref_=tt_cl_t_8')"
296,Roman Gauthier,"('Roman Gauthier', 'https://www.imdb.com/name/nm11898542/?ref_=tt_cl_t_9')"
297,Christopher Draven Keith,"('Christopher Draven Keith', 'https://www.imdb.com/name/nm9346734/?ref_=tt_cl_t_10')"
298,Akron Watson,"('Akron Watson', 'https://www.imdb.com/name/nm2868550/?ref_=tt_cl_t_1')"
299,Paul T. Taylor,"('Paul T. Taylor', 'https://www.imdb.com/name/nm1675531/?ref_=tt_cl_t_2')"
300,Tina Parker,"('Tina Parker', 'https://www.imdb.com/name/nm0662669/?ref_=tt_cl_t_3')"
301,Jermaine Alexander,"('Jermaine Alexander', 'https://www.imdb.com/name/nm3408424/?ref_=tt_cl_t_1')"
302,Takiya Coley,"('Takiya Coley', 'https://www.imdb.com/name/nm6450265/?ref_=tt_cl_t_2')"
303,Mu-Shaka Benson,"('Mu-Shaka Benson', 'https://www.imdb.com/name/nm5432019/?ref_=tt_cl_t_1')"
304,Carli Nicole Cass,"('Carli Nicole Cass', 'https://www.imdb.com/name/nm11217929/?ref_=tt_cl_t_2')"
305,Sencere Daughtry,"('Sencere Daughtry', 'https://www.imdb.com/name/nm11217927/?ref_=tt_cl_t_3')"
306,David M. Girard,"('David M. Girard', 'https://www.imdb.com/name/nm3203518/?ref_=tt_cl_t_4')"
307,Michelle Lonardelli,"('Michelle Lonardelli', 'https://www.imdb.com/name/nm11217928/?ref_=tt_cl_t_5')"
308,Kristin Noriega,"('Kristin Noriega', 'https://www.imdb.com/name/nm6620174/?ref_=tt_cl_t_6')"
309,John Romeo,"('John Romeo', 'https://www.imdb.com/name/nm2006618/?ref_=tt_cl_t_7')"
310,Laura Teeter,"('Laura Teeter', 'https://www.imdb.com/name/nm11759246/?ref_=tt_cl_t_8')"
311,Liza Giangrande,"('Liza Giangrande', 'https://www.imdb.com/name/nm4135673/?ref_=tt_cl_t_1')"
312,Liz Bishop,"('Liz Bishop', 'https://www.imdb.com/name/nm11442116/?ref_=tt_cl_t_2')"
313,Anabel Moda,"('Anabel Moda', 'https://www.imdb.com/name/nm11442115/?ref_=tt_cl_t_3')"
314,Simon Callow,"('Simon Callow', 'https://www.imdb.com/name/nm0001003/?ref_=tt_cl_t_1')"
315,Dan Renton Skinner,"('Dan Renton Skinner', 'https://www.imdb.com/name/nm1360837/?ref_=tt_cl_t_2')"
316,Nicola Wren,"('Nicola Wren', 'https://www.imdb.com/name/nm3939090/?ref_=tt_cl_t_3')"
317,Justine Jones,"('Justine Jones', 'https://www.imdb.com/name/nm6840409/?ref_=tt_cl_t_4')"
318,Amy Kersten,"('Amy Kersten', 'https://www.imdb.com/name/nm2009942/?ref_=tt_cl_t_1')"
319,Mercedes Steele,"('Mercedes Steele', 'https://www.imdb.com/name/nm7065697/?ref_=tt_cl_t_2')"
320,Halli Lorenzato,"('Halli Lorenzato', 'https://www.imdb.com/name/nm1813135/?ref_=tt_cl_t_4')"
321,Christopher Charles,"('Christopher Charles', 'https://www.imdb.com/name/nm3148846/?ref_=tt_cl_t_5')"
322,Jake Holley,"('Jake Holley', 'https://www.imdb.com/name/nm9979526/?ref_=tt_cl_t_1')"
323,Elena Rosa,"('Elena Rosa', 'https://www.imdb.com/name/nm8286487/?ref_=tt_cl_t_2')"
324,J.B. Waterman,"('J.B. Waterman', 'https://www.imdb.com/name/nm4112782/?ref_=tt_cl_t_3')"
325,Daria Pressley,"('Daria Pressley', 'https://www.imdb.com/name/nm8585069/?ref_=tt_cl_t_4')"
326,Azrael Capote,"('Azrael Capote', 'https://www.imdb.com/name/nm11194886/?ref_=tt_cl_t_1')"
327,Jose Fener Castaño,"('Jose Fener Castaño', 'https://www.imdb.com/name/nm11194940/?ref_=tt_cl_t_2')"
328,Santiago Dorronsoro,"('Santiago Dorronsoro', 'https://www.imdb.com/name/nm11194885/?ref_=tt_cl_t_3')"
329,Julián Díaz,"('Julián Díaz', 'https://www.imdb.com/name/nm1517518/?ref_=tt_cl_t_4')"
330,Patricia Gomez,"('Patricia Gomez', 'https://www.imdb.com/name/nm2361171/?ref_=tt_cl_t_5')"
331,Álvaro Lopéz,"('Álvaro Lopéz', 'https://www.imdb.com/name/nm11232527/?ref_=tt_cl_t_6')"
332,Lina Moreno,"('Lina Moreno', 'https://www.imdb.com/name/nm0604061/?ref_=tt_cl_t_7')"
333,Jonathan Paz,"('Jonathan Paz', 'https://www.imdb.com/name/nm11194937/?ref_=tt_cl_t_8')"
334,Oscar Rivera,"('Oscar Rivera', 'https://www.imdb.com/name/nm11194938/?ref_=tt_cl_t_9')"
335,Jose Manuel Rodríguez,"('Jose Manuel Rodríguez', 'https://www.imdb.com/name/nm11229568/?ref_=tt_cl_t_10')"
336,James Patrick Nelson,"('James Patrick Nelson', 'https://www.imdb.com/name/nm5662482/?ref_=tt_cl_t_1')"
337,Dennis Elkins,"('Dennis Elkins', 'https://www.imdb.com/name/nm11232375/?ref_=tt_cl_t_2')"
338,Terry Moore,"('Terry Moore', 'https://www.imdb.com/name/nm0601930/?ref_=tt_cl_t_1')"
339,Isabella Blake-Thomas,"('Isabella Blake-Thomas', 'https://www.imdb.com/name/nm3549573/?ref_=tt_cl_t_2')"
340,Sohm Kapila,"('Sohm Kapila', 'https://www.imdb.com/name/nm1705074/?ref_=tt_cl_t_3')"
341,Matthew Jaeger,"('Matthew Jaeger', 'https://www.imdb.com/name/nm0415370/?ref_=tt_cl_t_4')"
342,Kevin Welbeck,"('Kevin Welbeck', 'https://www.imdb.com/name/nm5302925/?ref_=tt_cl_t_5')"
343,Abbie Georganna,"('Abbie Georganna', 'https://www.imdb.com/name/nm6661835/?ref_=tt_cl_t_6')"
344,Marlene Casamento,"('Marlene Casamento', 'https://www.imdb.com/name/nm0142882/?ref_=tt_cl_t_7')"
345,Christian Marriner,"('Christian Marriner', 'https://www.imdb.com/name/nm6311345/?ref_=tt_cl_t_8')"
346,Debba Rofheart,"('Debba Rofheart', 'https://www.imdb.com/name/nm7489296/?ref_=tt_cl_t_9')"
347,Luis Mendoza,"('Luis Mendoza', 'https://www.imdb.com/name/nm11236712/?ref_=tt_cl_t_10')"
348,Ariana Marquis,"('Ariana Marquis', 'https://www.imdb.com/name/nm6693959/?ref_=tt_cl_t_1')"
349,Joshua Lebrun,"('Joshua Lebrun', 'https://www.imdb.com/name/nm11237861/?ref_=tt_cl_t_2')"
350,Larnell James Shadd,"('Larnell James Shadd', 'https://www.imdb.com/name/nm6683454/?ref_=tt_cl_t_1')"
351,Mark Tilley,"('Mark Tilley', 'https://www.imdb.com/name/nm10118855/?ref_=tt_cl_t_2')"
352,Chris Kircher,"('Chris Kircher', 'https://www.imdb.com/name/nm9153291/?ref_=tt_cl_t_1')"
353,Kaylee McGregor,"('Kaylee McGregor', 'https://www.imdb.com/name/nm8507396/?ref_=tt_cl_t_2')"
354,Alexander Jesus Burgos,"('Alexander Jesus Burgos', 'https://www.imdb.com/name/nm7640784/?ref_=tt_cl_t_1')"
355,Christopher Cardinale,"('Christopher Cardinale', 'https://www.imdb.com/name/nm10665926/?ref_=tt_cl_t_2')"
356,Charlit Dae,"('Charlit Dae', 'https://www.imdb.com/name/nm6740571/?ref_=tt_cl_t_3')"
357,Raquel Dominguez,"('Raquel Dominguez', 'https://www.imdb.com/name/nm8040684/?ref_=tt_cl_t_4')"
358,Nathan Gallie,"('Nathan Gallie', 'https://www.imdb.com/name/nm6632178/?ref_=tt_cl_t_5')"
359,Sarah Goyne,"('Sarah Goyne', 'https://www.imdb.com/name/nm7624825/?ref_=tt_cl_t_6')"
360,Kenesha Hemmings,"('Kenesha Hemmings', 'https://www.imdb.com/name/nm5194537/?ref_=tt_cl_t_7')"
361,Joey Heyworth,"('Joey Heyworth', 'https://www.imdb.com/name/nm4829898/?ref_=tt_cl_t_8')"
362,Logan Matthew,"('Logan Matthew', 'https://www.imdb.com/name/nm9199957/?ref_=tt_cl_t_9')"
363,Mauricio Mendoza,"('Mauricio Mendoza', 'https://www.imdb.com/name/nm0579331/?ref_=tt_cl_t_10')"
364,Dicey Barnett,"('Dicey Barnett', 'https://www.imdb.com/name/nm13542546/?ref_=tt_cl_t_1')"
365,Brandon Bell,"('Brandon Bell', 'https://www.imdb.com/name/nm6405558/?ref_=tt_cl_t_2')"
366,Curtis Scott,"('Curtis Scott', 'https://www.imdb.com/name/nm2978650/?ref_=tt_cl_t_3')"
367,Bobby DeJesus,"('Bobby DeJesus', 'https://www.imdb.com/name/nm1237511/?ref_=tt_cl_t_1')"
368,Richard Lowenburg,"('Richard Lowenburg', 'https://www.imdb.com/name/nm9889041/?ref_=tt_cl_t_2')"
369,Genia Lear Morgan,"('Genia Lear Morgan', 'https://www.imdb.com/name/nm1997847/?ref_=tt_cl_t_3')"
370,Kostas Paragios,"('Kostas Paragios', 'https://www.imdb.com/name/nm3701839/?ref_=tt_cl_t_4')"
371,Jamie Ragusa,"('Jamie Ragusa', 'https://www.imdb.com/name/nm7806595/?ref_=tt_cl_t_5')"
372,Kate Butler,"('Kate Butler', 'https://www.imdb.com/name/nm0148605/?ref_=tt_cl_t_1')"
373,Zein Khleif,"('Zein Khleif', 'https://www.imdb.com/name/nm9052535/?ref_=tt_cl_t_2')"
374,Eyas Younis,"('Eyas Younis', 'https://www.imdb.com/name/nm4672387/?ref_=tt_cl_t_3')"
375,Brittany Benita,"('Brittany Benita', 'https://www.imdb.com/name/nm9824332/?ref_=tt_cl_t_4')"
376,Laney Serface,"('Laney Serface', 'https://www.imdb.com/name/nm7847680/?ref_=tt_cl_t_5')"
377,Sari Arambulo,"('Sari Arambulo', 'https://www.imdb.com/name/nm2347216/?ref_=tt_cl_t_1')"
378,Christy St. John,"('Christy St. John', 'https://www.imdb.com/name/nm5716268/?ref_=tt_cl_t_2')"
379,Paulina Nguyen,"('Paulina Nguyen', 'https://www.imdb.com/name/nm4225110/?ref_=tt_cl_t_3')"
380,Melody Butiu,"('Melody Butiu', 'https://www.imdb.com/name/nm1821026/?ref_=tt_cl_t_4')"
381,Andrew Neaves,"('Andrew Neaves', 'https://www.imdb.com/name/nm9721775/?ref_=tt_cl_t_5')"
382,Tyler Joseph Ellis,"('Tyler Joseph Ellis', 'https://www.imdb.com/name/nm6362940/?ref_=tt_cl_t_6')"
383,Dominique Willingham,"('Dominique Willingham', 'https://www.imdb.com/name/nm8630080/?ref_=tt_cl_t_7')"
384,Darren Cruz,"('Darren Cruz', 'https://www.imdb.com/name/nm10939653/?ref_=tt_cl_t_8')"
385,Ronald Douglass,"('Ronald Douglass', 'https://www.imdb.com/name/nm11461375/?ref_=tt_cl_t_9')"
386,Rashaun Sibley,"('Rashaun Sibley', 'https://www.imdb.com/name/nm7345740/?ref_=tt_cl_t_10')"
387,Juliet Cowan,"('Juliet Cowan', 'https://www.imdb.com/name/nm0184588/?ref_=tt_cl_t_1')"
388,Olivia Booth-Ford,"('Olivia Booth-Ford', 'https://www.imdb.com/name/nm11074572/?ref_=tt_cl_t_2')"
389,Hara Yannas,"('Hara Yannas', 'https://www.imdb.com/name/nm3925968/?ref_=tt_cl_t_3')"
390,Okorie Chukwu,"('Okorie Chukwu', 'https://www.imdb.com/name/nm3613355/?ref_=tt_cl_t_4')"
391,Badger Skelton,"('Badger Skelton', 'https://www.imdb.com/name/nm5291578/?ref_=tt_cl_t_5')"
392,Phoebe Jones,"('Phoebe Jones', 'https://www.imdb.com/name/nm7201089/?ref_=tt_cl_t_6')"
393,Sarah Gower,"('Sarah Gower', 'https://www.imdb.com/name/nm9227875/?ref_=tt_cl_t_7')"
394,Clare Gower,"('Clare Gower', 'https://www.imdb.com/name/nm9227874/?ref_=tt_cl_t_8')"
395,Yasmine Odofin,"('Yasmine Odofin', 'https://www.imdb.com/name/nm10539681/?ref_=tt_cl_t_9')"
396,Jayden Elliott,"('Jayden Elliott', 'https://www.imdb.com/name/nm11443888/?ref_=tt_cl_t_10')"
397,Denis Lavant,"('Denis Lavant', 'https://www.imdb.com/name/nm0491777/?ref_=tt_cl_t_1')"
398,Wendy Dresner,"('Wendy Dresner', 'https://www.imdb.com/name/nm11259323/?ref_=tt_cl_t_2')"
399,Wim Willaert,"('Wim Willaert', 'https://www.imdb.com/name/nm0929582/?ref_=tt_cl_t_3')"
400,Elke Shari Van Den Broeck,"('Elke Shari Van Den Broeck', 'https://www.imdb.com/name/nm5234295/?ref_=tt_cl_t_4')"
401,Youri Dirkx,"('Youri Dirkx', 'https://www.imdb.com/name/nm1687427/?ref_=tt_cl_t_5')"
402,Sameh Alaa,"('Sameh Alaa', 'https://www.imdb.com/name/nm4767014/?ref_=tt_cl_t_6')"
403,Iris Van Cauwenbergh,"('Iris Van Cauwenbergh', 'https://www.imdb.com/name/nm6968248/?ref_=tt_cl_t_7')"
404,Korée Wilrycx,"('Korée Wilrycx', 'https://www.imdb.com/name/nm10672598/?ref_=tt_cl_t_8')"
405,Ben Vandendaele,"('Ben Vandendaele', 'https://www.imdb.com/name/nm3767532/?ref_=tt_cl_t_9')"
406,Niall Holland,"('Niall Holland', 'https://www.imdb.com/name/nm11233579/?ref_=tt_cl_t_1')"
407,Gillian Roberts,"('Gillian Roberts', 'https://www.imdb.com/name/nm11421682/?ref_=tt_cl_t_2')"
408,Jessica Alexander,"('Jessica Alexander', 'https://www.imdb.com/name/nm7987534/?ref_=tt_cl_t_1')"
409,Yaseen Aroussi,"('Yaseen Aroussi', 'https://www.imdb.com/name/nm7971189/?ref_=tt_cl_t_2')"
410,Kalifa Burton,"('Kalifa Burton', 'https://www.imdb.com/name/nm11303073/?ref_=tt_cl_t_3')"
411,Christopher Jeal,"('Christopher Jeal', 'https://www.imdb.com/name/nm9442583/?ref_=tt_cl_t_4')"
412,Solly McLeod,"('Solly McLeod', 'https://www.imdb.com/name/nm11303072/?ref_=tt_cl_t_5')"
413,Sofia Shallai,"('Sofia Shallai', 'https://www.imdb.com/name/nm8222125/?ref_=tt_cl_t_6')"
414,Warrick Simon,"('Warrick Simon', 'https://www.imdb.com/name/nm10947860/?ref_=tt_cl_t_7')"
415,Grace Albano,"('Grace Albano', 'https://www.imdb.com/name/nm11466889/?ref_=tt_cl_t_1')"
416,Tom Chandler,"('Tom Chandler', 'https://www.imdb.com/name/nm10065005/?ref_=tt_cl_t_2')"
417,Brian Farrell,"('Brian Farrell', 'https://www.imdb.com/name/nm11265567/?ref_=tt_cl_t_3')"
418,Greg Kanyicska,"('Greg Kanyicska', 'https://www.imdb.com/name/nm11265568/?ref_=tt_cl_t_4')"
419,Kathryn Kates,"('Kathryn Kates', 'https://www.imdb.com/name/nm0441235/?ref_=tt_cl_t_5')"
420,Liam Mitchell,"('Liam Mitchell', 'https://www.imdb.com/name/nm0593534/?ref_=tt_cl_t_6')"
421,Dennis O'Harlem,"(""Dennis O'Harlem"", 'https://www.imdb.com/name/nm11265569/?ref_=tt_cl_t_7')"
422,Maria Palacio,"('Maria Palacio', 'https://www.imdb.com/name/nm5394047/?ref_=tt_cl_t_8')"
423,Dina Selimovic,"('Dina Selimovic', 'https://www.imdb.com/name/nm2962128/?ref_=tt_cl_t_9')"
424,Alison Vincitore,"('Alison Vincitore', 'https://www.imdb.com/name/nm10839266/?ref_=tt_cl_t_10')"
425,Mark Mitchinson,"('Mark Mitchinson', 'https://www.imdb.com/name/nm2680937/?ref_=tt_cl_t_1')"
426,Sophie Wright,"('Sophie Wright', 'https://www.imdb.com/name/nm10150209/?ref_=tt_cl_t_2')"
427,Amberlynn Chawla,"('Amberlynn Chawla', 'https://www.imdb.com/name/nm11408492/?ref_=tt_cl_t_3')"
428,Oliver Murdoch,"('Oliver Murdoch', 'https://www.imdb.com/name/nm9225043/?ref_=tt_cl_t_1')"
429,David T. Cowell,"('David T. Cowell', 'https://www.imdb.com/name/nm6352673/?ref_=tt_cl_t_2')"
430,Samantha Lauren Martin,"('Samantha Lauren Martin', 'https://www.imdb.com/name/nm9391698/?ref_=tt_cl_t_3')"
431,Sam Dash,"('Sam Dash', 'https://www.imdb.com/name/nm5157755/?ref_=tt_cl_t_1')"
432,Julian Elijah Martinez,"('Julian Elijah Martinez', 'https://www.imdb.com/name/nm4108550/?ref_=tt_cl_t_2')"
433,Scott Hinds,"('Scott Hinds', 'https://www.imdb.com/name/nm1446717/?ref_=tt_cl_t_1')"
434,Beth Tremlett,"('Beth Tremlett', 'https://www.imdb.com/name/nm12802409/?ref_=tt_cl_t_2')"
435,Minerva Vier,"('Minerva Vier', 'https://www.imdb.com/name/nm1973573/?ref_=tt_cl_t_1')"
436,Justin Huen,"('Justin Huen', 'https://www.imdb.com/name/nm1635027/?ref_=tt_cl_t_2')"
437,Ivan Davila,"('Ivan Davila', 'https://www.imdb.com/name/nm2077753/?ref_=tt_cl_t_3')"
438,Chris Game,"('Chris Game', 'https://www.imdb.com/name/nm1495931/?ref_=tt_cl_t_4')"
439,Robert Dominick Jones,"('Robert Dominick Jones', 'https://www.imdb.com/name/nm0429144/?ref_=tt_cl_t_5')"
440,Marie-Françoise Theodore,"('Marie-Françoise Theodore', 'https://www.imdb.com/name/nm0857485/?ref_=tt_cl_t_6')"
441,Yvette Brooks Platoff,"('Yvette Brooks Platoff', 'https://www.imdb.com/name/nm2759763/?ref_=tt_cl_t_7')"
442,Joshua Fishbein,"('Joshua Fishbein', 'https://www.imdb.com/name/nm0279325/?ref_=tt_cl_t_8')"
443,Juan Carlos Cisneros,"('Juan Carlos Cisneros', 'https://www.imdb.com/name/nm1388852/?ref_=tt_cl_t_9')"
444,Gina Kelly,"('Gina Kelly', 'https://www.imdb.com/name/nm2565882/?ref_=tt_cl_t_10')"
445,Mafer González,"('Mafer González', 'https://www.imdb.com/name/nm11635101/?ref_=tt_cl_t_1')"
446,Diego Vidben,"('Diego Vidben', 'https://www.imdb.com/name/nm11635100/?ref_=tt_cl_t_2')"
447,Sergio Itzcoatl,"('Sergio Itzcoatl', 'https://www.imdb.com/name/nm11639839/?ref_=tt_cl_t_3')"
448,Laura Yoaly,"('Laura Yoaly', 'https://www.imdb.com/name/nm11840310/?ref_=tt_cl_t_4')"
449,Ariadne Rendón,"('Ariadne Rendón', 'https://www.imdb.com/name/nm11840311/?ref_=tt_cl_t_5')"
450,Arantxa Ayala,"('Arantxa Ayala', 'https://www.imdb.com/name/nm11840317/?ref_=tt_cl_t_6')"
451,Raúl Gálvez,"('Raúl Gálvez', 'https://www.imdb.com/name/nm11840316/?ref_=tt_cl_t_7')"
452,Jimena Gutierrez,"('Jimena Gutierrez', 'https://www.imdb.com/name/nm11840315/?ref_=tt_cl_t_8')"
453,Ariadne Rodríguez,"('Ariadne Rodríguez', 'https://www.imdb.com/name/nm11840314/?ref_=tt_cl_t_9')"
454,Fernanda Mejía,"('Fernanda Mejía', 'https://www.imdb.com/name/nm11840313/?ref_=tt_cl_t_10')"
455,Cal MacAninch,"('Cal MacAninch', 'https://www.imdb.com/name/nm0531229/?ref_=tt_cl_t_1')"
456,Ronan Doyle,"('Ronan Doyle', 'https://www.imdb.com/name/nm8821146/?ref_=tt_cl_t_2')"
457,Jenni Keenan-Green,"('Jenni Keenan-Green', 'https://www.imdb.com/name/nm0444690/?ref_=tt_cl_t_3')"
458,Kirsty Strain,"('Kirsty Strain', 'https://www.imdb.com/name/nm1062987/?ref_=tt_cl_t_4')"
459,Jim Sweeney,"('Jim Sweeney', 'https://www.imdb.com/name/nm1792664/?ref_=tt_cl_t_5')"
460,Ryan Sykes,"('Ryan Sykes', 'https://www.imdb.com/name/nm9938294/?ref_=tt_cl_t_6')"
461,Sterling Calhoun,"('Sterling Calhoun', 'https://www.imdb.com/name/nm9681314/?ref_=tt_cl_t_1')"
462,Yadi Nieves,"('Yadi Nieves', 'https://www.imdb.com/name/nm8157708/?ref_=tt_cl_t_2')"
463,Christan Ramos,"('Christan Ramos', 'https://www.imdb.com/name/nm7792098/?ref_=tt_cl_t_3')"
464,Sherlise Kim Yates-England,"('Sherlise Kim Yates-England', 'https://www.imdb.com/name/nm12511929/?ref_=tt_cl_t_4')"
465,Alison Bruce,"('Alison Bruce', 'https://www.imdb.com/name/nm0115410/?ref_=tt_cl_t_1')"
466,Simon Deighton,"('Simon Deighton', 'https://www.imdb.com/name/nm7758186/?ref_=tt_cl_t_2')"
467,Ballantyne Haines,"('Ballantyne Haines', 'https://www.imdb.com/name/nm3392996/?ref_=tt_cl_t_3')"
468,Erana James,"('Erana James', 'https://www.imdb.com/name/nm7193146/?ref_=tt_cl_t_4')"
469,Lucy Knox,"('Lucy Knox', 'https://www.imdb.com/name/nm6169834/?ref_=tt_cl_t_5')"
470,Culain Walsh,"('Culain Walsh', 'https://www.imdb.com/name/nm11281956/?ref_=tt_cl_t_6')"
471,Kendall Joy Hall,"('Kendall Joy Hall', 'https://www.imdb.com/name/nm6433151/?ref_=tt_cl_t_1')"
472,Carrie Bernans,"('Carrie Bernans', 'https://www.imdb.com/name/nm7736654/?ref_=tt_cl_t_2')"
473,Jahmirieon Johnson,"('Jahmirieon Johnson', 'https://www.imdb.com/name/nm11281279/?ref_=tt_cl_t_3')"
474,Susannah Kim,"('Susannah Kim', 'https://www.imdb.com/name/nm5089655/?ref_=tt_cl_t_4')"
475,Moses Jones,"('Moses Jones', 'https://www.imdb.com/name/nm3462511/?ref_=tt_cl_t_5')"
476,Kendale Winbush,"('Kendale Winbush', 'https://www.imdb.com/name/nm4490299/?ref_=tt_cl_t_6')"
477,Mark Bade,"('Mark Bade', 'https://www.imdb.com/name/nm4590995/?ref_=tt_cl_t_1')"
478,Iker Amaya,"('Iker Amaya', 'https://www.imdb.com/name/nm3850960/?ref_=tt_cl_t_1')"
479,Sheena Midori,"('Sheena Midori', 'https://www.imdb.com/name/nm7360080/?ref_=tt_cl_t_2')"
480,Anthony Palermo,"('Anthony Palermo', 'https://www.imdb.com/name/nm0657545/?ref_=tt_cl_t_3')"
481,Johnny Visotcky,"('Johnny Visotcky', 'https://www.imdb.com/name/nm8034363/?ref_=tt_cl_t_4')"
482,Fflyn Edwards,"('Fflyn Edwards', 'https://www.imdb.com/name/nm11340799/?ref_=tt_cl_t_1')"
483,Barbara Marten,"('Barbara Marten', 'https://www.imdb.com/name/nm0551649/?ref_=tt_cl_t_2')"
484,Carmela Corbett,"('Carmela Corbett', 'https://www.imdb.com/name/nm5415032/?ref_=tt_cl_t_3')"
485,Ralf Higgins,"('Ralf Higgins', 'https://www.imdb.com/name/nm9218997/?ref_=tt_cl_t_4')"
486,Melodie Casta,"('Melodie Casta', 'https://www.imdb.com/name/nm6083793/?ref_=tt_cl_t_1')"
487,Kayla Eva,"('Kayla Eva', 'https://www.imdb.com/name/nm5630449/?ref_=tt_cl_t_2')"
488,Edward Hernandez,"('Edward Hernandez', 'https://www.imdb.com/name/nm7862432/?ref_=tt_cl_t_3')"
489,Whit Spurgeon,"('Whit Spurgeon', 'https://www.imdb.com/name/nm3275300/?ref_=tt_cl_t_4')"
490,Nessa Varez,"('Nessa Varez', 'https://www.imdb.com/name/nm3076969/?ref_=tt_cl_t_5')"
491,Ivan Barnev,"('Ivan Barnev', 'https://www.imdb.com/name/nm1091878/?ref_=tt_cl_t_1')"
492,Rousy Chanev,"('Rousy Chanev', 'https://www.imdb.com/name/nm0151572/?ref_=tt_cl_t_2')"
493,Deyan Donkov,"('Deyan Donkov', 'https://www.imdb.com/name/nm1089542/?ref_=tt_cl_t_3')"
494,Malin Krastev,"('Malin Krastev', 'https://www.imdb.com/name/nm1011472/?ref_=tt_cl_t_4')"
495,Yosif Shamli,"('Yosif Shamli', 'https://www.imdb.com/name/nm1284391/?ref_=tt_cl_t_5')"
496,Elena Telbis,"('Elena Telbis', 'https://www.imdb.com/name/nm7494211/?ref_=tt_cl_t_6')"
497,Tsvetelina Voinova,"('Tsvetelina Voinova', 'https://www.imdb.com/name/nm5294206/?ref_=tt_cl_t_7')"
498,Tristan Halilaj,"('Tristan Halilaj', 'https://www.imdb.com/name/nm4329298/?ref_=tt_cl_t_1')"
499,Kristina Dodaj,"('Kristina Dodaj', 'https://www.imdb.com/name/nm10596111/?ref_=tt_cl_t_2')"
500,Rael Hoxha,"('Rael Hoxha', 'https://www.imdb.com/name/nm5024641/?ref_=tt_cl_t_3')"
501,Klodian Burri,"('Klodian Burri', 'https://www.imdb.com/name/nm9943386/?ref_=tt_cl_t_4')"
502,Kristaq Pilo,"('Kristaq Pilo', 'https://www.imdb.com/name/nm6458818/?ref_=tt_cl_t_5')"
503,Pëllumb Dërvishi,"('Pëllumb Dërvishi', 'https://www.imdb.com/name/nm1045166/?ref_=tt_cl_t_6')"
504,Angela T. Baesa,"('Angela T. Baesa', 'https://www.imdb.com/name/nm4262127/?ref_=tt_cl_t_1')"
505,Kristan Cleto,"('Kristan Cleto', 'https://www.imdb.com/name/nm5145201/?ref_=tt_cl_t_2')"
506,Alice Dela Pena,"('Alice Dela Pena', 'https://www.imdb.com/name/nm13667223/?ref_=tt_cl_t_3')"
507,Phyllis Logan,"('Phyllis Logan', 'https://www.imdb.com/name/nm0517642/?ref_=tt_cl_t_1')"
508,Kevin McNally,"('Kevin McNally', 'https://www.imdb.com/name/nm0573618/?ref_=tt_cl_t_2')"
509,Hayley Osborne,"('Hayley Osborne', 'https://www.imdb.com/name/nm9447802/?ref_=tt_cl_t_3')"
510,Jack Baxter,"('Jack Baxter', 'https://www.imdb.com/name/nm11738368/?ref_=tt_cl_t_4')"
511,Audrey Bennett,"('Audrey Bennett', 'https://www.imdb.com/name/nm10114861/?ref_=tt_cl_t_1')"
512,James Andrew O'Connor,"(""James Andrew O'Connor"", 'https://www.imdb.com/name/nm0175418/?ref_=tt_cl_t_2')"
513,Peter Sansky-Traficanti,"('Peter Sansky-Traficanti', 'https://www.imdb.com/name/nm3746035/?ref_=tt_cl_t_3')"
514,Dana Segal,"('Dana Segal', 'https://www.imdb.com/name/nm1914169/?ref_=tt_cl_t_4')"
515,Calloway Denton,"('Calloway Denton', 'https://www.imdb.com/name/nm9108259/?ref_=tt_cl_t_1')"
