,name,link
0,Kevin Caliber,"('Kevin Caliber', 'https://www.imdb.com/name/nm5673317/?ref_=tt_cl_t_1')"
1,Thomas Haley,"('Thomas Haley', 'https://www.imdb.com/name/nm3803666/?ref_=tt_cl_t_2')"
2,Candice Bolek,"('Candice Bolek', 'https://www.imdb.com/name/nm2041655/?ref_=tt_cl_t_3')"
3,Brenda Nava,"('Brenda Nava', 'https://www.imdb.com/name/nm7474335/?ref_=tt_cl_t_4')"
4,Abdulrahman Aljandal,"('Abdulrahman Aljandal', 'https://www.imdb.com/name/nm6659581/?ref_=tt_cl_t_1')"
5,Jassim Aljandal,"('Jassim Aljandal', 'https://www.imdb.com/name/nm8443862/?ref_=tt_cl_t_2')"
6,Jordan Perston,"('Jordan Perston', 'https://www.imdb.com/name/nm8443859/?ref_=tt_cl_t_3')"
7,Victor Canache,"('Victor Canache', 'https://www.imdb.com/name/nm5970946/?ref_=tt_cl_t_4')"
8,Virginia Andres,"('Virginia Andres', 'https://www.imdb.com/name/nm8443860/?ref_=tt_cl_t_5')"
9,Micheal Zevpoli,"('Micheal Zevpoli', 'https://www.imdb.com/name/nm8443861/?ref_=tt_cl_t_6')"
10,Lenin Pacas,"('Lenin Pacas', 'https://www.imdb.com/name/nm3036228/?ref_=tt_cl_t_7')"
11,Shawn-Jeray Hinton,"('Shawn-Jeray Hinton', 'https://www.imdb.com/name/nm7477608/?ref_=tt_cl_t_8')"
12,Alexander Barnette,"('Alexander Barnette', 'https://www.imdb.com/name/nm7970719/?ref_=tt_cl_t_9')"
13,LisaRaye McCoy,"('LisaRaye McCoy', 'https://www.imdb.com/name/nm0513964/?ref_=tt_cl_t_1')"
14,Emma Halleen,"('Emma Halleen', 'https://www.imdb.com/name/nm11495673/?ref_=tt_cl_t_2')"
15,AzMarie Livingston,"('AzMarie Livingston', 'https://www.imdb.com/name/nm4939934/?ref_=tt_cl_t_3')"
16,Riki Yvette Westmoreland,"('Riki Yvette Westmoreland', 'https://www.imdb.com/name/nm5541414/?ref_=tt_cl_t_4')"
17,Sherwin Arae,"('Sherwin Arae', 'https://www.imdb.com/name/nm7562453/?ref_=tt_cl_t_5')"
18,Carter Young,"('Carter Young', 'https://www.imdb.com/name/nm9573233/?ref_=tt_cl_t_6')"
19,Alexander Aguila,"('Alexander Aguila', 'https://www.imdb.com/name/nm3355888/?ref_=tt_cl_t_7')"
20,Sheena V. Henderson,"('Sheena V. Henderson', 'https://www.imdb.com/name/nm11998313/?ref_=tt_cl_t_8')"
21,Tara Turnbull,"('Tara Turnbull', 'https://www.imdb.com/name/nm8423309/?ref_=tt_cl_t_9')"
22,Jordan Garcia,"('Jordan Garcia', 'https://www.imdb.com/name/nm8091711/?ref_=tt_cl_t_10')"
23,Sevda Abolhasani,"('Sevda Abolhasani', 'https://www.imdb.com/name/nm8146343/?ref_=tt_cl_t_1')"
24,Mehri Sadat Alagha,"('Mehri Sadat Alagha', 'https://www.imdb.com/name/nm7143851/?ref_=tt_cl_t_2')"
25,Maryam Fathi,"('Maryam Fathi', 'https://www.imdb.com/name/nm8462238/?ref_=tt_cl_t_3')"
26,Atousa Irani,"('Atousa Irani', 'https://www.imdb.com/name/nm8146345/?ref_=tt_cl_t_4')"
27,Hamed Nasaj,"('Hamed Nasaj', 'https://www.imdb.com/name/nm6422749/?ref_=tt_cl_t_5')"
28,Niosha Sedaghati,"('Niosha Sedaghati', 'https://www.imdb.com/name/nm8146340/?ref_=tt_cl_t_6')"
29,Hasan Valikhani,"('Hasan Valikhani', 'https://www.imdb.com/name/nm8146347/?ref_=tt_cl_t_7')"
30,Ethan Peck,"('Ethan Peck', 'https://www.imdb.com/name/nm0669656/?ref_=tt_cl_t_1')"
31,Charlotte Taschen,"('Charlotte Taschen', 'https://www.imdb.com/name/nm5096018/?ref_=tt_cl_t_2')"
32,Alex Landi,"('Alex Landi', 'https://www.imdb.com/name/nm7549831/?ref_=tt_cl_t_3')"
33,Nathalie Carvalho,"('Nathalie Carvalho', 'https://www.imdb.com/name/nm5769139/?ref_=tt_cl_t_4')"
34,Manny Ureña,"('Manny Ureña', 'https://www.imdb.com/name/nm5282848/?ref_=tt_cl_t_5')"
35,Joe Candelora,"('Joe Candelora', 'https://www.imdb.com/name/nm0133722/?ref_=tt_cl_t_6')"
36,Christopher Cassarino,"('Christopher Cassarino', 'https://www.imdb.com/name/nm3941112/?ref_=tt_cl_t_7')"
37,Seamus Boyle,"('Seamus Boyle', 'https://www.imdb.com/name/nm2370106/?ref_=tt_cl_t_8')"
38,Greg Luther,"('Greg Luther', 'https://www.imdb.com/name/nm6964427/?ref_=tt_cl_t_9')"
39,Julie Chen,"('Julie Chen', 'https://www.imdb.com/name/nm4143136/?ref_=tt_cl_t_10')"
40,Dominic Costa,"('Dominic Costa', 'https://www.imdb.com/name/nm9808373/?ref_=tt_cl_t_1')"
41,Joe Costa,"('Joe Costa', 'https://www.imdb.com/name/nm7733569/?ref_=tt_cl_t_2')"
42,Sandy Lawler,"('Sandy Lawler', 'https://www.imdb.com/name/nm5144424/?ref_=tt_cl_t_3')"
43,Kenneth McGregor,"('Kenneth McGregor', 'https://www.imdb.com/name/nm0532342/?ref_=tt_cl_t_4')"
44,Théo Bartholet,"('Théo Bartholet', 'https://www.imdb.com/name/nm9570732/?ref_=tt_cl_t_1')"
45,Wafa Benbelgacem,"('Wafa Benbelgacem', 'https://www.imdb.com/name/nm9570733/?ref_=tt_cl_t_2')"
46,Estelle Burckel,"('Estelle Burckel', 'https://www.imdb.com/name/nm9552786/?ref_=tt_cl_t_3')"
47,Mélanie Engasser,"('Mélanie Engasser', 'https://www.imdb.com/name/nm9552785/?ref_=tt_cl_t_4')"
48,Richard Ertz,"('Richard Ertz', 'https://www.imdb.com/name/nm9552791/?ref_=tt_cl_t_5')"
49,Léa Fehrenbach,"('Léa Fehrenbach', 'https://www.imdb.com/name/nm5468891/?ref_=tt_cl_t_6')"
50,Jean-Luc Hammann,"('Jean-Luc Hammann', 'https://www.imdb.com/name/nm8994612/?ref_=tt_cl_t_7')"
51,Rémi Nadjarian,"('Rémi Nadjarian', 'https://www.imdb.com/name/nm9552787/?ref_=tt_cl_t_8')"
52,Arnaud Niklaus,"('Arnaud Niklaus', 'https://www.imdb.com/name/nm8271794/?ref_=tt_cl_t_9')"
53,Victor Clavel,"('Victor Clavel', 'https://www.imdb.com/name/nm9849734/?ref_=tt_cl_t_10')"
54,Will Casey,"('Will Casey', 'https://www.imdb.com/name/nm6601682/?ref_=tt_cl_t_1')"
55,Jon Seda Jr.,"('Jon Seda Jr.', 'https://www.imdb.com/name/nm8637353/?ref_=tt_cl_t_2')"
56,Natalia Drag,"('Natalia Drag', 'https://www.imdb.com/name/nm8637354/?ref_=tt_cl_t_3')"
57,Kathy Wolter,"('Kathy Wolter', 'https://www.imdb.com/name/nm7385445/?ref_=tt_cl_t_4')"
58,Danny Irizarry,"('Danny Irizarry', 'https://www.imdb.com/name/nm6514892/?ref_=tt_cl_t_5')"
59,Gigi González,"('Gigi González', 'https://www.imdb.com/name/nm8637355/?ref_=tt_cl_t_6')"
60,Talia Cohen,"('Talia Cohen', 'https://www.imdb.com/name/nm8637356/?ref_=tt_cl_t_7')"
61,Darren Hill,"('Darren Hill', 'https://www.imdb.com/name/nm8637357/?ref_=tt_cl_t_8')"
62,Grant Austin,"('Grant Austin', 'https://www.imdb.com/name/nm8637358/?ref_=tt_cl_t_9')"
63,Megan Hillinger,"('Megan Hillinger', 'https://www.imdb.com/name/nm8637359/?ref_=tt_cl_t_10')"
64,Jillian Easton,"('Jillian Easton', 'https://www.imdb.com/name/nm3399413/?ref_=tt_cl_t_1')"
65,Shane Ryan-Reid,"('Shane Ryan-Reid', 'https://www.imdb.com/name/nm1546474/?ref_=tt_cl_t_2')"
66,Jonathan I. Smith,"('Jonathan I. Smith', 'https://www.imdb.com/name/nm9029916/?ref_=tt_cl_t_3')"
67,Gabriella V. Mastoris,"('Gabriella V. Mastoris', 'https://www.imdb.com/name/nm8621901/?ref_=tt_cl_t_1')"
68,David Gaylor,"('David Gaylor', 'https://www.imdb.com/name/nm5392946/?ref_=tt_cl_t_1')"
69,Stephen Kallenberg,"('Stephen Kallenberg', 'https://www.imdb.com/name/nm5774051/?ref_=tt_cl_t_2')"
70,Samantha Russell,"('Samantha Russell', 'https://www.imdb.com/name/nm6631371/?ref_=tt_cl_t_3')"
71,Derek Snow,"('Derek Snow', 'https://www.imdb.com/name/nm7782872/?ref_=tt_cl_t_4')"
72,Zoe Swope,"('Zoe Swope', 'https://www.imdb.com/name/nm7522984/?ref_=tt_cl_t_5')"
73,Celine Alva,"('Celine Alva', 'https://www.imdb.com/name/nm6084371/?ref_=tt_cl_t_1')"
74,Yasmine Ryback,"('Yasmine Ryback', 'https://www.imdb.com/name/nm4885544/?ref_=tt_cl_t_2')"
75,Michael Maglio,"('Michael Maglio', 'https://www.imdb.com/name/nm5737933/?ref_=tt_cl_t_3')"
76,Hunter Doohan,"('Hunter Doohan', 'https://www.imdb.com/name/nm5547023/?ref_=tt_cl_t_1')"
77,Jeremy John Wells,"('Jeremy John Wells', 'https://www.imdb.com/name/nm2090153/?ref_=tt_cl_t_2')"
78,Jerry Wolf,"('Jerry Wolf', 'https://www.imdb.com/name/nm4871806/?ref_=tt_cl_t_3')"
79,Aaron Jay Rome,"('Aaron Jay Rome', 'https://www.imdb.com/name/nm2473806/?ref_=tt_cl_t_4')"
80,Rob Narita,"('Rob Narita', 'https://www.imdb.com/name/nm0621459/?ref_=tt_cl_t_5')"
81,Marié Digby,"('Marié Digby', 'https://www.imdb.com/name/nm2744922/?ref_=tt_cl_t_6')"
82,Gavin Ogawa,"('Gavin Ogawa', 'https://www.imdb.com/name/nm9317035/?ref_=tt_cl_t_7')"
83,Alejandro Bravo,"('Alejandro Bravo', 'https://www.imdb.com/name/nm5281673/?ref_=tt_cl_t_1')"
84,Larvell Hood,"('Larvell Hood', 'https://www.imdb.com/name/nm1973656/?ref_=tt_cl_t_2')"
85,Lea Cappelli,"('Lea Cappelli', 'https://www.imdb.com/name/nm1976208/?ref_=tt_cl_t_3')"
86,Laura Harman,"('Laura Harman', 'https://www.imdb.com/name/nm3730183/?ref_=tt_cl_t_4')"
87,John Christian Love,"('John Christian Love', 'https://www.imdb.com/name/nm3346272/?ref_=tt_cl_t_1')"
88,Blesson Yates,"('Blesson Yates', 'https://www.imdb.com/name/nm7394835/?ref_=tt_cl_t_2')"
89,Cierra Danielle Jackson,"('Cierra Danielle Jackson', 'https://www.imdb.com/name/nm2817204/?ref_=tt_cl_t_3')"
90,Malcolm Xavier,"('Malcolm Xavier', 'https://www.imdb.com/name/nm4974109/?ref_=tt_cl_t_4')"
91,Kamron Alexander,"('Kamron Alexander', 'https://www.imdb.com/name/nm10415029/?ref_=tt_cl_t_5')"
92,Cara Mitsuko,"('Cara Mitsuko', 'https://www.imdb.com/name/nm4523248/?ref_=tt_cl_t_6')"
93,Kelcey Watson,"('Kelcey Watson', 'https://www.imdb.com/name/nm2921081/?ref_=tt_cl_t_7')"
94,Toby Sebastian,"('Toby Sebastian', 'https://www.imdb.com/name/nm4514519/?ref_=tt_cl_t_1')"
95,Florence Howard,"('Florence Howard', 'https://www.imdb.com/name/nm10112701/?ref_=tt_cl_t_2')"
96,Victoria Fox,"('Victoria Fox', 'https://www.imdb.com/name/nm6373958/?ref_=tt_cl_t_1')"
97,David Burgio,"('David Burgio', 'https://www.imdb.com/name/nm4418535/?ref_=tt_cl_t_2')"
98,Heather Billgren,"('Heather Billgren', 'https://www.imdb.com/name/nm8276994/?ref_=tt_cl_t_3')"
99,Mattie Bailey,"('Mattie Bailey', 'https://www.imdb.com/name/nm7566526/?ref_=tt_cl_t_4')"
100,Nick Bailey,"('Nick Bailey', 'https://www.imdb.com/name/nm6045282/?ref_=tt_cl_t_5')"
101,Brandon Ferguson,"('Brandon Ferguson', 'https://www.imdb.com/name/nm7768929/?ref_=tt_cl_t_6')"
102,Jonathan Jones,"('Jonathan Jones', 'https://www.imdb.com/name/nm9186746/?ref_=tt_cl_t_7')"
103,Julie Westlake Sooter,"('Julie Westlake Sooter', 'https://www.imdb.com/name/nm10430536/?ref_=tt_cl_t_8')"
104,June Walls,"('June Walls', 'https://www.imdb.com/name/nm9186745/?ref_=tt_cl_t_9')"
105,Hannah Lawrence,"('Hannah Lawrence', 'https://www.imdb.com/name/nm0492788/?ref_=tt_cl_t_1')"
106,Thomas Walker Barron,"('Thomas Walker Barron', 'https://www.imdb.com/name/nm8892489/?ref_=tt_cl_t_2')"
107,Arran Bull,"('Arran Bull', 'https://www.imdb.com/name/nm10880845/?ref_=tt_cl_t_1')"
108,Gemma-Louise Keane,"('Gemma-Louise Keane', 'https://www.imdb.com/name/nm7121570/?ref_=tt_cl_t_2')"
109,Shujie Cai,"('Shujie Cai', 'https://www.imdb.com/name/nm14238943/?ref_=tt_cl_t_1')"
110,Nan Cui,"('Nan Cui', 'https://www.imdb.com/name/nm12189565/?ref_=tt_cl_t_2')"
111,Jianjun Ding,"('Jianjun Ding', 'https://www.imdb.com/name/nm10705955/?ref_=tt_cl_t_3')"
112,Yang Houyao,"('Yang Houyao', 'https://www.imdb.com/name/nm13255340/?ref_=tt_cl_t_4')"
113,Yiying Liu,"('Yiying Liu', 'https://www.imdb.com/name/nm14238942/?ref_=tt_cl_t_5')"
114,Le Xi,"('Le Xi', 'https://www.imdb.com/name/nm14238944/?ref_=tt_cl_t_6')"
115,Ayomide Adeloye,"('Ayomide Adeloye', 'https://www.imdb.com/name/nm12640974/?ref_=tt_cl_t_1')"
116,Shawntia Grant,"('Shawntia Grant', 'https://www.imdb.com/name/nm13065993/?ref_=tt_cl_t_2')"
117,David Skulich,"('David Skulich', 'https://www.imdb.com/name/nm13065992/?ref_=tt_cl_t_3')"
118,Eliana Lima,"('Eliana Lima', 'https://www.imdb.com/name/nm13253867/?ref_=tt_cl_t_1')"
119,Raisa Lima,"('Raisa Lima', 'https://www.imdb.com/name/nm12788257/?ref_=tt_cl_t_2')"
120,Kauan Oliveira,"('Kauan Oliveira', 'https://www.imdb.com/name/nm12788253/?ref_=tt_cl_t_3')"
121,Cláudio Ribas,"('Cláudio Ribas', 'https://www.imdb.com/name/nm13253865/?ref_=tt_cl_t_4')"
122,Valdinéia Soriano,"('Valdinéia Soriano', 'https://www.imdb.com/name/nm2574284/?ref_=tt_cl_t_5')"
123,Vado Souza,"('Vado Souza', 'https://www.imdb.com/name/nm13253864/?ref_=tt_cl_t_6')"
124,Ellen Trindade,"('Ellen Trindade', 'https://www.imdb.com/name/nm13253866/?ref_=tt_cl_t_7')"
125,Janine Ayn,"('Janine Ayn', 'https://www.imdb.com/name/nm8322689/?ref_=tt_cl_t_1')"
126,Raymond Vely Brack Bentley,"('Raymond Vely Brack Bentley', 'https://www.imdb.com/name/nm13259611/?ref_=tt_cl_t_2')"
127,Lauren Gaines,"('Lauren Gaines', 'https://www.imdb.com/name/nm13259609/?ref_=tt_cl_t_3')"
128,Trace Haynes,"('Trace Haynes', 'https://www.imdb.com/name/nm11318106/?ref_=tt_cl_t_4')"
129,Joy Hortman,"('Joy Hortman', 'https://www.imdb.com/name/nm13259610/?ref_=tt_cl_t_5')"
130,Jenson Joseph,"('Jenson Joseph', 'https://www.imdb.com/name/nm13259612/?ref_=tt_cl_t_6')"
131,Justin Sears Motley,"('Justin Sears Motley', 'https://www.imdb.com/name/nm11331660/?ref_=tt_cl_t_7')"
132,Demetria Swint,"('Demetria Swint', 'https://www.imdb.com/name/nm10407783/?ref_=tt_cl_t_8')"
133,Jonathan Wessel,"('Jonathan Wessel', 'https://www.imdb.com/name/nm6275154/?ref_=tt_cl_t_9')"
134,Lesley J. West,"('Lesley J. West', 'https://www.imdb.com/name/nm11052123/?ref_=tt_cl_t_10')"
135,Paola Andrea Ramiréz Echavarría,"('Paola Andrea Ramiréz Echavarría', 'https://www.imdb.com/name/nm12984698/?ref_=tt_cl_t_1')"
136,Mariana Jiménez,"('Mariana Jiménez', 'https://www.imdb.com/name/nm13246360/?ref_=tt_cl_t_2')"
137,Ananda Maldonado Ramírez,"('Ananda Maldonado Ramírez', 'https://www.imdb.com/name/nm13246359/?ref_=tt_cl_t_3')"
138,Torjus Glestad,"('Torjus Glestad', 'https://www.imdb.com/name/nm13071569/?ref_=tt_cl_t_1')"
139,Tord Nordbø,"('Tord Nordbø', 'https://www.imdb.com/name/nm13071570/?ref_=tt_cl_t_2')"
140,Kighe Bowen Coady,"('Kighe Bowen Coady', 'https://www.imdb.com/name/nm13133538/?ref_=tt_cl_t_1')"
141,Michael Deon,"('Michael Deon', 'https://www.imdb.com/name/nm13144099/?ref_=tt_cl_t_2')"
142,Keara Graves,"('Keara Graves', 'https://www.imdb.com/name/nm5341607/?ref_=tt_cl_t_3')"
143,Alexa Rose Vitale,"('Alexa Rose Vitale', 'https://www.imdb.com/name/nm10024854/?ref_=tt_cl_t_4')"
144,Dingwei Chen,"('Dingwei Chen', 'https://www.imdb.com/name/nm11767676/?ref_=tt_cl_t_1')"
145,Jingyu Wu,"('Jingyu Wu', 'https://www.imdb.com/name/nm13157906/?ref_=tt_cl_t_2')"
146,Joey Hightower,"('Joey Hightower', 'https://www.imdb.com/name/nm11548030/?ref_=tt_cl_t_1')"
147,Jhonny Rox Hollywood,"('Jhonny Rox Hollywood', 'https://www.imdb.com/name/nm1437311/?ref_=tt_cl_t_2')"
148,Cullen Koshimizu,"('Cullen Koshimizu', 'https://www.imdb.com/name/nm13168208/?ref_=tt_cl_t_3')"
149,Romyn Sabatchi,"('Romyn Sabatchi', 'https://www.imdb.com/name/nm10610931/?ref_=tt_cl_t_4')"
150,Preféré Basouzi,"('Preféré Basouzi', 'https://www.imdb.com/name/nm13102963/?ref_=tt_cl_t_1')"
151,Théophile Ntsakala,"('Théophile Ntsakala', 'https://www.imdb.com/name/nm13101317/?ref_=tt_cl_t_2')"
152,Ana Vilela da Costa,"('Ana Vilela da Costa', 'https://www.imdb.com/name/nm3799337/?ref_=tt_cl_t_1')"
153,Nuno Nolasco,"('Nuno Nolasco', 'https://www.imdb.com/name/nm2821732/?ref_=tt_cl_t_2')"
154,Carlos Fartura,"('Carlos Fartura', 'https://www.imdb.com/name/nm5338773/?ref_=tt_cl_t_3')"
155,Daniel Viana,"('Daniel Viana', 'https://www.imdb.com/name/nm4250446/?ref_=tt_cl_t_4')"
156,Samantha Long,"('Samantha Long', 'https://www.imdb.com/name/nm12538269/?ref_=tt_cl_t_1')"
157,Dion Dinef,"('Dion Dinef', 'https://www.imdb.com/name/nm12584784/?ref_=tt_cl_t_2')"
158,Ognjen Trisic,"('Ognjen Trisic', 'https://www.imdb.com/name/nm7457406/?ref_=tt_cl_t_3')"
159,Jack Hadinata,"('Jack Hadinata', 'https://www.imdb.com/name/nm12584782/?ref_=tt_cl_t_4')"
160,Lilli Rosenberg,"('Lilli Rosenberg', 'https://www.imdb.com/name/nm13088293/?ref_=tt_cl_t_5')"
161,Darcy Shaaf,"('Darcy Shaaf', 'https://www.imdb.com/name/nm13088294/?ref_=tt_cl_t_6')"
162,Michael Lake,"('Michael Lake', 'https://www.imdb.com/name/nm2089583/?ref_=tt_cl_t_1')"
163,Christa-Marie Waugh,"('Christa-Marie Waugh', 'https://www.imdb.com/name/nm13071458/?ref_=tt_cl_t_2')"
164,George Chater-Clark,"('George Chater-Clark', 'https://www.imdb.com/name/nm13057848/?ref_=tt_cl_t_1')"
165,Shannon Kirrane,"('Shannon Kirrane', 'https://www.imdb.com/name/nm10833831/?ref_=tt_cl_t_2')"
166,Bina Assarsson,"('Bina Assarsson', 'https://www.imdb.com/name/nm13266475/?ref_=tt_cl_t_1')"
167,Gustav Berghe,"('Gustav Berghe', 'https://www.imdb.com/name/nm9399166/?ref_=tt_cl_t_2')"
168,Louise Ek,"('Louise Ek', 'https://www.imdb.com/name/nm5585272/?ref_=tt_cl_t_3')"
169,Arvid Granmo,"('Arvid Granmo', 'https://www.imdb.com/name/nm5631999/?ref_=tt_cl_t_4')"
170,Katarina Lundén,"('Katarina Lundén', 'https://www.imdb.com/name/nm13266476/?ref_=tt_cl_t_5')"
171,August Magnusson,"('August Magnusson', 'https://www.imdb.com/name/nm13294251/?ref_=tt_cl_t_6')"
172,Lovisa Skoglöf,"('Lovisa Skoglöf', 'https://www.imdb.com/name/nm13266477/?ref_=tt_cl_t_7')"
173,Menha Batraoui,"('Menha Batraoui', 'https://www.imdb.com/name/nm0015643/?ref_=tt_cl_t_1')"
174,Ahmed Malek,"('Ahmed Malek', 'https://www.imdb.com/name/nm5972255/?ref_=tt_cl_t_2')"
175,Kysionia Daye,"('Kysionia Daye', 'https://www.imdb.com/name/nm7772596/?ref_=tt_cl_t_1')"
176,Lorenzo Orlando Phillips II,"('Lorenzo Orlando Phillips II', 'https://www.imdb.com/name/nm11925307/?ref_=tt_cl_t_2')"
177,Carmen Archer,"('Carmen Archer', 'https://www.imdb.com/name/nm11925306/?ref_=tt_cl_t_3')"
178,Srikanta Manna,"('Srikanta Manna', 'https://www.imdb.com/name/nm3427733/?ref_=tt_cl_t_1')"
179,Pranab Kr Nath,"('Pranab Kr Nath', 'https://www.imdb.com/name/nm11922723/?ref_=tt_cl_t_2')"
180,Aniruddha Paul,"('Aniruddha Paul', 'https://www.imdb.com/name/nm13176061/?ref_=tt_cl_t_3')"
181,Porombir Paul,"('Porombir Paul', 'https://www.imdb.com/name/nm12642868/?ref_=tt_cl_t_4')"
182,Sawyer Brent,"('Sawyer Brent', 'https://www.imdb.com/name/nm13258802/?ref_=tt_cl_t_1')"
183,Hugh,"('Hugh', 'https://www.imdb.com/name/nm13261068/?ref_=tt_cl_t_2')"
184,Niko,"('Niko', 'https://www.imdb.com/name/nm13261067/?ref_=tt_cl_t_3')"
185,Ayden Croy,"('Ayden Croy', 'https://www.imdb.com/name/nm12499875/?ref_=tt_cl_t_1')"
186,Victor Namwandi,"('Victor Namwandi', 'https://www.imdb.com/name/nm13218564/?ref_=tt_cl_t_2')"
187,Joshua Daniel,"('Joshua Daniel', 'https://www.imdb.com/name/nm9407255/?ref_=tt_cl_t_1')"
188,Thomas Fairell,"('Thomas Fairell', 'https://www.imdb.com/name/nm8009318/?ref_=tt_cl_t_2')"
189,Kristen Horde,"('Kristen Horde', 'https://www.imdb.com/name/nm9883777/?ref_=tt_cl_t_3')"
190,Aniello Arena,"('Aniello Arena', 'https://www.imdb.com/name/nm4444700/?ref_=tt_cl_t_1')"
191,Eugenio Deidda,"('Eugenio Deidda', 'https://www.imdb.com/name/nm13110305/?ref_=tt_cl_t_2')"
192,Lorenzo Di Iulio,"('Lorenzo Di Iulio', 'https://www.imdb.com/name/nm10631037/?ref_=tt_cl_t_3')"
193,Abel Ferrara,"('Abel Ferrara', 'https://www.imdb.com/name/nm0001206/?ref_=tt_cl_t_4')"
194,Marcello Fonte,"('Marcello Fonte', 'https://www.imdb.com/name/nm7535164/?ref_=tt_cl_t_5')"
195,Walt Bujaryng,"('Walt Bujaryng', 'https://www.imdb.com/name/nm13209719/?ref_=tt_cl_t_1')"
196,Aira Calayag,"('Aira Calayag', 'https://www.imdb.com/name/nm13212017/?ref_=tt_cl_t_2')"
197,Maricel Soledad Canono,"('Maricel Soledad Canono', 'https://www.imdb.com/name/nm13209721/?ref_=tt_cl_t_3')"
198,Alexis Cardenas Jr.,"('Alexis Cardenas Jr.', 'https://www.imdb.com/name/nm13214480/?ref_=tt_cl_t_4')"
199,Luis Enrique De Loera,"('Luis Enrique De Loera', 'https://www.imdb.com/name/nm13212009/?ref_=tt_cl_t_5')"
200,Nicky Flores,"('Nicky Flores', 'https://www.imdb.com/name/nm13212008/?ref_=tt_cl_t_6')"
201,Elizabeta Ianina,"('Elizabeta Ianina', 'https://www.imdb.com/name/nm13209715/?ref_=tt_cl_t_7')"
202,Juan Carlos Ivir,"('Juan Carlos Ivir', 'https://www.imdb.com/name/nm13212015/?ref_=tt_cl_t_8')"
203,Janex,"('Janex', 'https://www.imdb.com/name/nm13212013/?ref_=tt_cl_t_9')"
204,Jeanix,"('Jeanix', 'https://www.imdb.com/name/nm13212012/?ref_=tt_cl_t_10')"
205,Trea Alers,"('Trea Alers', 'https://www.imdb.com/name/nm11484977/?ref_=tt_cl_t_1')"
206,Marelien Geus,"('Marelien Geus', 'https://www.imdb.com/name/nm13069282/?ref_=tt_cl_t_2')"
207,Nathalie Roux,"('Nathalie Roux', 'https://www.imdb.com/name/nm12092002/?ref_=tt_cl_t_3')"
208,Cortland,"('Cortland', 'https://www.imdb.com/name/nm13258803/?ref_=tt_cl_t_2')"
209,John,"('John', 'https://www.imdb.com/name/nm13258804/?ref_=tt_cl_t_3')"
210,London,"('London', 'https://www.imdb.com/name/nm13258808/?ref_=tt_cl_t_4')"
211,Lucas,"('Lucas', 'https://www.imdb.com/name/nm13259346/?ref_=tt_cl_t_5')"
212,Mary Tessa Corman,"('Mary Tessa Corman', 'https://www.imdb.com/name/nm0180027/?ref_=tt_cl_t_1')"
213,Roger Corman,"('Roger Corman', 'https://www.imdb.com/name/nm0000339/?ref_=tt_cl_t_2')"
214,Matt Town,"('Matt Town', 'https://www.imdb.com/name/nm13151417/?ref_=tt_cl_t_3')"
215,Michael Callahan,"('Michael Callahan', 'https://www.imdb.com/name/nm6387218/?ref_=tt_cl_t_1')"
216,Nolan Callahan,"('Nolan Callahan', 'https://www.imdb.com/name/nm7211952/?ref_=tt_cl_t_2')"
217,Kyla Jack,"('Kyla Jack', 'https://www.imdb.com/name/nm13187912/?ref_=tt_cl_t_3')"
218,Donovan Stanfield,"('Donovan Stanfield', 'https://www.imdb.com/name/nm13187913/?ref_=tt_cl_t_4')"
219,Elizabeth Stuelke,"('Elizabeth Stuelke', 'https://www.imdb.com/name/nm9850556/?ref_=tt_cl_t_5')"
220,Klemen Janezic,"('Klemen Janezic', 'https://www.imdb.com/name/nm4140949/?ref_=tt_cl_t_1')"
221,Eva König,"('Eva König', 'https://www.imdb.com/name/nm13354013/?ref_=tt_cl_t_2')"
222,Nina Violic,"('Nina Violic', 'https://www.imdb.com/name/nm0899237/?ref_=tt_cl_t_3')"
223,Dea Aditya,"('Dea Aditya', 'https://www.imdb.com/name/nm12151732/?ref_=tt_cl_t_1')"
224,Dana Wardhana,"('Dana Wardhana', 'https://www.imdb.com/name/nm12010158/?ref_=tt_cl_t_2')"
225,Noah Proctor,"('Noah Proctor', 'https://www.imdb.com/name/nm13216952/?ref_=tt_cl_t_1')"
226,Nikhil Pandey,"('Nikhil Pandey', 'https://www.imdb.com/name/nm4393675/?ref_=tt_cl_t_1')"
227,Harshit Dang,"('Harshit Dang', 'https://www.imdb.com/name/nm9813399/?ref_=tt_cl_t_2')"
228,Bhupendra Chouhan,"('Bhupendra Chouhan', 'https://www.imdb.com/name/nm13050529/?ref_=tt_cl_t_3')"
229,Neha Singh,"('Neha Singh', 'https://www.imdb.com/name/nm10795929/?ref_=tt_cl_t_4')"
230,Gabriel Da Pos,"('Gabriel Da Pos', 'https://www.imdb.com/name/nm13120207/?ref_=tt_cl_t_1')"
231,Eleonora Moino,"('Eleonora Moino', 'https://www.imdb.com/name/nm13570503/?ref_=tt_cl_t_2')"
232,Lorenzo Pilat,"('Lorenzo Pilat', 'https://www.imdb.com/name/nm11314961/?ref_=tt_cl_t_3')"
233,Debbie Dailey,"('Debbie Dailey', 'https://www.imdb.com/name/nm5515230/?ref_=tt_cl_t_1')"
234,Vivian Vittum,"('Vivian Vittum', 'https://www.imdb.com/name/nm13256518/?ref_=tt_cl_t_2')"
235,Beck Nolan,"('Beck Nolan', 'https://www.imdb.com/name/nm9500820/?ref_=tt_cl_t_1')"
236,Duku Musaraj,"('Duku Musaraj', 'https://www.imdb.com/name/nm6757196/?ref_=tt_cl_t_2')"
237,Danny Pikofsky,"('Danny Pikofsky', 'https://www.imdb.com/name/nm10970210/?ref_=tt_cl_t_3')"
238,Michael Blakely,"('Michael Blakely', 'https://www.imdb.com/name/nm3956994/?ref_=tt_cl_t_4')"
239,Trent Noor,"('Trent Noor', 'https://www.imdb.com/name/nm6883546/?ref_=tt_cl_t_5')"
240,Michael J Blakely,"('Michael J Blakely', 'https://www.imdb.com/name/nm11094452/?ref_=tt_cl_t_6')"
241,Kamilla Aranauskaite,"('Kamilla Aranauskaite', 'https://www.imdb.com/name/nm13086916/?ref_=tt_cl_t_1')"
242,Max E McCabe,"('Max E McCabe', 'https://www.imdb.com/name/nm13085440/?ref_=tt_cl_t_2')"
243,Mariana Vily,"('Mariana Vily', 'https://www.imdb.com/name/nm6340625/?ref_=tt_cl_t_1')"
244,Daphne Zelle,"('Daphne Zelle', 'https://www.imdb.com/name/nm9373005/?ref_=tt_cl_t_2')"
245,Jillian Waters,"('Jillian Waters', 'https://www.imdb.com/name/nm5698554/?ref_=tt_cl_t_3')"
246,Ron Tzur,"('Ron Tzur', 'https://www.imdb.com/name/nm4478353/?ref_=tt_cl_t_4')"
247,Isabella Ciccone,"('Isabella Ciccone', 'https://www.imdb.com/name/nm8053732/?ref_=tt_cl_t_1')"
248,Donia Kash,"('Donia Kash', 'https://www.imdb.com/name/nm7834500/?ref_=tt_cl_t_2')"
249,Martha Krepa,"('Martha Krepa', 'https://www.imdb.com/name/nm13170729/?ref_=tt_cl_t_3')"
250,Jacob Gardner,"('Jacob Gardner', 'https://www.imdb.com/name/nm13093970/?ref_=tt_cl_t_1')"
251,Max Lohan,"('Max Lohan', 'https://www.imdb.com/name/nm10215990/?ref_=tt_cl_t_2')"
252,Conor MacGregor,"('Conor MacGregor', 'https://www.imdb.com/name/nm12114715/?ref_=tt_cl_t_3')"
253,Jun Noh,"('Jun Noh', 'https://www.imdb.com/name/nm11153655/?ref_=tt_cl_t_4')"
254,Amber Smyth,"('Amber Smyth', 'https://www.imdb.com/name/nm12507043/?ref_=tt_cl_t_5')"
255,Fióna Farkas,"('Fióna Farkas', 'https://www.imdb.com/name/nm13079750/?ref_=tt_cl_t_1')"
256,Danny Maász,"('Danny Maász', 'https://www.imdb.com/name/nm13079751/?ref_=tt_cl_t_2')"
257,Csongor Farkas,"('Csongor Farkas', 'https://www.imdb.com/name/nm13079752/?ref_=tt_cl_t_3')"
258,Adél Balogh,"('Adél Balogh', 'https://www.imdb.com/name/nm13079753/?ref_=tt_cl_t_4')"
259,Csaba Szijjártó,"('Csaba Szijjártó', 'https://www.imdb.com/name/nm13079754/?ref_=tt_cl_t_5')"
260,Boldizsár Csomor,"('Boldizsár Csomor', 'https://www.imdb.com/name/nm13079755/?ref_=tt_cl_t_6')"
261,Barbi Nyári,"('Barbi Nyári', 'https://www.imdb.com/name/nm13079756/?ref_=tt_cl_t_7')"
262,Ádám Tóth,"('Ádám Tóth', 'https://www.imdb.com/name/nm13079757/?ref_=tt_cl_t_8')"
263,Sára Kósa,"('Sára Kósa', 'https://www.imdb.com/name/nm13079758/?ref_=tt_cl_t_9')"
264,Máté Kottán,"('Máté Kottán', 'https://www.imdb.com/name/nm13079759/?ref_=tt_cl_t_10')"
265,Puja Nundy,"('Puja Nundy', 'https://www.imdb.com/name/nm12366162/?ref_=tt_cl_t_1')"
266,Saint Janvier,"('Saint Janvier', 'https://www.imdb.com/name/nm13170704/?ref_=tt_cl_t_2')"
267,Partha Pran Dutta,"('Partha Pran Dutta', 'https://www.imdb.com/name/nm13104377/?ref_=tt_cl_t_1')"
268,Bidisha Kashyap,"('Bidisha Kashyap', 'https://www.imdb.com/name/nm13104376/?ref_=tt_cl_t_2')"
269,Julieann Campbell,"('Julieann Campbell', 'https://www.imdb.com/name/nm1227098/?ref_=tt_cl_t_1')"
270,Saffron Campbell,"('Saffron Campbell', 'https://www.imdb.com/name/nm13211958/?ref_=tt_cl_t_2')"
271,Susie Kelly,"('Susie Kelly', 'https://www.imdb.com/name/nm3126053/?ref_=tt_cl_t_3')"
272,Catriona McFeely,"('Catriona McFeely', 'https://www.imdb.com/name/nm11125676/?ref_=tt_cl_t_4')"
273,César Donnet,"('César Donnet', 'https://www.imdb.com/name/nm13070606/?ref_=tt_cl_t_1')"
274,Milijana Cancar,"('Milijana Cancar', 'https://www.imdb.com/name/nm1496148/?ref_=tt_cl_t_1')"
275,Liam Howarth,"('Liam Howarth', 'https://www.imdb.com/name/nm5980205/?ref_=tt_cl_t_2')"
276,Karen Watson,"('Karen Watson', 'https://www.imdb.com/name/nm8859074/?ref_=tt_cl_t_3')"
277,Monika Thomas,"('Monika Thomas', 'https://www.imdb.com/name/nm4176453/?ref_=tt_cl_t_4')"
278,Hannah Koch,"('Hannah Koch', 'https://www.imdb.com/name/nm8190777/?ref_=tt_cl_t_5')"
279,Ayrton Burridge,"('Ayrton Burridge', 'https://www.imdb.com/name/nm8522592/?ref_=tt_cl_t_6')"
280,Austin Teipi,"('Austin Teipi', 'https://www.imdb.com/name/nm10320682/?ref_=tt_cl_t_7')"
281,Akal Demir,"('Akal Demir', 'https://www.imdb.com/name/nm8514319/?ref_=tt_cl_t_8')"
282,Marjan Mesbahi,"('Marjan Mesbahi', 'https://www.imdb.com/name/nm13235941/?ref_=tt_cl_t_9')"
283,Mohamed Grayaâ,"('Mohamed Grayaâ', 'https://www.imdb.com/name/nm1625432/?ref_=tt_cl_t_1')"
284,Oussama Kochkar,"('Oussama Kochkar', 'https://www.imdb.com/name/nm11008163/?ref_=tt_cl_t_2')"
285,Jamel Madani,"('Jamel Madani', 'https://www.imdb.com/name/nm0534497/?ref_=tt_cl_t_3')"
286,Gabriele Simonini,"('Gabriele Simonini', 'https://www.imdb.com/name/nm13098141/?ref_=tt_cl_t_1')"
287,Samuel Van der Zwalmen,"('Samuel Van der Zwalmen', 'https://www.imdb.com/name/nm8404755/?ref_=tt_cl_t_2')"
288,Fabian Jaray,"('Fabian Jaray', 'https://www.imdb.com/name/nm9694239/?ref_=tt_cl_t_3')"
289,Mikael Sladden,"('Mikael Sladden', 'https://www.imdb.com/name/nm4892618/?ref_=tt_cl_t_4')"
290,Alexander Zammit,"('Alexander Zammit', 'https://www.imdb.com/name/nm13098143/?ref_=tt_cl_t_5')"
291,Stéphane Pirard,"('Stéphane Pirard', 'https://www.imdb.com/name/nm13098144/?ref_=tt_cl_t_6')"
292,Robert Morgan,"('Robert Morgan', 'https://www.imdb.com/name/nm0604989/?ref_=tt_cl_t_1')"
293,Mark Karten,"('Mark Karten', 'https://www.imdb.com/name/nm8923941/?ref_=tt_cl_t_2')"
294,Rosemary Howard,"('Rosemary Howard', 'https://www.imdb.com/name/nm2674188/?ref_=tt_cl_t_3')"
295,Jules Forsberg-Lary,"('Jules Forsberg-Lary', 'https://www.imdb.com/name/nm4258191/?ref_=tt_cl_t_4')"
296,Rory Fleck Byrne,"('Rory Fleck Byrne', 'https://www.imdb.com/name/nm1454097/?ref_=tt_cl_t_1')"
297,John Doran,"('John Doran', 'https://www.imdb.com/name/nm1453305/?ref_=tt_cl_t_2')"
298,Lauren Farrell,"('Lauren Farrell', 'https://www.imdb.com/name/nm3208088/?ref_=tt_cl_t_3')"
299,Sigrid ten Napel,"('Sigrid ten Napel', 'https://www.imdb.com/name/nm3058021/?ref_=tt_cl_t_4')"
300,Reza Shams Abadi,"('Reza Shams Abadi', 'https://www.imdb.com/name/nm13784611/?ref_=tt_cl_t_1')"
301,Setayesh Shams Abadi,"('Setayesh Shams Abadi', 'https://www.imdb.com/name/nm13784612/?ref_=tt_cl_t_2')"
302,Masoume Afzali,"('Masoume Afzali', 'https://www.imdb.com/name/nm13700351/?ref_=tt_cl_t_3')"
303,Toktam Edalatiniya,"('Toktam Edalatiniya', 'https://www.imdb.com/name/nm12724233/?ref_=tt_cl_t_4')"
304,Samaneh Gonabadiyan,"('Samaneh Gonabadiyan', 'https://www.imdb.com/name/nm13399634/?ref_=tt_cl_t_5')"
305,Nazanin Jalili,"('Nazanin Jalili', 'https://www.imdb.com/name/nm13784624/?ref_=tt_cl_t_6')"
306,Hossein Kheradmand,"('Hossein Kheradmand', 'https://www.imdb.com/name/nm13784614/?ref_=tt_cl_t_7')"
307,Ahmad Mehranfar,"('Ahmad Mehranfar', 'https://www.imdb.com/name/nm3308934/?ref_=tt_cl_t_8')"
308,Raha Mehranfar,"('Raha Mehranfar', 'https://www.imdb.com/name/nm13395446/?ref_=tt_cl_t_9')"
309,Ali Rastgo,"('Ali Rastgo', 'https://www.imdb.com/name/nm13784621/?ref_=tt_cl_t_10')"
310,Michael Coward,"('Michael Coward', 'https://www.imdb.com/name/nm11730673/?ref_=tt_cl_t_1')"
311,Axielle Doddridge,"('Axielle Doddridge', 'https://www.imdb.com/name/nm11371903/?ref_=tt_cl_t_2')"
312,Sasa Lemalu,"('Sasa Lemalu', 'https://www.imdb.com/name/nm11898816/?ref_=tt_cl_t_3')"
313,Zanél Rautenbach,"('Zanél Rautenbach', 'https://www.imdb.com/name/nm13171299/?ref_=tt_cl_t_4')"
314,Maria Velletri,"('Maria Velletri', 'https://www.imdb.com/name/nm6560116/?ref_=tt_cl_t_5')"
315,Anna Wilkinson,"('Anna Wilkinson', 'https://www.imdb.com/name/nm13171300/?ref_=tt_cl_t_6')"
316,Sreya Bhattacharya,"('Sreya Bhattacharya', 'https://www.imdb.com/name/nm10137309/?ref_=tt_cl_t_1')"
317,Aditya Chowdhury,"('Aditya Chowdhury', 'https://www.imdb.com/name/nm13078805/?ref_=tt_cl_t_2')"
318,Ahenjita Ghosh,"('Ahenjita Ghosh', 'https://www.imdb.com/name/nm13078804/?ref_=tt_cl_t_3')"
319,Soumya Majumdar,"('Soumya Majumdar', 'https://www.imdb.com/name/nm8147689/?ref_=tt_cl_t_4')"
320,Soumya Roy Choudhury,"('Soumya Roy Choudhury', 'https://www.imdb.com/name/nm8157946/?ref_=tt_cl_t_5')"
321,Armin Mahdiloo,"('Armin Mahdiloo', 'https://www.imdb.com/name/nm13142934/?ref_=tt_cl_t_1')"
322,Mahsa Bavafa,"('Mahsa Bavafa', 'https://www.imdb.com/name/nm13142935/?ref_=tt_cl_t_2')"
323,Ghazal Mousavi,"('Ghazal Mousavi', 'https://www.imdb.com/name/nm13666521/?ref_=tt_cl_t_3')"
324,Oluwatosin Ayilara,"('Oluwatosin Ayilara', 'https://www.imdb.com/name/nm11720462/?ref_=tt_cl_t_1')"
325,Olugbenga Ayoola,"('Olugbenga Ayoola', 'https://www.imdb.com/name/nm13097900/?ref_=tt_cl_t_2')"
326,Blessing Ofoka Entonu,"('Blessing Ofoka Entonu', 'https://www.imdb.com/name/nm13097902/?ref_=tt_cl_t_3')"
327,Bolu Essien,"('Bolu Essien', 'https://www.imdb.com/name/nm13097898/?ref_=tt_cl_t_4')"
328,Olajide Ibrahim,"('Olajide Ibrahim', 'https://www.imdb.com/name/nm13097903/?ref_=tt_cl_t_5')"
329,Chris Iheuwa,"('Chris Iheuwa', 'https://www.imdb.com/name/nm4256192/?ref_=tt_cl_t_6')"
330,Edwin Oghenekaro,"('Edwin Oghenekaro', 'https://www.imdb.com/name/nm13097899/?ref_=tt_cl_t_7')"
331,Olukoju Oluwole,"('Olukoju Oluwole', 'https://www.imdb.com/name/nm13097901/?ref_=tt_cl_t_8')"
332,Marjan Khaksari,"('Marjan Khaksari', 'https://www.imdb.com/name/nm15639848/?ref_=tt_cl_t_1')"
333,Shwetha Bandekar,"('Shwetha Bandekar', 'https://www.imdb.com/name/nm12112502/?ref_=tt_cl_t_1')"
334,Ravi Jiva,"('Ravi Jiva', 'https://www.imdb.com/name/nm11057421/?ref_=tt_cl_t_2')"
335,Mani,"('Mani', 'https://www.imdb.com/name/nm13167151/?ref_=tt_cl_t_3')"
336,Munna,"('Munna', 'https://www.imdb.com/name/nm13167150/?ref_=tt_cl_t_4')"
337,Aarthi Ramkumar,"('Aarthi Ramkumar', 'https://www.imdb.com/name/nm11613246/?ref_=tt_cl_t_5')"
338,Alyssa Gualdrapa,"('Alyssa Gualdrapa', 'https://www.imdb.com/name/nm13144958/?ref_=tt_cl_t_1')"
339,Kristyl Juanero,"('Kristyl Juanero', 'https://www.imdb.com/name/nm13144959/?ref_=tt_cl_t_2')"
340,Vina Tualla,"('Vina Tualla', 'https://www.imdb.com/name/nm13144957/?ref_=tt_cl_t_3')"
341,Juanita Jennings,"('Juanita Jennings', 'https://www.imdb.com/name/nm0421188/?ref_=tt_cl_t_1')"
342,Chanye Dunning,"('Chanye Dunning', 'https://www.imdb.com/name/nm9961482/?ref_=tt_cl_t_2')"
343,Angela Elayne Gibbs,"('Angela Elayne Gibbs', 'https://www.imdb.com/name/nm0589900/?ref_=tt_cl_t_3')"
344,LaShada Jackson,"('LaShada Jackson', 'https://www.imdb.com/name/nm5382988/?ref_=tt_cl_t_4')"
345,Cammie Middleton,"('Cammie Middleton', 'https://www.imdb.com/name/nm9792732/?ref_=tt_cl_t_5')"
346,Mário Alves,"('Mário Alves', 'https://www.imdb.com/name/nm13125291/?ref_=tt_cl_t_1')"
347,Tino de Rans,"('Tino de Rans', 'https://www.imdb.com/name/nm2569078/?ref_=tt_cl_t_2')"
348,Mónica Ferreira,"('Mónica Ferreira', 'https://www.imdb.com/name/nm4812181/?ref_=tt_cl_t_3')"
349,Ibrahim Begg,"('Ibrahim Begg', 'https://www.imdb.com/name/nm13129979/?ref_=tt_cl_t_1')"
350,Kelly McCormack,"('Kelly McCormack', 'https://www.imdb.com/name/nm6360151/?ref_=tt_cl_t_2')"
351,Sheleah Natanya,"('Sheleah Natanya', 'https://www.imdb.com/name/nm12851752/?ref_=tt_cl_t_3')"
352,Gemma-Louise Sharman,"('Gemma-Louise Sharman', 'https://www.imdb.com/name/nm8990448/?ref_=tt_cl_t_4')"
353,Anton Bex,"('Anton Bex', 'https://www.imdb.com/name/nm6300918/?ref_=tt_cl_t_1')"
354,Breanna Bunevacz,"('Breanna Bunevacz', 'https://www.imdb.com/name/nm6109113/?ref_=tt_cl_t_2')"
355,Louis Carreon,"('Louis Carreon', 'https://www.imdb.com/name/nm4983602/?ref_=tt_cl_t_3')"
356,Marco Carreon,"('Marco Carreon', 'https://www.imdb.com/name/nm13154442/?ref_=tt_cl_t_4')"
357,Richie Chance,"('Richie Chance', 'https://www.imdb.com/name/nm1091940/?ref_=tt_cl_t_5')"
358,Tim Chonacas,"('Tim Chonacas', 'https://www.imdb.com/name/nm3824555/?ref_=tt_cl_t_6')"
359,Aramis Knight,"('Aramis Knight', 'https://www.imdb.com/name/nm2026536/?ref_=tt_cl_t_7')"
360,Danielle Mallory,"('Danielle Mallory', 'https://www.imdb.com/name/nm8628372/?ref_=tt_cl_t_8')"
361,Ryan Padilla,"('Ryan Padilla', 'https://www.imdb.com/name/nm7065844/?ref_=tt_cl_t_9')"
362,Khylin Rhambo,"('Khylin Rhambo', 'https://www.imdb.com/name/nm4240577/?ref_=tt_cl_t_10')"
363,Mike Misslin,"('Mike Misslin', 'https://www.imdb.com/name/nm13172963/?ref_=tt_cl_t_1')"
364,Glenn Plotner,"('Glenn Plotner', 'https://www.imdb.com/name/nm13172964/?ref_=tt_cl_t_2')"
365,Anelia Sutton,"('Anelia Sutton', 'https://www.imdb.com/name/nm13916771/?ref_=tt_cl_t_3')"
366,Sarah Cronk,"('Sarah Cronk', 'https://www.imdb.com/name/nm3827139/?ref_=tt_cl_t_1')"
367,Jiovanni Daniel,"('Jiovanni Daniel', 'https://www.imdb.com/name/nm10600263/?ref_=tt_cl_t_2')"
368,Travis McClung,"('Travis McClung', 'https://www.imdb.com/name/nm6053453/?ref_=tt_cl_t_3')"
369,Levin Valayil,"('Levin Valayil', 'https://www.imdb.com/name/nm7474945/?ref_=tt_cl_t_4')"
370,Lauren Young,"('Lauren Young', 'https://www.imdb.com/name/nm13152841/?ref_=tt_cl_t_1')"
371,Neelum Shukla,"('Neelum Shukla', 'https://www.imdb.com/name/nm13047311/?ref_=tt_cl_t_1')"
372,Vaishnavi Shukla,"('Vaishnavi Shukla', 'https://www.imdb.com/name/nm12473604/?ref_=tt_cl_t_2')"
373,Heba Alkhatib,"('Heba Alkhatib', 'https://www.imdb.com/name/nm13080361/?ref_=tt_cl_t_1')"
374,Linn Alkhatib,"('Linn Alkhatib', 'https://www.imdb.com/name/nm13080365/?ref_=tt_cl_t_2')"
375,Tulay Bchmaf,"('Tulay Bchmaf', 'https://www.imdb.com/name/nm13080359/?ref_=tt_cl_t_3')"
376,Huda Deir,"('Huda Deir', 'https://www.imdb.com/name/nm13080360/?ref_=tt_cl_t_4')"
377,Nazek Deir,"('Nazek Deir', 'https://www.imdb.com/name/nm13080364/?ref_=tt_cl_t_5')"
378,Srmad Doughouz,"('Srmad Doughouz', 'https://www.imdb.com/name/nm13080362/?ref_=tt_cl_t_6')"
379,Sina Huazheva,"('Sina Huazheva', 'https://www.imdb.com/name/nm13080363/?ref_=tt_cl_t_7')"
380,Alix Yumi Cho,"('Alix Yumi Cho', 'https://www.imdb.com/name/nm11429373/?ref_=tt_cl_t_1')"
381,Kasey Furginson,"('Kasey Furginson', 'https://www.imdb.com/name/nm10385986/?ref_=tt_cl_t_2')"
382,Brian Ting,"('Brian Ting', 'https://www.imdb.com/name/nm9718746/?ref_=tt_cl_t_3')"
383,Jurij Drevensek,"('Jurij Drevensek', 'https://www.imdb.com/name/nm3515033/?ref_=tt_cl_t_1')"
384,Lucka Pockaj,"('Lucka Pockaj', 'https://www.imdb.com/name/nm0687887/?ref_=tt_cl_t_2')"
385,Branko Zavrsan,"('Branko Zavrsan', 'https://www.imdb.com/name/nm0953823/?ref_=tt_cl_t_3')"
386,Shaun Foley,"('Shaun Foley', 'https://www.imdb.com/name/nm5012785/?ref_=tt_cl_t_1')"
387,Trevor Cochrane,"('Trevor Cochrane', 'https://www.imdb.com/name/nm13114201/?ref_=tt_cl_t_2')"
388,Michael Hastings,"('Michael Hastings', 'https://www.imdb.com/name/nm8760705/?ref_=tt_cl_t_1')"
389,Brandon Hofmann,"('Brandon Hofmann', 'https://www.imdb.com/name/nm9033654/?ref_=tt_cl_t_2')"
390,Sara Humbert,"('Sara Humbert', 'https://www.imdb.com/name/nm6474089/?ref_=tt_cl_t_3')"
391,Zach Lane,"('Zach Lane', 'https://www.imdb.com/name/nm8874320/?ref_=tt_cl_t_4')"
392,Dina Najjar,"('Dina Najjar', 'https://www.imdb.com/name/nm4625368/?ref_=tt_cl_t_5')"
393,Hannah Pawlak,"('Hannah Pawlak', 'https://www.imdb.com/name/nm12933074/?ref_=tt_cl_t_6')"
394,Selah Pawlak,"('Selah Pawlak', 'https://www.imdb.com/name/nm12933075/?ref_=tt_cl_t_7')"
395,Carol Saragusa,"('Carol Saragusa', 'https://www.imdb.com/name/nm3645706/?ref_=tt_cl_t_8')"
396,Jim Serrano,"('Jim Serrano', 'https://www.imdb.com/name/nm5951999/?ref_=tt_cl_t_9')"
397,Mackenzie Rae Zara,"('Mackenzie Rae Zara', 'https://www.imdb.com/name/nm2853674/?ref_=tt_cl_t_10')"
398,Kellija Beloraga,"('Kellija Beloraga', 'https://www.imdb.com/name/nm13232194/?ref_=tt_cl_t_1')"
399,Grace Bennet,"('Grace Bennet', 'https://www.imdb.com/name/nm13232195/?ref_=tt_cl_t_2')"
400,Luke Spellacy Shaw,"('Luke Spellacy Shaw', 'https://www.imdb.com/name/nm11023043/?ref_=tt_cl_t_3')"
401,Dillon White,"('Dillon White', 'https://www.imdb.com/name/nm5541710/?ref_=tt_cl_t_4')"
402,Serafina Bennett,"('Serafina Bennett', 'https://www.imdb.com/name/nm10004085/?ref_=tt_cl_t_1')"
403,Matthew Gouveia,"('Matthew Gouveia', 'https://www.imdb.com/name/nm8088536/?ref_=tt_cl_t_2')"
404,Kelly Van der Burg,"('Kelly Van der Burg', 'https://www.imdb.com/name/nm5367806/?ref_=tt_cl_t_3')"
