,name,link
0,Atticus Cohen-Yelle,"('Atticus Cohen-Yelle', 'https://www.imdb.com/name/nm10324865/?ref_=tt_cl_t_1')"
1,Destiny Dalton,"('Destiny Dalton', 'https://www.imdb.com/name/nm13259002/?ref_=tt_cl_t_2')"
2,Virginie Kisiela,"('Virginie Kisiela', 'https://www.imdb.com/name/nm10119198/?ref_=tt_cl_t_3')"
3,Fernanda Lobo,"('Fernanda Lobo', 'https://www.imdb.com/name/nm12951288/?ref_=tt_cl_t_4')"
4,Kylan McKenzie,"('Kylan McKenzie', 'https://www.imdb.com/name/nm13259009/?ref_=tt_cl_t_5')"
5,Daisy Meissner,"('Daisy Meissner', 'https://www.imdb.com/name/nm13259004/?ref_=tt_cl_t_6')"
6,Sayo Onishi,"('Sayo Onishi', 'https://www.imdb.com/name/nm12891905/?ref_=tt_cl_t_7')"
7,Marlon Romero,"('Marlon Romero', 'https://www.imdb.com/name/nm13259005/?ref_=tt_cl_t_8')"
8,Tianna Routley,"('Tianna Routley', 'https://www.imdb.com/name/nm13259003/?ref_=tt_cl_t_9')"
9,Alberto Sanchez,"('Alberto Sanchez', 'https://www.imdb.com/name/nm13259006/?ref_=tt_cl_t_10')"
10,Cris Ruiz,"('Cris Ruiz', 'https://www.imdb.com/name/nm9456743/?ref_=tt_cl_t_1')"
11,Teck,"('Teck', 'https://www.imdb.com/name/nm12302995/?ref_=tt_cl_t_2')"
12,Marko Almado Jr.,"('Marko Almado Jr.', 'https://www.imdb.com/name/nm12673263/?ref_=tt_cl_t_1')"
13,Adan James Carrillo,"('Adan James Carrillo', 'https://www.imdb.com/name/nm6893053/?ref_=tt_cl_t_2')"
14,Alex Gasca,"('Alex Gasca', 'https://www.imdb.com/name/nm12217142/?ref_=tt_cl_t_3')"
15,Curt Sell,"('Curt Sell', 'https://www.imdb.com/name/nm12693105/?ref_=tt_cl_t_4')"
16,Luke Sell,"('Luke Sell', 'https://www.imdb.com/name/nm12217139/?ref_=tt_cl_t_5')"
17,Oscar Valdivia,"('Oscar Valdivia', 'https://www.imdb.com/name/nm12217141/?ref_=tt_cl_t_6')"
18,Elisa McRae,"('Elisa McRae', 'https://www.imdb.com/name/nm6700475/?ref_=tt_cl_t_1')"
19,Courtney Richter,"('Courtney Richter', 'https://www.imdb.com/name/nm4923836/?ref_=tt_cl_t_2')"
20,Yanet Sedano,"('Yanet Sedano', 'https://www.imdb.com/name/nm6864287/?ref_=tt_cl_t_1')"
21,Emmanuel Okaury,"('Emmanuel Okaury', 'https://www.imdb.com/name/nm7445547/?ref_=tt_cl_t_2')"
22,Tanya Del Castillo,"('Tanya Del Castillo', 'https://www.imdb.com/name/nm12295483/?ref_=tt_cl_t_3')"
23,Omar Montemar,"('Omar Montemar', 'https://www.imdb.com/name/nm12295477/?ref_=tt_cl_t_4')"
24,Paulina González Rosas,"('Paulina González Rosas', 'https://www.imdb.com/name/nm13134326/?ref_=tt_cl_t_5')"
25,Kike Hoyos,"('Kike Hoyos', 'https://www.imdb.com/name/nm13136729/?ref_=tt_cl_t_6')"
26,Sam Marra,"('Sam Marra', 'https://www.imdb.com/name/nm4913306/?ref_=tt_cl_t_1')"
27,Manon Halliburton,"('Manon Halliburton', 'https://www.imdb.com/name/nm1478299/?ref_=tt_cl_t_2')"
28,Alejandra Zapico,"('Alejandra Zapico', 'https://www.imdb.com/name/nm11596689/?ref_=tt_cl_t_3')"
29,Davis DeRock,"('Davis DeRock', 'https://www.imdb.com/name/nm4208163/?ref_=tt_cl_t_4')"
30,Mari D'Alessandro,"(""Mari D'Alessandro"", 'https://www.imdb.com/name/nm13120481/?ref_=tt_cl_t_1')"
31,Amethyst Fanning,"('Amethyst Fanning', 'https://www.imdb.com/name/nm13120480/?ref_=tt_cl_t_2')"
32,Eli Jovanovic,"('Eli Jovanovic', 'https://www.imdb.com/name/nm13120479/?ref_=tt_cl_t_3')"
33,John Loethen,"('John Loethen', 'https://www.imdb.com/name/nm13120482/?ref_=tt_cl_t_4')"
34,Maxime Gorbatchevsky,"('Maxime Gorbatchevsky', 'https://www.imdb.com/name/nm9415613/?ref_=tt_cl_t_1')"
35,Tianyi Lin,"('Tianyi Lin', 'https://www.imdb.com/name/nm13515931/?ref_=tt_cl_t_2')"
36,Assadour Matthey,"('Assadour Matthey', 'https://www.imdb.com/name/nm13515933/?ref_=tt_cl_t_3')"
37,Nicolas Mayorga Ramirez,"('Nicolas Mayorga Ramirez', 'https://www.imdb.com/name/nm13515932/?ref_=tt_cl_t_4')"
38,Nora Smith,"('Nora Smith', 'https://www.imdb.com/name/nm13268541/?ref_=tt_cl_t_5')"
39,Max Wuchner,"('Max Wuchner', 'https://www.imdb.com/name/nm9592988/?ref_=tt_cl_t_6')"
40,Álvaro Alfonso,"('Álvaro Alfonso', 'https://www.imdb.com/name/nm14023294/?ref_=tt_cl_t_1')"
41,Teda Bertrand,"('Teda Bertrand', 'https://www.imdb.com/name/nm11169037/?ref_=tt_cl_t_2')"
42,Daysi Henríquez,"('Daysi Henríquez', 'https://www.imdb.com/name/nm14023293/?ref_=tt_cl_t_3')"
43,Álvaro Jiménez,"('Álvaro Jiménez', 'https://www.imdb.com/name/nm14023295/?ref_=tt_cl_t_4')"
44,Mónica Sanz,"('Mónica Sanz', 'https://www.imdb.com/name/nm12397886/?ref_=tt_cl_t_5')"
45,Cesar Romano Tomasino,"('Cesar Romano Tomasino', 'https://www.imdb.com/name/nm8837813/?ref_=tt_cl_t_6')"
46,María Cano Gil,"('María Cano Gil', 'https://www.imdb.com/name/nm12959982/?ref_=tt_cl_t_1')"
47,Mònica Giménez,"('Mònica Giménez', 'https://www.imdb.com/name/nm10589730/?ref_=tt_cl_t_2')"
48,Jamie Dawson,"('Jamie Dawson', 'https://www.imdb.com/name/nm13182957/?ref_=tt_cl_t_1')"
49,Stefanie Lee,"('Stefanie Lee', 'https://www.imdb.com/name/nm13182955/?ref_=tt_cl_t_2')"
50,Xavier Scott,"('Xavier Scott', 'https://www.imdb.com/name/nm13182958/?ref_=tt_cl_t_3')"
51,Don Smallwood,"('Don Smallwood', 'https://www.imdb.com/name/nm13182956/?ref_=tt_cl_t_4')"
52,Marcus Mortland,"('Marcus Mortland', 'https://www.imdb.com/name/nm9378316/?ref_=tt_cl_t_1')"
53,Max Sjöstrand,"('Max Sjöstrand', 'https://www.imdb.com/name/nm5442336/?ref_=tt_cl_t_1')"
54,Valdemar Wredler Wennstrôm,"('Valdemar Wredler Wennstrôm', 'https://www.imdb.com/name/nm9573244/?ref_=tt_cl_t_2')"
55,Mélanie Page,"('Mélanie Page', 'https://www.imdb.com/name/nm0656288/?ref_=tt_cl_t_1')"
56,Emmanuelle Montaud,"('Emmanuelle Montaud', 'https://www.imdb.com/name/nm10696476/?ref_=tt_cl_t_2')"
57,Yoann Besnard,"('Yoann Besnard', 'https://www.imdb.com/name/nm13165868/?ref_=tt_cl_t_3')"
58,Constance Chukwu,"('Constance Chukwu', 'https://www.imdb.com/name/nm13237913/?ref_=tt_cl_t_1')"
59,William Ibiang,"('William Ibiang', 'https://www.imdb.com/name/nm13237911/?ref_=tt_cl_t_2')"
60,Confidence Iwara,"('Confidence Iwara', 'https://www.imdb.com/name/nm13237907/?ref_=tt_cl_t_3')"
61,Akamba Otu,"('Akamba Otu', 'https://www.imdb.com/name/nm13237914/?ref_=tt_cl_t_4')"
62,Precious Ikpi Otu,"('Precious Ikpi Otu', 'https://www.imdb.com/name/nm13237908/?ref_=tt_cl_t_5')"
63,Rebecca Ubi,"('Rebecca Ubi', 'https://www.imdb.com/name/nm13237909/?ref_=tt_cl_t_6')"
64,Stella James Ubi,"('Stella James Ubi', 'https://www.imdb.com/name/nm13237912/?ref_=tt_cl_t_7')"
65,Janet Utum,"('Janet Utum', 'https://www.imdb.com/name/nm13237910/?ref_=tt_cl_t_8')"
66,Damien Molony,"('Damien Molony', 'https://www.imdb.com/name/nm3729877/?ref_=tt_cl_t_1')"
67,Emmeline Hartley,"('Emmeline Hartley', 'https://www.imdb.com/name/nm6817311/?ref_=tt_cl_t_2')"
68,Samantha Badman,"('Samantha Badman', 'https://www.imdb.com/name/nm8429324/?ref_=tt_cl_t_3')"
69,Becks Macey,"('Becks Macey', 'https://www.imdb.com/name/nm10662881/?ref_=tt_cl_t_4')"
70,James Pyle,"('James Pyle', 'https://www.imdb.com/name/nm5492223/?ref_=tt_cl_t_5')"
71,Alex Reed,"('Alex Reed', 'https://www.imdb.com/name/nm5136958/?ref_=tt_cl_t_6')"
72,John H. Shelton,"('John H. Shelton', 'https://www.imdb.com/name/nm3051438/?ref_=tt_cl_t_7')"
73,Kelli Tager,"('Kelli Tager', 'https://www.imdb.com/name/nm1443836/?ref_=tt_cl_t_8')"
74,Nathan L Weller,"('Nathan L Weller', 'https://www.imdb.com/name/nm10043127/?ref_=tt_cl_t_9')"
75,Tarai Alexander,"('Tarai Alexander', 'https://www.imdb.com/name/nm10239272/?ref_=tt_cl_t_1')"
76,Orlando Anderson,"('Orlando Anderson', 'https://www.imdb.com/name/nm12144824/?ref_=tt_cl_t_2')"
77,Bj Bowman,"('Bj Bowman', 'https://www.imdb.com/name/nm8546731/?ref_=tt_cl_t_3')"
78,Tina Bridges,"('Tina Bridges', 'https://www.imdb.com/name/nm8342649/?ref_=tt_cl_t_4')"
79,C. Nathaniel Brown,"('C. Nathaniel Brown', 'https://www.imdb.com/name/nm4516311/?ref_=tt_cl_t_5')"
80,Taliyah Brown,"('Taliyah Brown', 'https://www.imdb.com/name/nm13127483/?ref_=tt_cl_t_6')"
81,Thelma C. Brown,"('Thelma C. Brown', 'https://www.imdb.com/name/nm10215534/?ref_=tt_cl_t_7')"
82,Tristan DeGeon,"('Tristan DeGeon', 'https://www.imdb.com/name/nm13158158/?ref_=tt_cl_t_8')"
83,Anthony Velvet Hall,"('Anthony Velvet Hall', 'https://www.imdb.com/name/nm9593291/?ref_=tt_cl_t_9')"
84,Chad Hawkins,"('Chad Hawkins', 'https://www.imdb.com/name/nm7984206/?ref_=tt_cl_t_10')"
85,Michelle Coenen,"('Michelle Coenen', 'https://www.imdb.com/name/nm11167707/?ref_=tt_cl_t_1')"
86,Matthias Kress,"('Matthias Kress', 'https://www.imdb.com/name/nm1002760/?ref_=tt_cl_t_2')"
87,Christos Raptis,"('Christos Raptis', 'https://www.imdb.com/name/nm10431007/?ref_=tt_cl_t_3')"
88,Michaela Behal,"('Michaela Behal', 'https://www.imdb.com/name/nm2476694/?ref_=tt_cl_t_4')"
89,Kyle Carrell,"('Kyle Carrell', 'https://www.imdb.com/name/nm13101836/?ref_=tt_cl_t_1')"
90,Lucas Charafi,"('Lucas Charafi', 'https://www.imdb.com/name/nm11895735/?ref_=tt_cl_t_2')"
91,Michael Forsch,"('Michael Forsch', 'https://www.imdb.com/name/nm0286829/?ref_=tt_cl_t_3')"
92,Trina Colon,"('Trina Colon', 'https://www.imdb.com/name/nm4639109/?ref_=tt_cl_t_4')"
93,Mervin Alexander,"('Mervin Alexander', 'https://www.imdb.com/name/nm6333447/?ref_=tt_cl_t_5')"
94,Zach Chyz,"('Zach Chyz', 'https://www.imdb.com/name/nm8788404/?ref_=tt_cl_t_6')"
95,Kevin L. Sanders,"('Kevin L. Sanders', 'https://www.imdb.com/name/nm9952188/?ref_=tt_cl_t_7')"
96,Drew Aber,"('Drew Aber', 'https://www.imdb.com/name/nm9587003/?ref_=tt_cl_t_8')"
97,Cameron Rankin,"('Cameron Rankin', 'https://www.imdb.com/name/nm5734650/?ref_=tt_cl_t_9')"
98,Steven Fehr,"('Steven Fehr', 'https://www.imdb.com/name/nm4405488/?ref_=tt_cl_t_10')"
99,Cameron Guile,"('Cameron Guile', 'https://www.imdb.com/name/nm8894967/?ref_=tt_cl_t_1')"
100,Ian J. Askew,"('Ian J. Askew', 'https://www.imdb.com/name/nm9350281/?ref_=tt_cl_t_2')"
101,Cristal Casellas,"('Cristal Casellas', 'https://www.imdb.com/name/nm6654991/?ref_=tt_cl_t_3')"
102,Kai Ali,"('Kai Ali', 'https://www.imdb.com/name/nm9430158/?ref_=tt_cl_t_4')"
103,Daquan Ali,"('Daquan Ali', 'https://www.imdb.com/name/nm9554765/?ref_=tt_cl_t_5')"
104,John Dingle,"('John Dingle', 'https://www.imdb.com/name/nm9350289/?ref_=tt_cl_t_6')"
105,Donald Taylor,"('Donald Taylor', 'https://www.imdb.com/name/nm7863483/?ref_=tt_cl_t_7')"
106,Stephen Dent,"('Stephen Dent', 'https://www.imdb.com/name/nm9350285/?ref_=tt_cl_t_8')"
107,Mike William,"('Mike William', 'https://www.imdb.com/name/nm9350287/?ref_=tt_cl_t_9')"
108,Zay Billz,"('Zay Billz', 'https://www.imdb.com/name/nm9350284/?ref_=tt_cl_t_10')"
109,Colin Carnegie,"('Colin Carnegie', 'https://www.imdb.com/name/nm1794801/?ref_=tt_cl_t_1')"
110,Corey McKinley,"('Corey McKinley', 'https://www.imdb.com/name/nm6224804/?ref_=tt_cl_t_2')"
111,Nathan Quinn-O'Rawe,"(""Nathan Quinn-O'Rawe"", 'https://www.imdb.com/name/nm10944123/?ref_=tt_cl_t_3')"
112,Monika Celina,"('Monika Celina', 'https://www.imdb.com/name/nm10924140/?ref_=tt_cl_t_1')"
113,Christina Völz,"('Christina Völz', 'https://www.imdb.com/name/nm7629282/?ref_=tt_cl_t_2')"
114,Julius Robin Weigel,"('Julius Robin Weigel', 'https://www.imdb.com/name/nm9709610/?ref_=tt_cl_t_3')"
115,Brad Crandall,"('Brad Crandall', 'https://www.imdb.com/name/nm6692218/?ref_=tt_cl_t_1')"
116,Ashlynn Hunsinger,"('Ashlynn Hunsinger', 'https://www.imdb.com/name/nm6692221/?ref_=tt_cl_t_2')"
117,Kevin V. Doan,"('Kevin V. Doan', 'https://www.imdb.com/name/nm11387389/?ref_=tt_cl_t_1')"
118,Xuanyi Wang,"('Xuanyi Wang', 'https://www.imdb.com/name/nm13366384/?ref_=tt_cl_t_2')"
119,Somesh Agarwal,"('Somesh Agarwal', 'https://www.imdb.com/name/nm1326262/?ref_=tt_cl_t_1')"
120,Aisha Ahmed,"('Aisha Ahmed', 'https://www.imdb.com/name/nm9389735/?ref_=tt_cl_t_2')"
121,Yug Pandya,"('Yug Pandya', 'https://www.imdb.com/name/nm13236176/?ref_=tt_cl_t_3')"
122,Amrita Puri,"('Amrita Puri', 'https://www.imdb.com/name/nm3629670/?ref_=tt_cl_t_4')"
123,Nishank Verma,"('Nishank Verma', 'https://www.imdb.com/name/nm10253297/?ref_=tt_cl_t_5')"
124,Joseph Khan,"('Joseph Khan', 'https://www.imdb.com/name/nm3400150/?ref_=tt_cl_t_1')"
125,Birkir Ingi Bjarnason,"('Birkir Ingi Bjarnason', 'https://www.imdb.com/name/nm9722384/?ref_=tt_cl_t_1')"
126,Lea Fuglsang,"('Lea Fuglsang', 'https://www.imdb.com/name/nm10227385/?ref_=tt_cl_t_2')"
127,Kenneth Matthes,"('Kenneth Matthes', 'https://www.imdb.com/name/nm11407900/?ref_=tt_cl_t_3')"
128,Sofie Stougaard,"('Sofie Stougaard', 'https://www.imdb.com/name/nm0832831/?ref_=tt_cl_t_4')"
129,Muttalip Müjdeci,"('Muttalip Müjdeci', 'https://www.imdb.com/name/nm6659652/?ref_=tt_cl_t_1')"
130,Kian Alipanah,"('Kian Alipanah', 'https://www.imdb.com/name/nm10595915/?ref_=tt_cl_t_1')"
131,Amir Mohammad Karimi,"('Amir Mohammad Karimi', 'https://www.imdb.com/name/nm13155631/?ref_=tt_cl_t_2')"
132,Ali Sarlak,"('Ali Sarlak', 'https://www.imdb.com/name/nm13155633/?ref_=tt_cl_t_3')"
133,Yalda Sarrafi,"('Yalda Sarrafi', 'https://www.imdb.com/name/nm13155632/?ref_=tt_cl_t_4')"
134,Ali Taheri,"('Ali Taheri', 'https://www.imdb.com/name/nm13155630/?ref_=tt_cl_t_5')"
135,Michael Liuzza,"('Michael Liuzza', 'https://www.imdb.com/name/nm3885650/?ref_=tt_cl_t_1')"
136,Daniel Gumbs,"('Daniel Gumbs', 'https://www.imdb.com/name/nm12695906/?ref_=tt_cl_t_1')"
137,María Ivonne Mera,"('María Ivonne Mera', 'https://www.imdb.com/name/nm12695907/?ref_=tt_cl_t_2')"
138,Edgar Bravo,"('Edgar Bravo', 'https://www.imdb.com/name/nm12695908/?ref_=tt_cl_t_3')"
139,Pancho Lionel Delgado,"('Pancho Lionel Delgado', 'https://www.imdb.com/name/nm12695909/?ref_=tt_cl_t_4')"
140,Bryson Bonta,"('Bryson Bonta', 'https://www.imdb.com/name/nm9692676/?ref_=tt_cl_t_1')"
141,Mike Bravo,"('Mike Bravo', 'https://www.imdb.com/name/nm12840269/?ref_=tt_cl_t_2')"
142,Daniel Charles DesVerges,"('Daniel Charles DesVerges', 'https://www.imdb.com/name/nm12191494/?ref_=tt_cl_t_3')"
143,Alex Javo,"('Alex Javo', 'https://www.imdb.com/name/nm9957142/?ref_=tt_cl_t_4')"
144,Mitch Lemos,"('Mitch Lemos', 'https://www.imdb.com/name/nm3272957/?ref_=tt_cl_t_5')"
145,Sean Manos,"('Sean Manos', 'https://www.imdb.com/name/nm5816494/?ref_=tt_cl_t_6')"
146,Aidan Thomas Moua,"('Aidan Thomas Moua', 'https://www.imdb.com/name/nm10669304/?ref_=tt_cl_t_7')"
147,Ford Nelson,"('Ford Nelson', 'https://www.imdb.com/name/nm10311915/?ref_=tt_cl_t_8')"
148,Niko'a Salas,"(""Niko'a Salas"", 'https://www.imdb.com/name/nm7899568/?ref_=tt_cl_t_9')"
149,Dustin Vitale,"('Dustin Vitale', 'https://www.imdb.com/name/nm7799997/?ref_=tt_cl_t_10')"
150,Issam Ashkar,"('Issam Ashkar', 'https://www.imdb.com/name/nm13177752/?ref_=tt_cl_t_1')"
151,Anis Nassereddine,"('Anis Nassereddine', 'https://www.imdb.com/name/nm13177753/?ref_=tt_cl_t_2')"
152,Triston Dye,"('Triston Dye', 'https://www.imdb.com/name/nm8823344/?ref_=tt_cl_t_1')"
153,Jemarcus Kilgore,"('Jemarcus Kilgore', 'https://www.imdb.com/name/nm9756926/?ref_=tt_cl_t_2')"
154,Kalie-Ann Nassoura,"('Kalie-Ann Nassoura', 'https://www.imdb.com/name/nm11067971/?ref_=tt_cl_t_3')"
155,Grace VandeWaa,"('Grace VandeWaa', 'https://www.imdb.com/name/nm13146734/?ref_=tt_cl_t_4')"
156,Tyriq Withers,"('Tyriq Withers', 'https://www.imdb.com/name/nm10635159/?ref_=tt_cl_t_5')"
157,Stefano Accorsi,"('Stefano Accorsi', 'https://www.imdb.com/name/nm0009629/?ref_=tt_cl_t_1')"
158,Rie Emoto,"('Rie Emoto', 'https://www.imdb.com/name/nm1912436/?ref_=tt_cl_t_1')"
159,Ken Mitsuishi,"('Ken Mitsuishi', 'https://www.imdb.com/name/nm0594073/?ref_=tt_cl_t_2')"
160,Yuki Yamamoto,"('Yuki Yamamoto', 'https://www.imdb.com/name/nm11878970/?ref_=tt_cl_t_3')"
161,Katherine Grant-Suttie,"('Katherine Grant-Suttie', 'https://www.imdb.com/name/nm3996799/?ref_=tt_cl_t_1')"
162,Murren Kennedy,"('Murren Kennedy', 'https://www.imdb.com/name/nm7521777/?ref_=tt_cl_t_2')"
163,Keith Dougherty,"('Keith Dougherty', 'https://www.imdb.com/name/nm3400072/?ref_=tt_cl_t_1')"
164,Paul Henry,"('Paul Henry', 'https://www.imdb.com/name/nm13152713/?ref_=tt_cl_t_2')"
165,Cameron Bell,"('Cameron Bell', 'https://www.imdb.com/name/nm6401591/?ref_=tt_cl_t_1')"
166,Eva Danino,"('Eva Danino', 'https://www.imdb.com/name/nm9612983/?ref_=tt_cl_t_1')"
167,Jade Faye,"('Jade Faye', 'https://www.imdb.com/name/nm13155400/?ref_=tt_cl_t_2')"
168,Maylis Ghorra,"('Maylis Ghorra', 'https://www.imdb.com/name/nm10394525/?ref_=tt_cl_t_3')"
169,Perrine Mechekour,"('Perrine Mechekour', 'https://www.imdb.com/name/nm13155401/?ref_=tt_cl_t_4')"
170,Khaled Alouach,"('Khaled Alouach', 'https://www.imdb.com/name/nm8587050/?ref_=tt_cl_t_1')"
171,Pascale Arbillot,"('Pascale Arbillot', 'https://www.imdb.com/name/nm0033389/?ref_=tt_cl_t_2')"
172,Théo Christine,"('Théo Christine', 'https://www.imdb.com/name/nm9065614/?ref_=tt_cl_t_3')"
173,Justine Garcia,"('Justine Garcia', 'https://www.imdb.com/name/nm12848129/?ref_=tt_cl_t_4')"
174,Nailia Harzoune,"('Nailia Harzoune', 'https://www.imdb.com/name/nm3023008/?ref_=tt_cl_t_6')"
175,Antoine Reinartz,"('Antoine Reinartz', 'https://www.imdb.com/name/nm6995530/?ref_=tt_cl_t_7')"
176,Charles Brent,"('Charles Brent', 'https://www.imdb.com/name/nm7769998/?ref_=tt_cl_t_1')"
177,Sarah Edwards,"('Sarah Edwards', 'https://www.imdb.com/name/nm11385071/?ref_=tt_cl_t_2')"
178,Andreea Chelesu,"('Andreea Chelesu', 'https://www.imdb.com/name/nm12394353/?ref_=tt_cl_t_1')"
179,Andrei Cosmin,"('Andrei Cosmin', 'https://www.imdb.com/name/nm12394352/?ref_=tt_cl_t_2')"
180,Csilla Albert,"('Csilla Albert', 'https://www.imdb.com/name/nm6996638/?ref_=tt_cl_t_1')"
181,Noémi Szántusz,"('Noémi Szántusz', 'https://www.imdb.com/name/nm13206557/?ref_=tt_cl_t_2')"
182,Áron Dimény,"('Áron Dimény', 'https://www.imdb.com/name/nm1237560/?ref_=tt_cl_t_3')"
183,Áron Sárosi,"('Áron Sárosi', 'https://www.imdb.com/name/nm13206558/?ref_=tt_cl_t_4')"
184,Júlia Albert,"('Júlia Albert', 'https://www.imdb.com/name/nm4799890/?ref_=tt_cl_t_5')"
185,Bajkó Kata,"('Bajkó Kata', 'https://www.imdb.com/name/nm13233097/?ref_=tt_cl_t_6')"
186,Rudolf Molnár,"('Rudolf Molnár', 'https://www.imdb.com/name/nm4800193/?ref_=tt_cl_t_7')"
187,India McCue,"('India McCue', 'https://www.imdb.com/name/nm13077901/?ref_=tt_cl_t_1')"
188,Taylor Abigail Rice,"('Taylor Abigail Rice', 'https://www.imdb.com/name/nm12670987/?ref_=tt_cl_t_2')"
189,John French,"('John French', 'https://www.imdb.com/name/nm9260017/?ref_=tt_cl_t_3')"
190,Bryce Mysona,"('Bryce Mysona', 'https://www.imdb.com/name/nm13099046/?ref_=tt_cl_t_4')"
191,Anthony Joseph Jeannevol,"('Anthony Joseph Jeannevol', 'https://www.imdb.com/name/nm13057184/?ref_=tt_cl_t_1')"
192,Robert Luca,"('Robert Luca', 'https://www.imdb.com/name/nm13173504/?ref_=tt_cl_t_1')"
193,Corey Stefanick,"('Corey Stefanick', 'https://www.imdb.com/name/nm13121529/?ref_=tt_cl_t_1')"
194,Kurtis Stefanick,"('Kurtis Stefanick', 'https://www.imdb.com/name/nm13121528/?ref_=tt_cl_t_2')"
195,Mia Gascon,"('Mia Gascon', 'https://www.imdb.com/name/nm10976829/?ref_=tt_cl_t_1')"
196,Brooke Olivia Gatto,"('Brooke Olivia Gatto', 'https://www.imdb.com/name/nm12686019/?ref_=tt_cl_t_2')"
197,Jodi Moore Lewis,"('Jodi Moore Lewis', 'https://www.imdb.com/name/nm5512663/?ref_=tt_cl_t_3')"
198,Drew Rausch,"('Drew Rausch', 'https://www.imdb.com/name/nm3040388/?ref_=tt_cl_t_4')"
199,Katarena Burke,"('Katarena Burke', 'https://www.imdb.com/name/nm12742367/?ref_=tt_cl_t_1')"
200,Lolia Etomi,"('Lolia Etomi', 'https://www.imdb.com/name/nm7569150/?ref_=tt_cl_t_2')"
201,Leela Gaunt,"('Leela Gaunt', 'https://www.imdb.com/name/nm13211060/?ref_=tt_cl_t_1')"
202,Peter M. George,"('Peter M. George', 'https://www.imdb.com/name/nm4807408/?ref_=tt_cl_t_2')"
203,David Macey,"('David Macey', 'https://www.imdb.com/name/nm5342804/?ref_=tt_cl_t_3')"
204,Mark Hindman Smith,"('Mark Hindman Smith', 'https://www.imdb.com/name/nm4844849/?ref_=tt_cl_t_4')"
205,Joe Spivey,"('Joe Spivey', 'https://www.imdb.com/name/nm5694885/?ref_=tt_cl_t_5')"
206,Corey Wood,"('Corey Wood', 'https://www.imdb.com/name/nm13216542/?ref_=tt_cl_t_6')"
207,B.D. Reid,"('B.D. Reid', 'https://www.imdb.com/name/nm6297987/?ref_=tt_cl_t_1')"
208,Gordon Olivea,"('Gordon Olivea', 'https://www.imdb.com/name/nm8479165/?ref_=tt_cl_t_1')"
209,Luis Domingo,"('Luis Domingo', 'https://www.imdb.com/name/nm13069761/?ref_=tt_cl_t_1')"
210,Berenice Mastretta,"('Berenice Mastretta', 'https://www.imdb.com/name/nm6328765/?ref_=tt_cl_t_2')"
211,Alfonso Otero Mireles,"('Alfonso Otero Mireles', 'https://www.imdb.com/name/nm7450166/?ref_=tt_cl_t_1')"
212,Cari Ramos,"('Cari Ramos', 'https://www.imdb.com/name/nm12307173/?ref_=tt_cl_t_2')"
213,Greg Asay,"('Greg Asay', 'https://www.imdb.com/name/nm13042558/?ref_=tt_cl_t_1')"
214,Richard Schroeder,"('Richard Schroeder', 'https://www.imdb.com/name/nm9141036/?ref_=tt_cl_t_2')"
215,Tim Schroeder,"('Tim Schroeder', 'https://www.imdb.com/name/nm9141031/?ref_=tt_cl_t_3')"
216,Molly Thornton,"('Molly Thornton', 'https://www.imdb.com/name/nm9817725/?ref_=tt_cl_t_4')"
217,Alec Arauzo,"('Alec Arauzo', 'https://www.imdb.com/name/nm12958091/?ref_=tt_cl_t_1')"
218,Demetrio Hronek-Perez,"('Demetrio Hronek-Perez', 'https://www.imdb.com/name/nm12142496/?ref_=tt_cl_t_2')"
219,Dominic Hronek-Perez,"('Dominic Hronek-Perez', 'https://www.imdb.com/name/nm12142495/?ref_=tt_cl_t_3')"
220,Karim Silva,"('Karim Silva', 'https://www.imdb.com/name/nm12142497/?ref_=tt_cl_t_4')"
221,Jonathan Buba,"('Jonathan Buba', 'https://www.imdb.com/name/nm13273873/?ref_=tt_cl_t_1')"
222,Drik's Mabeka,"(""Drik's Mabeka"", 'https://www.imdb.com/name/nm13101605/?ref_=tt_cl_t_2')"
223,Kadhaffi Mbuyamba,"('Kadhaffi Mbuyamba', 'https://www.imdb.com/name/nm10252503/?ref_=tt_cl_t_3')"
224,Christian Kalala,"('Christian Kalala', 'https://www.imdb.com/name/nm13261953/?ref_=tt_cl_t_4')"
225,Sarah Maboso,"('Sarah Maboso', 'https://www.imdb.com/name/nm13101608/?ref_=tt_cl_t_5')"
226,Joe Byrne,"('Joe Byrne', 'https://www.imdb.com/name/nm13256366/?ref_=tt_cl_t_1')"
227,Ella Costello,"('Ella Costello', 'https://www.imdb.com/name/nm13256367/?ref_=tt_cl_t_2')"
228,Tamara Sztanko,"('Tamara Sztanko', 'https://www.imdb.com/name/nm13200326/?ref_=tt_cl_t_3')"
229,Crickett Enos,"('Crickett Enos', 'https://www.imdb.com/name/nm13234346/?ref_=tt_cl_t_1')"
230,Alithia Kimmel,"('Alithia Kimmel', 'https://www.imdb.com/name/nm4222790/?ref_=tt_cl_t_2')"
231,Nicholas D. Lamb,"('Nicholas D. Lamb', 'https://www.imdb.com/name/nm2976831/?ref_=tt_cl_t_3')"
232,Josh Sheppard,"('Josh Sheppard', 'https://www.imdb.com/name/nm13234347/?ref_=tt_cl_t_4')"
233,Max Bogren,"('Max Bogren', 'https://www.imdb.com/name/nm13223115/?ref_=tt_cl_t_1')"
234,Vince Kenn,"('Vince Kenn', 'https://www.imdb.com/name/nm12876906/?ref_=tt_cl_t_2')"
235,Dylan Nouri,"('Dylan Nouri', 'https://www.imdb.com/name/nm4554250/?ref_=tt_cl_t_3')"
236,Jessica Wong,"('Jessica Wong', 'https://www.imdb.com/name/nm13223114/?ref_=tt_cl_t_4')"
237,Renata Berté,"('Renata Berté', 'https://www.imdb.com/name/nm13221491/?ref_=tt_cl_t_1')"
238,Lila Clavo,"('Lila Clavo', 'https://www.imdb.com/name/nm13221489/?ref_=tt_cl_t_2')"
239,Gabriela Fretes,"('Gabriela Fretes', 'https://www.imdb.com/name/nm11149014/?ref_=tt_cl_t_3')"
240,Catalina Giorgi,"('Catalina Giorgi', 'https://www.imdb.com/name/nm13221487/?ref_=tt_cl_t_4')"
241,Matilda Gómez Carabias,"('Matilda Gómez Carabias', 'https://www.imdb.com/name/nm13221494/?ref_=tt_cl_t_5')"
242,Clara Palermo,"('Clara Palermo', 'https://www.imdb.com/name/nm13221488/?ref_=tt_cl_t_6')"
243,Santiago Pinto,"('Santiago Pinto', 'https://www.imdb.com/name/nm12607811/?ref_=tt_cl_t_7')"
244,Patricia Puentes,"('Patricia Puentes', 'https://www.imdb.com/name/nm3614449/?ref_=tt_cl_t_8')"
245,Sofía Speranza,"('Sofía Speranza', 'https://www.imdb.com/name/nm13221492/?ref_=tt_cl_t_9')"
246,Celeste Sánchez,"('Celeste Sánchez', 'https://www.imdb.com/name/nm13221490/?ref_=tt_cl_t_10')"
247,Bamdad Raki,"('Bamdad Raki', 'https://www.imdb.com/name/nm13246922/?ref_=tt_cl_t_1')"
248,Nooshin Masoodian,"('Nooshin Masoodian', 'https://www.imdb.com/name/nm7024429/?ref_=tt_cl_t_2')"
249,Vahid Habibian,"('Vahid Habibian', 'https://www.imdb.com/name/nm10396270/?ref_=tt_cl_t_3')"
250,Taymaz Rezvani,"('Taymaz Rezvani', 'https://www.imdb.com/name/nm13246923/?ref_=tt_cl_t_4')"
251,Bozorgmehr Jomehri,"('Bozorgmehr Jomehri', 'https://www.imdb.com/name/nm11175758/?ref_=tt_cl_t_5')"
252,Karissa Cragun,"('Karissa Cragun', 'https://www.imdb.com/name/nm9795452/?ref_=tt_cl_t_1')"
253,Jack Bell,"('Jack Bell', 'https://www.imdb.com/name/nm13034339/?ref_=tt_cl_t_2')"
254,Jessica N Johnson,"('Jessica N Johnson', 'https://www.imdb.com/name/nm10643094/?ref_=tt_cl_t_3')"
255,Dylan Wood,"('Dylan Wood', 'https://www.imdb.com/name/nm7920193/?ref_=tt_cl_t_4')"
256,Chris Rollins,"('Chris Rollins', 'https://www.imdb.com/name/nm11117480/?ref_=tt_cl_t_5')"
257,Lec Zorn,"('Lec Zorn', 'https://www.imdb.com/name/nm3144877/?ref_=tt_cl_t_6')"
258,Andre Ricarte,"('Andre Ricarte', 'https://www.imdb.com/name/nm13057725/?ref_=tt_cl_t_7')"
259,Robert Del Larco,"('Robert Del Larco', 'https://www.imdb.com/name/nm13057726/?ref_=tt_cl_t_8')"
260,Derek Hutchins,"('Derek Hutchins', 'https://www.imdb.com/name/nm5042007/?ref_=tt_cl_t_9')"
261,Michael Ciesla,"('Michael Ciesla', 'https://www.imdb.com/name/nm2105009/?ref_=tt_cl_t_10')"
262,Kayla A Chavez,"('Kayla A Chavez', 'https://www.imdb.com/name/nm8446600/?ref_=tt_cl_t_1')"
263,Alondra Camarena,"('Alondra Camarena', 'https://www.imdb.com/name/nm10444667/?ref_=tt_cl_t_2')"
264,Kenzo Jett,"('Kenzo Jett', 'https://www.imdb.com/name/nm12472617/?ref_=tt_cl_t_1')"
265,Chase Yi,"('Chase Yi', 'https://www.imdb.com/name/nm3524780/?ref_=tt_cl_t_2')"
266,Sarah Herbert,"('Sarah Herbert', 'https://www.imdb.com/name/nm13268058/?ref_=tt_cl_t_1')"
267,Matthew McGinn,"('Matthew McGinn', 'https://www.imdb.com/name/nm13268059/?ref_=tt_cl_t_2')"
268,Blaise Russo,"('Blaise Russo', 'https://www.imdb.com/name/nm6978287/?ref_=tt_cl_t_3')"
269,Mario Garcia,"('Mario Garcia', 'https://www.imdb.com/name/nm13201179/?ref_=tt_cl_t_1')"
270,Nico Montalvo,"('Nico Montalvo', 'https://www.imdb.com/name/nm13201180/?ref_=tt_cl_t_2')"
271,Avery Garcia,"('Avery Garcia', 'https://www.imdb.com/name/nm13201181/?ref_=tt_cl_t_3')"
272,Alexandra Shaw,"('Alexandra Shaw', 'https://www.imdb.com/name/nm13201182/?ref_=tt_cl_t_4')"
273,Linzi Fenix,"('Linzi Fenix', 'https://www.imdb.com/name/nm6087333/?ref_=tt_cl_t_1')"
274,Matt McGee,"('Matt McGee', 'https://www.imdb.com/name/nm4530436/?ref_=tt_cl_t_2')"
275,Ishika,"('Ishika', 'https://www.imdb.com/name/nm13238914/?ref_=tt_cl_t_1')"
276,Saurabh Karkhanis,"('Saurabh Karkhanis', 'https://www.imdb.com/name/nm7848152/?ref_=tt_cl_t_2')"
277,Siddhi Sardesai,"('Siddhi Sardesai', 'https://www.imdb.com/name/nm13238915/?ref_=tt_cl_t_3')"
278,Mayur Mayekar,"('Mayur Mayekar', 'https://www.imdb.com/name/nm13238916/?ref_=tt_cl_t_4')"
279,Sanvi Mahale,"('Sanvi Mahale', 'https://www.imdb.com/name/nm13238917/?ref_=tt_cl_t_5')"
280,Venkatesh Naik,"('Venkatesh Naik', 'https://www.imdb.com/name/nm13238918/?ref_=tt_cl_t_6')"
281,Chintan,"('Chintan', 'https://www.imdb.com/name/nm11784307/?ref_=tt_cl_t_7')"
282,Isabel M Patterson,"('Isabel M Patterson', 'https://www.imdb.com/name/nm9662093/?ref_=tt_cl_t_1')"
283,Iain Spivey,"('Iain Spivey', 'https://www.imdb.com/name/nm12899128/?ref_=tt_cl_t_2')"
284,Gabi Kerr,"('Gabi Kerr', 'https://www.imdb.com/name/nm12698967/?ref_=tt_cl_t_3')"
285,Lou Bennett,"('Lou Bennett', 'https://www.imdb.com/name/nm13086185/?ref_=tt_cl_t_1')"
286,Zineb Triki,"('Zineb Triki', 'https://www.imdb.com/name/nm3717148/?ref_=tt_cl_t_2')"
287,Carla Besnaïnou,"('Carla Besnaïnou', 'https://www.imdb.com/name/nm4067896/?ref_=tt_cl_t_3')"
288,Olivia Côte,"('Olivia Côte', 'https://www.imdb.com/name/nm2015893/?ref_=tt_cl_t_4')"
289,Séram Borgel-Guez,"('Séram Borgel-Guez', 'https://www.imdb.com/name/nm13086186/?ref_=tt_cl_t_5')"
290,Jean-Jacques Scemama,"('Jean-Jacques Scemama', 'https://www.imdb.com/name/nm13133441/?ref_=tt_cl_t_6')"
291,Elliot Bloch,"('Elliot Bloch', 'https://www.imdb.com/name/nm13133443/?ref_=tt_cl_t_7')"
292,Yaniv Douieb,"('Yaniv Douieb', 'https://www.imdb.com/name/nm13133442/?ref_=tt_cl_t_8')"
293,Assia Saci,"('Assia Saci', 'https://www.imdb.com/name/nm13825187/?ref_=tt_cl_t_9')"
294,Manesca De Ternay,"('Manesca De Ternay', 'https://www.imdb.com/name/nm2528868/?ref_=tt_cl_t_10')"
295,Keshav Moodliar,"('Keshav Moodliar', 'https://www.imdb.com/name/nm9273319/?ref_=tt_cl_t_1')"
296,Dina Shihabi,"('Dina Shihabi', 'https://www.imdb.com/name/nm4140727/?ref_=tt_cl_t_2')"
297,Carlton Semple,"('Carlton Semple', 'https://www.imdb.com/name/nm13132882/?ref_=tt_cl_t_1')"
298,Blake Weireter,"('Blake Weireter', 'https://www.imdb.com/name/nm10728658/?ref_=tt_cl_t_2')"
299,Hadi Aghabozorgi,"('Hadi Aghabozorgi', 'https://www.imdb.com/name/nm10032904/?ref_=tt_cl_t_1')"
300,Shima Arabshahi,"('Shima Arabshahi', 'https://www.imdb.com/name/nm13212317/?ref_=tt_cl_t_2')"
301,Sedigheh Motlaq,"('Sedigheh Motlaq', 'https://www.imdb.com/name/nm13212314/?ref_=tt_cl_t_3')"
302,Akhtar Oliaei,"('Akhtar Oliaei', 'https://www.imdb.com/name/nm13212316/?ref_=tt_cl_t_4')"
303,Soheila Sotoodenia,"('Soheila Sotoodenia', 'https://www.imdb.com/name/nm13212315/?ref_=tt_cl_t_5')"
304,Amira Al Shanti,"('Amira Al Shanti', 'https://www.imdb.com/name/nm13190221/?ref_=tt_cl_t_1')"
305,Alexander Lindman,"('Alexander Lindman', 'https://www.imdb.com/name/nm2039260/?ref_=tt_cl_t_1')"
306,Hanna Bylund,"('Hanna Bylund', 'https://www.imdb.com/name/nm10220052/?ref_=tt_cl_t_2')"
307,Reed Birney,"('Reed Birney', 'https://www.imdb.com/name/nm0083714/?ref_=tt_cl_t_1')"
308,Lucy Owen,"('Lucy Owen', 'https://www.imdb.com/name/nm2543501/?ref_=tt_cl_t_2')"
309,Frank De Julio,"('Frank De Julio', 'https://www.imdb.com/name/nm2774571/?ref_=tt_cl_t_3')"
310,Michelle Wilson,"('Michelle Wilson', 'https://www.imdb.com/name/nm8979379/?ref_=tt_cl_t_4')"
311,Kristin Villanueva,"('Kristin Villanueva', 'https://www.imdb.com/name/nm3357805/?ref_=tt_cl_t_5')"
312,Brenda Simmons,"('Brenda Simmons', 'https://www.imdb.com/name/nm12984384/?ref_=tt_cl_t_6')"
313,Sandra Bowes,"('Sandra Bowes', 'https://www.imdb.com/name/nm2959285/?ref_=tt_cl_t_1')"
314,Anthony Easter,"('Anthony Easter', 'https://www.imdb.com/name/nm6733027/?ref_=tt_cl_t_2')"
315,Danielle Garza,"('Danielle Garza', 'https://www.imdb.com/name/nm8493647/?ref_=tt_cl_t_3')"
316,Ria Patel,"('Ria Patel', 'https://www.imdb.com/name/nm8887647/?ref_=tt_cl_t_4')"
317,Ashna Sharan,"('Ashna Sharan', 'https://www.imdb.com/name/nm7906675/?ref_=tt_cl_t_5')"
318,Jeanett Espedal,"('Jeanett Espedal', 'https://www.imdb.com/name/nm6798574/?ref_=tt_cl_t_1')"
319,Victor Lenas Jacobsson,"('Victor Lenas Jacobsson', 'https://www.imdb.com/name/nm7093274/?ref_=tt_cl_t_2')"
320,Yury Castañeda,"('Yury Castañeda', 'https://www.imdb.com/name/nm13098569/?ref_=tt_cl_t_1')"
321,Thiago Castaño,"('Thiago Castaño', 'https://www.imdb.com/name/nm13098568/?ref_=tt_cl_t_2')"
322,Juan David Ussa,"('Juan David Ussa', 'https://www.imdb.com/name/nm13098567/?ref_=tt_cl_t_3')"
323,Brett Aresco,"('Brett Aresco', 'https://www.imdb.com/name/nm7469051/?ref_=tt_cl_t_1')"
324,Joe Chan,"('Joe Chan', 'https://www.imdb.com/name/nm6667080/?ref_=tt_cl_t_2')"
325,Geoff Lee,"('Geoff Lee', 'https://www.imdb.com/name/nm0497301/?ref_=tt_cl_t_3')"
326,Rich Liu,"('Rich Liu', 'https://www.imdb.com/name/nm3922581/?ref_=tt_cl_t_4')"
327,Chris McGinn,"('Chris McGinn', 'https://www.imdb.com/name/nm0569341/?ref_=tt_cl_t_5')"
328,Hunter Goligoski,"('Hunter Goligoski', 'https://www.imdb.com/name/nm5047469/?ref_=tt_cl_t_1')"
329,Aiden Harvey,"('Aiden Harvey', 'https://www.imdb.com/name/nm13237983/?ref_=tt_cl_t_1')"
330,Sarah Hinze,"('Sarah Hinze', 'https://www.imdb.com/name/nm13237984/?ref_=tt_cl_t_2')"
331,Torean Thomas,"('Torean Thomas', 'https://www.imdb.com/name/nm4192869/?ref_=tt_cl_t_3')"
332,Jim Beaver,"('Jim Beaver', 'https://www.imdb.com/name/nm0064769/?ref_=tt_cl_t_1')"
333,Dale Soules,"('Dale Soules', 'https://www.imdb.com/name/nm0815831/?ref_=tt_cl_t_2')"
334,Cory Hardin,"('Cory Hardin', 'https://www.imdb.com/name/nm5450986/?ref_=tt_cl_t_3')"
335,Natasha Coppola-Shalom,"('Natasha Coppola-Shalom', 'https://www.imdb.com/name/nm4759582/?ref_=tt_cl_t_4')"
336,Carmen Roman,"('Carmen Roman', 'https://www.imdb.com/name/nm0739797/?ref_=tt_cl_t_5')"
337,Keegan Cushing,"('Keegan Cushing', 'https://www.imdb.com/name/nm13078530/?ref_=tt_cl_t_6')"
338,Keylie Cushing,"('Keylie Cushing', 'https://www.imdb.com/name/nm13078531/?ref_=tt_cl_t_7')"
339,Keith Lawing,"('Keith Lawing', 'https://www.imdb.com/name/nm13078532/?ref_=tt_cl_t_8')"
340,Paloma Albaladejo,"('Paloma Albaladejo', 'https://www.imdb.com/name/nm13256632/?ref_=tt_cl_t_1')"
341,Francesco Guzzo Magliocchi,"('Francesco Guzzo Magliocchi', 'https://www.imdb.com/name/nm13256634/?ref_=tt_cl_t_2')"
342,Niamh Murphy,"('Niamh Murphy', 'https://www.imdb.com/name/nm13256633/?ref_=tt_cl_t_3')"
343,Sheryl Sheinafia,"('Sheryl Sheinafia', 'https://www.imdb.com/name/nm4246356/?ref_=tt_cl_t_1')"
344,Verdi Solaiman,"('Verdi Solaiman', 'https://www.imdb.com/name/nm2681362/?ref_=tt_cl_t_2')"
345,Canti Tachril,"('Canti Tachril', 'https://www.imdb.com/name/nm11315277/?ref_=tt_cl_t_3')"
346,Adrian Zandri,"('Adrian Zandri', 'https://www.imdb.com/name/nm13135343/?ref_=tt_cl_t_4')"
347,Putricia Adelianti,"('Putricia Adelianti', 'https://www.imdb.com/name/nm11821425/?ref_=tt_cl_t_5')"
348,Daisy Cate,"('Daisy Cate', 'https://www.imdb.com/name/nm13134578/?ref_=tt_cl_t_1')"
349,Wycliffe De Dakta,"('Wycliffe De Dakta', 'https://www.imdb.com/name/nm12636953/?ref_=tt_cl_t_2')"
350,Kidee,"('Kidee', 'https://www.imdb.com/name/nm13134573/?ref_=tt_cl_t_3')"
351,Miss Blanco,"('Miss Blanco', 'https://www.imdb.com/name/nm13134574/?ref_=tt_cl_t_4')"
352,Newtone Morara,"('Newtone Morara', 'https://www.imdb.com/name/nm12636957/?ref_=tt_cl_t_5')"
353,Robert Nyangaresi,"('Robert Nyangaresi', 'https://www.imdb.com/name/nm13131536/?ref_=tt_cl_t_6')"
354,Derrick Ongwae,"('Derrick Ongwae', 'https://www.imdb.com/name/nm12636958/?ref_=tt_cl_t_7')"
355,El Razik,"('El Razik', 'https://www.imdb.com/name/nm12636955/?ref_=tt_cl_t_8')"
356,Sidni Sheldon,"('Sidni Sheldon', 'https://www.imdb.com/name/nm13134576/?ref_=tt_cl_t_9')"
357,Joseph Tom,"('Joseph Tom', 'https://www.imdb.com/name/nm13134495/?ref_=tt_cl_t_10')"
358,Arthur Margaryan,"('Arthur Margaryan', 'https://www.imdb.com/name/nm9629147/?ref_=tt_cl_t_1')"
359,Anna Climent,"('Anna Climent', 'https://www.imdb.com/name/nm13225553/?ref_=tt_cl_t_1')"
360,Emma Comas,"('Emma Comas', 'https://www.imdb.com/name/nm11185742/?ref_=tt_cl_t_2')"
361,Mònica Mas,"('Mònica Mas', 'https://www.imdb.com/name/nm13225554/?ref_=tt_cl_t_3')"
362,Gerardo Ortiz,"('Gerardo Ortiz', 'https://www.imdb.com/name/nm4963022/?ref_=tt_cl_t_1')"
363,Río Roma,"('Río Roma', 'https://www.imdb.com/name/nm1454141/?ref_=tt_cl_t_2')"
364,Dre Currie,"('Dre Currie', 'https://www.imdb.com/name/nm13174399/?ref_=tt_cl_t_1')"
365,Braylon Rasberry,"('Braylon Rasberry', 'https://www.imdb.com/name/nm13174400/?ref_=tt_cl_t_2')"
366,Zachary Brown,"('Zachary Brown', 'https://www.imdb.com/name/nm13174402/?ref_=tt_cl_t_3')"
367,Ellis Marie Brown,"('Ellis Marie Brown', 'https://www.imdb.com/name/nm13174401/?ref_=tt_cl_t_4')"
368,Patel Amer,"('Patel Amer', 'https://www.imdb.com/name/nm13168099/?ref_=tt_cl_t_1')"
369,Sumit Chakravarti,"('Sumit Chakravarti', 'https://www.imdb.com/name/nm6125219/?ref_=tt_cl_t_2')"
370,Kinhikar Ashwini Deole,"('Kinhikar Ashwini Deole', 'https://www.imdb.com/name/nm12625546/?ref_=tt_cl_t_3')"
371,Subhash Goswami,"('Subhash Goswami', 'https://www.imdb.com/name/nm3103538/?ref_=tt_cl_t_4')"
372,Ayushi Jain,"('Ayushi Jain', 'https://www.imdb.com/name/nm11307658/?ref_=tt_cl_t_5')"
373,Ruchika Jain,"('Ruchika Jain', 'https://www.imdb.com/name/nm10215818/?ref_=tt_cl_t_6')"
374,Eunike Margaretha Mokodompit,"('Eunike Margaretha Mokodompit', 'https://www.imdb.com/name/nm13088545/?ref_=tt_cl_t_1')"
375,Vonny Anggraini,"('Vonny Anggraini', 'https://www.imdb.com/name/nm10767734/?ref_=tt_cl_t_2')"
376,Fadlurahman Pratama,"('Fadlurahman Pratama', 'https://www.imdb.com/name/nm13088546/?ref_=tt_cl_t_3')"
377,Leah Hummel,"('Leah Hummel', 'https://www.imdb.com/name/nm10845733/?ref_=tt_cl_t_1')"
378,Tristin Hurst,"('Tristin Hurst', 'https://www.imdb.com/name/nm13063963/?ref_=tt_cl_t_2')"
379,Madeleine Kane,"('Madeleine Kane', 'https://www.imdb.com/name/nm12803528/?ref_=tt_cl_t_3')"
380,Norah Kaplan,"('Norah Kaplan', 'https://www.imdb.com/name/nm13064057/?ref_=tt_cl_t_4')"
381,Fozan Nemer,"('Fozan Nemer', 'https://www.imdb.com/name/nm13064056/?ref_=tt_cl_t_5')"
382,Dominique Toomey,"('Dominique Toomey', 'https://www.imdb.com/name/nm12677541/?ref_=tt_cl_t_6')"
383,Lynette Spano Vives,"('Lynette Spano Vives', 'https://www.imdb.com/name/nm12161917/?ref_=tt_cl_t_7')"
384,Mariachiara Di Mitri,"('Mariachiara Di Mitri', 'https://www.imdb.com/name/nm10406728/?ref_=tt_cl_t_1')"
385,Steven Kemps,"('Steven Kemps', 'https://www.imdb.com/name/nm11956777/?ref_=tt_cl_t_2')"
386,Lorenzo Sorbi,"('Lorenzo Sorbi', 'https://www.imdb.com/name/nm13132313/?ref_=tt_cl_t_3')"
387,Ella Becerra,"('Ella Becerra', 'https://www.imdb.com/name/nm4106042/?ref_=tt_cl_t_1')"
388,Oscar Cardona,"('Oscar Cardona', 'https://www.imdb.com/name/nm12281303/?ref_=tt_cl_t_2')"
389,Alejandra Chamorro,"('Alejandra Chamorro', 'https://www.imdb.com/name/nm5618743/?ref_=tt_cl_t_3')"
390,Edwin Muñoz,"('Edwin Muñoz', 'https://www.imdb.com/name/nm9290960/?ref_=tt_cl_t_4')"
391,Emmanuel Restrepo,"('Emmanuel Restrepo', 'https://www.imdb.com/name/nm7882365/?ref_=tt_cl_t_5')"
392,Cristian Ruiz,"('Cristian Ruiz', 'https://www.imdb.com/name/nm12281302/?ref_=tt_cl_t_6')"
393,Patricia Tamayo,"('Patricia Tamayo', 'https://www.imdb.com/name/nm1537033/?ref_=tt_cl_t_7')"
394,Aly Leff,"('Aly Leff', 'https://www.imdb.com/name/nm13197819/?ref_=tt_cl_t_1')"
395,Natasha Pharr,"('Natasha Pharr', 'https://www.imdb.com/name/nm13197818/?ref_=tt_cl_t_2')"
